<?xml version="1.0" encoding="UTF-8"?>
<!-- Foundation -->
<window>
    <defaultcontrol always="true">11</defaultcontrol>
    <controls>
    
        <control type="group">
            <visible>!Window.IsActive(DialogPVRGuideInfo.xml)</visible>
            <animation effect="slide" start="-668" end="0" time="150" tween="quadratic">Visible</animation>
            <animation effect="slide" start="-668" end="0" time="150" tween="quadratic">WindowOpen</animation>
            <animation effect="slide" end="-668" start="0" time="150" tween="quadratic">Hidden</animation>
            <animation effect="slide" end="-668" start="0" time="150" tween="quadratic">WindowClose</animation>
            <control type="image">
                <left>370</left>
                <top>100</top>
                <bottom>24</bottom>
                <width>1150</width>
				<height>740</height>
                <bordersize>24</bordersize>
                <bordertexture border="24">common/24-shadow.png</bordertexture>
                <texture border="5" colordiffuse="DialogBG">common/white.png</texture>
            </control>
            <control type="image">
                <left>370</left>
                <top>100</top>  
                <width>128</width>
                <height>128</height>
                <texture colordiffuse="ListLabel">special://skin/extras/icons/livetv.png</texture>
            </control>
            <control type="label">
                <left>750</left>
                <top>150</top>
                <width>400</width>
                <height>70</height>
                <align>center</align>
                <font>Font-WidgetInfoTitle2</font>
                <label>$INFO[VideoPlayer.ChannelGroup]</label>
            </control>
            <control type="label">
                <left>1050</left>
                <top>125</top>
                <height>70</height>
                <width>400</width>
                <align>right</align>
                <font>Font-Sublabel</font>
                <label> $INFO[Container(11).NumItems,,  $LOCALIZE[19019]]</label>
            </control>

            <control type="list" id="11">
                <left>400</left>
                <top>220</top>
                <height>580</height>
                <width>1450</width>
                <onleft>PreviousChannelGroup</onleft>
                <onright>NextChannelGroup</onright>
                <orientation>vertical</orientation>
                <itemlayout height="120" width="870">
                    <control type="image">
                        <left>900</left>
                        <top>12</top>  
                        <width>85</width>
                        <height>85</height>
                        <texture>$INFO[ListItem.Thumb]</texture>
                        <aspectratio>keep</aspectratio>
                    </control>
                    <control type="label">
                        <left>1000</left>
                        <width>70</width>
                        <height>70</height>
                        <align>right</align>
                        <label>$INFO[ListItem.ChannelNumber]</label>
                    </control>
                    <control type="progress">
                        <left>20</left>
                        <top>78</top>
                        <width>80</width>
                        <height>8</height>
                        <reveal>true</reveal>
                        <info>ListItem.Progress</info>
                        <lefttexture colordiffuse="$VAR[HighlightColor2]">osd/progress-end.png</lefttexture>
                        <midtexture colordiffuse="$VAR[HighlightColor2]">osd/progress-end.png</midtexture>
                    </control>
                    <control type="label">
                        <left>350</left>
                        <height>90</height>
                        <width>500</width>
                        <align>right</align>
                        <textcolor>ListLabel</textcolor>
                        <label>$INFO[ListItem.ChannelName]</label>
                    </control>
                    <control type="label">
                        <left>130</left>
                        <top>40</top>
                        <width>400</width>
                        <height>70</height>
                        <align>left</align>
                        <font>Font-ListInfo</font>
                        <textcolor>ListLabel</textcolor>
                        <label>$INFO[ListItem.Title]</label>
                    </control>
                </itemlayout>
                <focusedlayout height="120" width="870">
                    <control type="image">
                        <width>1090</width>
                        <posx>0</posx>
                        <height>109</height>
                        <texture colordiffuse="$VAR[HighlightColor]">common/white.png</texture>
                    </control>
                    <control type="image">
                        <left>900</left>
                        <top>12</top>  
                        <width>85</width>
                        <height>85</height>
                        <texture>$INFO[ListItem.Thumb]</texture>
                        <aspectratio>keep</aspectratio>
                    </control>
                    <control type="label">
                        <left>1000</left>
                        <width>70</width>
                        <height>70</height>
                        <align>right</align>
                        <label>$INFO[ListItem.ChannelNumber]</label>
                    </control>
                    <control type="progress">
                        <left>20</left>
                        <top>78</top>
                        <width>80</width>
                        <height>8</height>
                        <reveal>true</reveal>
                        <info>ListItem.Progress</info>
                        <lefttexture colordiffuse="$VAR[HighlightColor2]">osd/progress-end.png</lefttexture>
                        <midtexture colordiffuse="$VAR[HighlightColor2]">osd/progress-end.png</midtexture>
                    </control>
                    <control type="label">
                        <left>350</left>
                        <height>90</height>
                        <width>500</width>
                        <align>right</align>
                        <textcolor>ListLabel</textcolor>
                        <label>$INFO[ListItem.ChannelName]</label>
                    </control>
                    <control type="label">
                        <left>130</left>
                        <top>40</top>
                        <width>400</width>
                        <height>70</height>
                        <align>left</align>
                        <font>Font-ListInfo</font>
                        <textcolor>ListLabel</textcolor>
                        <label>$INFO[ListItem.Title]</label>
                    </control>
                </focusedlayout>
            
            </control>
        </control>
    </controls>

</window>
