<?xml version="1.0" encoding="UTF-8"?>
<window>
    <!-- volumebar -->
    <controls>

        <control type="group">
            <animation type="WindowOpen">
                <effect type="slide" start="0,-32" end="0" time="200" tween="quadratic" />
                <effect type="fade" start="0" end="100" time="200" />
            </animation>
            <animation type="WindowClose">
                <effect type="fade" end="0" start="100" time="200" />
            </animation>
            <control type="image"><!-- אייקון  ווליום קבוע -->
                <posx>1815</posx>
                <posy>-5</posy>
                <width>100</width>
                <height>100</height>
                <texture>progress/volume-back.png</texture>
                <aspectratio align="center" aligny="center">keep</aspectratio>
            </control>
            <control type="image"><!-- אייקון ווליום מסתובב -->
                <posx>1815</posx>
                <posy>-5</posy>
                <width>100</width>
                <height>100</height>    
                <texture>$INFO[Control.GetLabel(1),progress/circle/p,.png]</texture>
                <aspectratio align="center" aligny="center">keep</aspectratio>
            </control>
            <!--<control type="label"> כיתוב 
                <posx>1784</posx>
                <posy>115</posy>
                <width>184</width>
                <aligny>top</aligny>
                <font>Font-Sublabel</font>
                <align>center</align>
                <textcolor>HomeBarFG</textcolor>
                <label>$INFO[Player.Volume]</label>
            </control>-->
            <control type="progress" id="1">
                <info>Player.Volume</info>
                <animation effect="fade" end="0" condition="true">Conditional</animation>
            </control>

        </control>

    </controls>

</window>