<?xml version="1.0" encoding="UTF-8"?>
<window>
	<!-- visualisation -->
	<defaultcontrol>-</defaultcontrol>
	<onload condition="System.HasAddon(script.artistslideshow)">RunScript(script.artistslideshow)</onload>
	<controls>

	<control type="visualisation" id="2">
<!-- Me בחירת תצוגת מוזיקה--> 	
            <visible>Skin.HasSetting(OSDVisualisation.ShowFanart) | [!Skin.HasSetting(musicvis.fanartfallback) + [!System.HasAddon(script.artistslideshow) | !Skin.String(MusicVisualisation, artistslideshow)]] | [Skin.String(MusicVisualisation, fanart) + [!System.HasAddon(script.artistslideshow) | !Skin.String(MusicVisualisation, artistslideshow)] + IsEmpty(Player.Art(fanart))]</visible>
            <description>visualisation</description>
            <include>Dimensions_Fullscreen</include>
        </control>
        <control type="image">
            <aspectratio>scale</aspectratio>
            <include>Dimensions_Fullscreen</include>
            <texture background="true">$INFO[Player.Art(fanart)]</texture>
<!-- Me בחירת תצוגת מוזיקה-->            
            <visible>IsEmpty(Skin.String(MusicVisualisation)) | Skin.String(MusicVisualisation, fanart)</visible>
            <visible>!IsEmpty(Player.Art(fanart))</visible>
            <animation effect="fade" start="100" end="65" time="0" condition="Skin.HasSetting(OSDVisualisation.ShowFanart)">Conditional</animation>
            <animation effect="zoom" start="110" end="130" center="auto" time="10000" tween="sine" easing="inout" pulse="true" condition="Skin.HasSetting(ArtistSlideshow.Animate)">Conditional</animation>
            <animation effect="slide" start="-30,-30" end="30,30" time="6000" tween="sine" easing="inout" pulse="true" condition="Skin.HasSetting(ArtistSlideshow.Animate)">Conditional</animation>
        </control>
        <control type="multiimage">
            <aspectratio>scale</aspectratio>
            <include>Dimensions_Fullscreen</include>
            <timeperimage>10000</timeperimage>
            <randomize>true</randomize>
            <fadetime>600</fadetime>
            <loop>yes</loop>
            <imagepath background="true">$INFO[Window(Visualisation).Property(ArtistSlideshow)]</imagepath>
<!-- Me בחירת תצוגת מוזיקה-->            
            <visible>System.HasAddon(script.artistslideshow) + Skin.String(MusicVisualisation, artistslideshow)</visible>
            <animation effect="fade" start="100" end="65" time="0" condition="Skin.HasSetting(OSDVisualisation.ShowFanart)">Conditional</animation>
            <animation effect="zoom" start="110" end="130" center="auto" time="10000" tween="sine" easing="inout" pulse="true" condition="Skin.HasSetting(ArtistSlideshow.Animate)">Conditional</animation>
            <animation effect="slide" start="-30,-30" end="30,30" time="6000" tween="sine" easing="inout" pulse="true" condition="Skin.HasSetting(ArtistSlideshow.Animate)">Conditional</animation>
        </control>

       <!-- Me בחירת תצוגת מוזיקה-->           
        <control type="group">
            <visible>Skin.String(MusicVisualisation, albumswall)</visible>
            <control type="panel" id="9032">
                <left>0</left>
                <top>0</top>
                <width>1920</width>
                <height>1080</height>
                <viewtype label="Wall">icons</viewtype>
                <onleft>9032</onleft>
                <onright>9032</onright>
                <onup>9032</onup>
                <ondown>9032</ondown>
                <movement>6</movement>
                <pagecontrol>60</pagecontrol>
                <scrolltime tween="cubic" easing="inout">600</scrolltime>
                <orientation>vertical</orientation>
                <preloaditems>2</preloaditems>
                <itemlayout height="192" width="192">
                    <control type="image">
                        <animation effect="fade" start="100" end="65" time="0" condition="Skin.HasSetting(OSDVisualisation.ShowFanart) + Visualisation.Enabled">Conditional</animation>
                        <left>0</left>
                        <top>0</top>
                        <width>192</width>
                        <height>192</height>
                        <aspectratio>scale</aspectratio>
                        <texture background="true">$INFO[ListItem.Icon]</texture>
                        <fadetime>400</fadetime>
                    </control>
                </itemlayout>
                <focusedlayout height="192" width="192">
                    <control type="image">
                        <animation effect="fade" start="100" end="65" time="0" condition="Skin.HasSetting(OSDVisualisation.ShowFanart) + Visualisation.Enabled">Conditional</animation>
                        <left>0</left>
                        <top>0</top>
                        <width>192</width>
                        <height>192</height>
                        <aspectratio>stretch</aspectratio>
                        <texture background="true">$INFO[ListItem.Icon]</texture>
                        <fadetime>400</fadetime>
                    </control>
                </focusedlayout>
                <content>special://skin/extras/playlists/AlbumWall.xsp</content>
            </control>
        </control>        

       <!-- Me Cd Music -->        		
		<control type="group"> <!--OnScreen Info-->
			<left>0</left>
			<top>480</top>
            <visible>!Skin.HasSetting(Hide.PlaybackInfos) + [Player.ShowInfo | Window.IsActive(MusicOSD)] + ![Window.IsVisible(AddonSettings) | Window.IsVisible(SelectDialog) | Window.IsVisible(VisualisationPresetList)]</visible>
			<include>VisibleFadeEffect</include>
			<include>Window_OpenClose_Animation</include>
			<control type="image"> <!--Set Panel-->
				<top>10</top>
				<width>1920</width>
				<height>480</height>
				<texture colordiffuse="FanartFade">common/white.png</texture>
			</control>
			<control type="group"> <!-הבא-->
				<right>48</right>				
				<top>54</top>
				<width>227</width>
				<height>352</height>
				<control type="label">
					<height>40</height>
					<top>-10</top>
					<right>140</right>
					<font>Font-Header-He_Music_5</font>					
					<align>center</align>
					<textcolor>ListLabel</textcolor>
					<label>$LOCALIZE[19031] • • • </label>
					<visible>!IsEmpty(MusicPlayer.offset(1).Title)</visible>					
				</control>
				<!--<control type="image"> קופסה פנימית קטן 
					<left>22</left>
					<top>41</top>
					<width>200</width>
					<height>200</height>
					<texture>osd/cdinside.png</texture>
					<visible>!IsEmpty(MusicPlayer.offset(1).Title)</visible>
				</control>-->
				<!--<control type="image">
					<left>26</left>
					<top>45</top>
					<width>192</width>
					<height>192</height>
					<aligny>top</aligny>
					<aspectratio align="left">keep</aspectratio>
					<fadetime>300</fadetime>
					<texture background="true" fallback="osd/cd.png">$INFO[Skin.String(musiccdart.location)]$INFO[MusicPlayer.offset(1).Artist]$INFO[MusicPlayer.offset(1).Album,/,.png]</texture>
				</control>-->
				<!--<control type="image"> פוסטר קטן 
					<left>22</left>
					<top>41</top>
					<width>200</width>
					<height>200</height>
					<texture>$INFO[MusicPlayer.offset(1).Cover]</texture>
					<visible>!Substring(MusicPlayer.offset(1).Cover,DefaultAlbumCover.png)</visible>
				</control>-->
				<control type="image"><!-- פטיפון -->
					<top>-66</top>
					<right>16</right>
					<width>400</width>
					<height>494</height>
					<height>329</height>					
					<aspectratio align="right">keep</aspectratio>
					<texture>osd/boxplaycd.png</texture>
					<visible>!IsEmpty(MusicPlayer.offset(1).Title)</visible>
				</control>
                <control type="image"><!-- דיסק מסתובב קטן -->
					<right>355</right>
					<top>38</top>
					<width>270</width>
					<height>270</height>
					<aligny>top</aligny>
					<aspectratio align="left">keep</aspectratio>
					<fadetime>300</fadetime>
					<animation effect="slide" end="240,0" time="1500" reverisble="true" condition="!StringCompare(MusicPlayer.Cover,DefaultAlbumCover.png)">Conditional</animation>
					<animation effect="slide" end="0,0" reverisble="true" time="1500" condition="StringCompare(MusicPlayer.Cover,DefaultAlbumCover.png)">Conditional</animation>
					<animation effect="rotate" end="-360" center="auto" time="4800" loop="true" reversible="false" condition="!Player.Paused">Conditional</animation>
					<texture background="true" fallback="osd/cd01.png">$INFO[Skin.String(musiccdart.location)]$INFO[MusicPlayer.Artist]$INFO[MusicPlayer.Album,/,.png]</texture>
				</control>
				<control type="grouplist"><!-- פרטי השיר הבא ומידע כללי -->
					<top>337</top>
					<height>100</height>
					<right>40</right>
					<itemgap>5</itemgap>
					<control type="label">
						<height>20</height>
						<font>Font-Header-He_Music_6</font>
						<textcolor>ListLabel</textcolor>
						<align>right</align>
						<aligny>top</aligny>
						<scroll>true</scroll>
						<label>$INFO[MusicPlayer.offset(1).Title]</label>
					</control>
					<control type="label">
						<height>20</height>
						<font>Font-Header-He_Music_6</font>
						<textcolor>ListLabel</textcolor>
						<align>right</align>
						<aligny>top</aligny>
						<scroll>true</scroll>
						<label>[B][UPPERCASE]$INFO[MusicPlayer.offset(1).Artist,][/UPPERCASE][/B]</label>
					</control>
					<control type="label">
						<height>60</height>
						<font>Font-Header-He_Music_6</font>
						<textcolor>$VAR[HighlightColor2]</textcolor>
						<align>right</align>
						<aligny>top</aligny>
						<scroll>true</scroll>
						<wrapmultiline>true</wrapmultiline>
						<label>[I]$INFO[MusicPlayer.offset(1).Album,][/I]</label>
					</control>
				</control>
			</control>
			<control type="group"> <!--Song Info Panel--> 
				<left>297</left>
				<top>60</top>
				<width>810</width>
				<height>410</height>
				<control type="image">
					<left>820</left>
					<top>270</top>
					<width>300</width>
					<height>117</height>
					<aspectratio>keep</aspectratio>
					<texture border="5" background="true">$INFO[Skin.String(artworklocation)]$INFO[MusicPlayer.Artist,,/logo.png]</texture>
				</control>
				<control type="image">
					<left>669</left>
					<top>303</top>
					<width>130</width>
					<aspectratio align="left">keep</aspectratio>
					<texture colordiffuse="LineLabel" fallback="indicator/fallback.png">$INFO[MusicPlayer.Codec,indicator/audio/,.png]</texture>
				</control>
				<control type="label"> <!--שם האומן-->
					<height>80</height>
					<font>Font-Header-He_Music_3</font>
					<align>right</align>	
					<textoffsetx>-80</textoffsetx>
					<textcolor>ListLabel</textcolor>
					<scroll>true</scroll>
					<scrollsuffix>   •   </scrollsuffix>
					<label>$INFO[MusicPlayer.Artist]</label>
				</control>	
				<control type="grouplist">
					<top>90</top>
					<width>813</width>
					<height>450</height>
					<itemgap>10</itemgap>			
					<control type="label">
						<height>40</height>
						<align>right</align>
						<aligny>top</aligny>
						<font>Font-Header-He3</font>
						<textoffsetx>13</textoffsetx>
						<textcolor>ListLabel</textcolor>
						<scroll>true</scroll>
						<scrollsuffix>   •   </scrollsuffix>
						<label>[COLOR=$VAR[HighlightColor2]][I]$INFO[MusicPlayer.Album][/I][/COLOR]$INFO[MusicPlayer.Year,  • ,]</label>
					</control>
					<control type="label">
						<height>21</height>
						<label>-</label>
					</control>
					<control type="label"><!-- מספר השיר ושם השיר -->
						<height>40</height>
						<font>Font-Header-He3</font>
						<align>right</align>
						<textoffsetx>10</textoffsetx>
						<textcolor>ListLabel</textcolor>
						<scroll>true</scroll>
						<scrollsuffix>   •   </scrollsuffix>
						<label>[COLOR=$VAR[HighlightColor2]]$INFO[MusicPlayer.TrackNumber,,. ][/COLOR]$INFO[Player.Title]</label>
					</control>
					<control type="label">
						<height>40</height>
						<label>-</label>
					</control>
					<control type="label">
						<height>50</height>
						<align>right</align>
						<font>Font-Header-He_Music_4</font>
						<textcolor>ListLabel</textcolor>
						<textoffsetx>13</textoffsetx>
						<label>$INFO[Player.Time][COLOR=$VAR[HighlightColor2]] / [/COLOR]$INFO[Player.Duration]</label>
					</control>
					<control type="label">
						<width>667</width>
						<height>50</height>
						<font>Font-Music2</font>
						<align>right</align>
						<textcolor>ListLabel</textcolor>
						<label>[COLOR=$VAR[HighlightColor2]]$INFO[MusicPlayer.Bitrate][/COLOR] kbps  [COLOR=$VAR[HighlightColor2]]$INFO[MusicPlayer.Samplerate][/COLOR] kHz   [CR][COLOR=$VAR[HighlightColor2]]$INFO[MusicPlayer.BitsPerSample][/COLOR] Bits  [COLOR=$VAR[HighlightColor2]]$INFO[MusicPlayer.Channels][/COLOR] $LOCALIZE[31528]   </label>
					</control>
				</control>
			</control>
			<control type="group"> <!-- CD Art Display -->
				<right>1180</right>
				<top>0</top>
				<!--<control type="image">
					<right>78</right>
					<width>500</width>
					<height>500</height>
					<aspectratio align="right">keep</aspectratio>
					<texture>osd/cdinside.png</texture>
				</control>-->
				<control type="image"><!-- דיסק מסתובב גדול -->
					<left>-120</left>
					<top>-235</top>
					<width>500</width>
					<height>500</height>
					<aligny>top</aligny>
					<aspectratio align="left">keep</aspectratio>
					<fadetime>300</fadetime>
					<animation effect="slide" end="240,0" time="1500" reverisble="true" condition="!StringCompare(MusicPlayer.Cover,DefaultAlbumCover.png)">Conditional</animation>
					<animation effect="slide" end="0,0" reverisble="true" time="1500" condition="StringCompare(MusicPlayer.Cover,DefaultAlbumCover.png)">Conditional</animation>
					<animation effect="rotate" end="-360" center="auto" time="4800" loop="true" reversible="false" condition="!Player.Paused">Conditional</animation>
					<!--<texture background="true" fallback="osd/cd.png">$INFO[Player.FolderPath]cdart.png</texture>-->
					<texture background="true" fallback="osd/cd.png">$INFO[Skin.String(musiccdart.location)]$INFO[MusicPlayer.Artist]$INFO[MusicPlayer.Album,/,.png]</texture>
				</control>
				<control type="label">
					<left>226</left>
					<top>235</top>
					<width>400</width>
					<height>40</height>
					<angle>270</angle>
					<align>center</align>
					<font>Font-Music2</font>
					<textcolor>ListLabel</textcolor>
					<label>[UPPERCASE]$INFO[MusicPlayer.Property(Album_Label)]  [/UPPERCASE]</label>
				</control>
         	    <control type="image"><!-- עטיפת דיסק -->
					<left>90</left>
					<top>-10</top>
					<width>566</width>
					<height>520</height>
	                <fadetime>200</fadetime>
	                <texture fallback="DefaultAudio.png" diffuse="osd/cdcase.png" background="true">$INFO[MusicPlayer.Cover]</texture>
                 	<aspectratio align="left">keep</aspectratio>
             	</control>
            	<control type="image"><!-- reflexo -->
					<width>545</width>
					<left>100</left>
					<height>500</height>
	                <fadetime>200</fadetime>
                	<texture flipy="true" fallback="DefaultAudio.png" diffuse="osd/thumb_reflect.png" background="true">$INFO[MusicPlayer.Cover]</texture>
                	<aspectratio align="left" aligny="top">keep</aspectratio>
	           </control>
			</control>
		</control>		

	</controls>

</window>