<?xml version="1.0" encoding="utf-8" standalone="yes"?>
<colors>
  <color name="">ffe8e8e8</color>
  <color name="">fff7d6d4</color>
  <color name="">fffce1d0</color>
  <color name="">ffebe2da</color>
  <color name="">fffbfbd6</color>
  <color name="">ffdeefd8</color>
  <color name="">ffd5f6d8</color>
  <color name="">ffd2ece4</color>
  <color name="">ffddf3f3</color>
  <color name="">ffd5e8f2</color>
  <color name="">ffd6dfed</color>
  <color name="">ffe5dced</color>
  <color name="">ffedd2e1</color>
  <color name="">fff8e5ea</color>
  <color name="">ffd1d1d1</color>
  <color name="">ffefada9</color>
  <color name="">fff9c3a2</color>
  <color name="">ffd8c5b6</color>
  <color name="">fff7f7ad</color>
  <color name="">ffbcdfb1</color>
  <color name="">ffabecb1</color>
  <color name="">ffa5d8c9</color>
  <color name="">ffbae7e7</color>
  <color name="">ffabd1e5</color>
  <color name="">ffaebedc</color>
  <color name="">ffcbb9da</color>
  <color name="">ffdba4c3</color>
  <color name="">fff2ccd5</color>
  <color name="">ffbababa</color>
  <color name="">ffe7847f</color>
  <color name="">fff6a673</color>
  <color name="">ffc4a891</color>
  <color name="">fff4f483</color>
  <color name="">ff9bd08a</color>
  <color name="">ff80e389</color>
  <color name="">ff78c5ae</color>
  <color name="">ff98dcdc</color>
  <color name="">ff81bad8</color>
  <color name="">ff859ecb</color>
  <color name="">ffb096c8</color>
  <color name="">ffca76a6</color>
  <color name="">ffecb2c0</color>
  <color name="">ffa4a4a4</color>
  <color name="">ffdf5b54</color>
  <color name="">fff38844</color>
  <color name="">ffb08b6c</color>
  <color name="">fff0f05a</color>
  <color name="">ff7ac063</color>
  <color name="">ff56da62</color>
  <color name="">ff4ab293</color>
  <color name="">ff76d0d0</color>
  <color name="">ff57a4cb</color>
  <color name="">ff5d7eba</color>
  <color name="">ff9673b6</color>
  <color name="">ffb84988</color>
  <color name="">ffe699ab</color>
  <color name="">ff8d8d8d</color>
  <color name="">ffd73229</color>
  <color name="">fff16a15</color>
  <color name="">ff9d6e48</color>
  <color name="">ffeded31</color>
  <color name="">ff59b03c</color>
  <color name="">ff2cd13b</color>
  <color name="">ff1d9f78</color>
  <color name="">ff54c4c4</color>
  <color name="">ff2d8dbe</color>
  <color name="">ff345da9</color>
  <color name="">ff7c50a4</color>
  <color name="">ffa71b6a</color>
  <color name="">ffe07f96</color>
  <color name="">ff727272</color>
  <color name="">ffaf2820</color>
  <color name="">ffc55610</color>
  <color name="">ff7f5939</color>
  <color name="">ffc1c127</color>
  <color name="">ff479030</color>
  <color name="">ff23ab2f</color>
  <color name="">ff168161</color>
  <color name="">ff43a0a0</color>
  <color name="">ff23729b</color>
  <color name="">ff294b89</color>
  <color name="">ff654085</color>
  <color name="">ff881556</color>
  <color name="">ffb7677a</color>
  <color name="">ff575757</color>
  <color name="">ff851e19</color>
  <color name="">ff95410c</color>
  <color name="">ff61442c</color>
  <color name="">ff92921d</color>
  <color name="">ff366d24</color>
  <color name="">ff1a8124</color>
  <color name="">ff11624a</color>
  <color name="">ff337979</color>
  <color name="">ff1b5776</color>
  <color name="">ff1f3968</color>
  <color name="">ff4c3165</color>
  <color name="">ff671041</color>
  <color name="">ff8a4e5c</color>
  <color name="">ff3b3b3b</color>
  <color name="">ff5a1511</color>
  <color name="">ff652c08</color>
  <color name="">ff422e1e</color>
  <color name="">ff636314</color>
  <color name="">ff254a19</color>
  <color name="">ff125818</color>
  <color name="">ff0c4232</color>
  <color name="">ff235252</color>
  <color name="">ff123b50</color>
  <color name="">ff152747</color>
  <color name="">ff342145</color>
  <color name="">ff460b2c</color>
  <color name="">ff5e353f</color>
  <color name="">ff181818</color>
  <color name="">ff300b09</color>
  <color name="">ff351805</color>
  <color name="">ff231810</color>
  <color name="">ff35350b</color>
  <color name="">ff14270d</color>
  <color name="">ff0a2e0d</color>
  <color name="">ff06231b</color>
  <color name="">ff132c2c</color>
  <color name="">ff0a1f2a</color>
  <color name="">ff0b1525</color>
  <color name="">ff1c1224</color>
  <color name="">ff250618</color>
  <color name="">ff321c21</color>
</colors>