<?xml version="1.0" encoding="UTF-8"?>
<includes>

    <variable name="Label_PlayerControl_Header">
        <value condition="!IsEmpty(MusicPlayer.Artist)">$INFO[MusicPlayer.Artist]</value>
        <value>$INFO[VideoPlayer.Title]</value>
    </variable>
    
    <variable name="Label_PlayerControl_SubHeader">
        <value condition="!IsEmpty(MusicPlayer.Title)">$INFO[MusicPlayer.Title]</value>
        <value condition="VideoPlayer.Content(LiveTV)">$INFO[VideoPlayer.ChannelNumber,,. ]$INFO[VideoPlayer.ChannelName]</value>
        <value condition="!IsEmpty(VideoPlayer.TvShowTitle)">$INFO[VideoPlayer.TvShowTitle]</value>
        <value>$INFO[VideoPlayer.Year]</value>
    </variable>

    <variable name="Label_PlayerControl_ByLine">
        <value condition="!IsEmpty(MusicPlayer.Album)">$INFO[MusicPlayer.Album]</value>
        <value condition="VideoPlayer.Content(LiveTV)">$INFO[VideoPlayer.StartTime,, - ]$INFO[VideoPlayer.EndTime]</value>
        <value condition="!IsEmpty(VideoPlayer.Episode)">$INFO[VideoPlayer.Season,Season ,  ]$INFO[VideoPlayer.Episode,Episode ,]</value>
        <value>$INFO[VideoPlayer.Director]</value>
    </variable>
    
    <variable name="Label_ShortcutsWidget">
        <value condition="!IsEmpty(Container(211).ListItem.Property(widgetName))">$INFO[Container(211).ListItem.Property(widgetName)]</value>
        <value condition="!IsEmpty(Container(211).ListItem.Property(background))">$LOCALIZE[31188]</value>
        <value>$LOCALIZE[31147]$INFO[Skin.String(home.fallbackwidget.name), (,)]</value>
    </variable>

    <variable name="Label_ImageList">
        <value condition="!IsEmpty(ListItem.Property(job))">$INFO[ListItem.Property(job)]</value>
        <value condition="!IsEmpty(ListItem.Property(character))">$INFO[ListItem.Property(character)]</value>
        <value>$INFO[ListItem.Property(Addon.Summary)]</value>
    </variable>

    <variable name="Label_SeekStep">
        <value condition="!IsEmpty(Player.SeekStepSize)">$INFO[Player.SeekStepSize]</value>
        <value condition="!IsEmpty(Player.SeekOffset)">$INFO[Player.SeekOffset]</value>
        <value>$INFO[Player.SeekTime]</value>
    </variable>

    <variable name="Label_OverlayPlot">
        <value condition="!IsEmpty(Window(home).Property(SkinHelper.MovieSet.ExtendedPlot)) + [Container.Content(Sets) | substring(ListItem.Path,videodb://movies/sets,left)]">$INFO[Window(home).Property(SkinHelper.MovieSet.ExtendedPlot)]</value>
        <value condition="!IsEmpty(Window(home).Property(Set.Movies.ExtendedPlot)) + [Container.Content(Sets) | substring(ListItem.Path,videodb://movies/sets,left)]">$INFO[Window(home).Property(Set.Movies.ExtendedPlot)]</value>
        <value condition="!IsEmpty(ListItem.Property(Artist_Description))">$INFO[ListItem.Property(Artist_Description)]</value>
        <value condition="!IsEmpty(ListItem.Property(Album_Description))">$INFO[ListItem.Property(Album_Description)]</value>
        <value condition="!IsEmpty(ListItem.Property(Addon.Description))">$INFO[ListItem.Property(Addon.Description)]</value>
        <value condition="Container.Content(songs)">$INFO[ListItem.Artist,[B],[/B][CR]]$INFO[ListItem.Album]$INFO[ListItem.Year,  (,)]</value>
        <value condition="Container.Content(episodes)">$INFO[ListItem.Title,[B],[/B][CR][CR],]$INFO[ListItem.Plot]</value>
        <value>$INFO[ListItem.Tagline,[B],[/B][CR][CR]]$INFO[ListItem.Plot]</value>
    </variable>

    <variable name="Label_OverlayTitle">
        <value condition="[Container.Content(episodes) | Container.Content(seasons)] + !IsEmpty(ListItem.TvShowTitle)">$INFO[ListItem.TvShowTitle]</value>
        <value>$INFO[ListItem.Label]</value>
    </variable>

    <variable name="Label_Plot">
        <value condition="ListItem.IsCollection">$INFO[Window(Home).Property(SkinHelper.MovieSet.Title)]</value>
        <value>$INFO[ListItem.Plot]</value>
    </variable>

    <variable name="Label_HeaderDirector">
        <value condition="VideoPlayer.Content(episodes)">$INFO[VideoPlayer.TvShowTitle]</value>
        <value condition="!VideoPlayer.Content(episodes)">$INFO[VideoPlayer.Director]</value>
    </variable>

    <variable name="Label_ExtraInfo">
        <value condition="!IsEmpty(ListItem.MPAA) + !IsEmpty(ListItem.Duration) + !Control.IsVisible(51)">$INFO[ListItem.MPAA,,  •  ]$INFO[ListItem.Duration,, $LOCALIZE[31117]]</value>
        <value condition="!IsEmpty(ListItem.MPAA) + !Control.IsVisible(51)">$INFO[ListItem.MPAA]</value>
        <value condition="!IsEmpty(ListItem.Duration)">$INFO[ListItem.Duration,, $LOCALIZE[31117]]</value>
    </variable>

    <variable name="Label_ExtraInfo_Icons">
        <value condition="Container.Content(seasons)">$INFO[ListItem.Year,,  •  ]$INFO[ListItem.Episode,, $LOCALIZE[20360]]</value>
        <value condition="!ListItem.IsCollection + Container.Content(movies)">$INFO[ListItem.Year,,  •  ] $INFO[ListItem.Rating]  •  $VAR[Label_ExtraInfo,,]</value>
        <value condition="!ListItem.IsCollection + !Container.Content(movies)">$INFO[ListItem.Rating]  •  $INFO[ListItem.Premiered,,]  •  $VAR[Label_ExtraInfo,,]</value>
        <value condition="ListItem.IsCollection">$INFO[Window(Home).Property(SkinHelper.MovieSet.Count),, $LOCALIZE[20342]  •  ]$INFO[Window(Home).Property(SkinHelper.MovieSet.Year)]</value>
    </variable>

    <variable name="Label_ExtendedInfo_InfoLine">
        <value condition="StringCompare(Window.Property(content),150) + Window.IsVisible(script-ExtendedInfo Script-DialogInfo.xml)">$ADDON[script.extendedinfo 32010]</value>
        <value condition="StringCompare(Window.Property(content),150) + Window.IsVisible(script-ExtendedInfo Script-DialogVideoInfo.xml)">$LOCALIZE[31107]</value>
        <value condition="StringCompare(Window.Property(content),1000)">$LOCALIZE[206]</value>
        <value condition="StringCompare(Window.Property(content),250)">$ADDON[script.extendedinfo 32031]</value>
        <value condition="StringCompare(Window.Property(content),350)">$ADDON[script.extendedinfo 32118]</value>
        <value condition="StringCompare(Window.Property(content),850)">$LOCALIZE[135]</value>
        <value condition="StringCompare(Window.Property(content),950)">$ADDON[script.extendedinfo 32114]</value>
        <value condition="StringCompare(Window.Property(content),550) | StringCompare(Window.Property(content),750)">$ADDON[script.extendedinfo 32115]</value>
        <value>$LOCALIZE[19033]</value>
    </variable>

    <variable name="Label_Tagline">
        <value condition="Container.Content(episodes)">$INFO[ListItem.Season]$INFO[ListItem.Episode,x,. ]$INFO[ListItem.Title]$INFO[ListItem.Premiered,  [COLOR=LineLabel],[/COLOR]]</value>
        <value condition="!IsEmpty(ListItem.Tagline)">$INFO[ListItem.Tagline]</value>
        <value condition="IsEmpty(ListItem.Tagline)">$LOCALIZE[19033]</value>
    </variable>

    <variable name="Label_Label3">
        <!-- Songs -->
        <value condition="Container.Content(songs)">$INFO[ListItem.Label2]</value>

        <!-- Recently Added -->
        <value condition="!ListItem.IsCollection + substring(Container.FolderPath,recentlyadded)">$INFO[ListItem.DateAdded]</value>
        
        <!-- Last Played -->
        <value condition="!ListItem.IsCollection + stringcompare(Container.SortMethod,$LOCALIZE[568])">$INFO[ListItem.LastPlayed]</value>

        <!-- Episodes -->
        <value condition="Container.Content(episodes) + stringcompare(Container.SortMethod,$LOCALIZE[556])">$INFO[ListItem.Premiered]</value>
        <value condition="Container.Content(episodes) + stringcompare(Container.SortMethod,$LOCALIZE[551])">$INFO[ListItem.Premiered]</value>
        <value condition="Container.Content(episodes) + stringcompare(Container.SortMethod,$LOCALIZE[20359])">$INFO[ListItem.Premiered]</value>
        <value condition="Container.Content(episodes) + stringcompare(Container.SortMethod,$LOCALIZE[563])">$INFO[ListItem.Premiered]</value>

        <!-- Tv Shows -->
        <value condition="Container.Content(tvshows) + stringcompare(Container.SortMethod,$LOCALIZE[556])">$INFO[ListItem.Property(UnWatchedEpisodes),, [LOWERCASE]$LOCALIZE[16101][/LOWERCASE]]</value>
        
        <!-- Others -->
        <value condition="!Container.Content(movies) + !ListItem.IsCollection + stringcompare(Container.SortMethod,$LOCALIZE[556])">$INFO[ListItem.Year]</value>
        <value condition="!Container.Content(movies) + !ListItem.IsCollection + stringcompare(Container.SortMethod,$LOCALIZE[563])">$INFO[ListItem.Year]</value>

        <value condition="Container.Content(movies) + !ListItem.IsCollection + stringcompare(Container.SortMethod,$LOCALIZE[556])">$INFO[ListItem.Duration,, $LOCALIZE[31117]]</value>
        <value condition="Container.Content(movies) + !ListItem.IsCollection + stringcompare(Container.SortMethod,$LOCALIZE[563])">$INFO[ListItem.Duration,, $LOCALIZE[31117]]</value>
        <value condition="Container.Content(movies) + !ListItem.IsCollection + stringcompare(Container.SortMethod,$LOCALIZE[562])">$INFO[ListItem.Duration,, $LOCALIZE[31117]]</value>
        
        <!-- Fallback -->
        <value condition="!ListItem.IsCollection">$INFO[ListItem.Label2]</value>
        
    </variable>

    <variable name="Label_AudioChannels">
        <value condition="stringcompare(ListItem.AudioChannels,8)">7.1</value>
        <value condition="stringcompare(ListItem.AudioChannels,6)">5.1</value>
        <value condition="stringcompare(ListItem.AudioChannels,5)">4.1</value>
        <value condition="stringcompare(ListItem.AudioChannels,4)">4.0</value>
        <value condition="stringcompare(ListItem.AudioChannels,3)">2.1</value>
        <value condition="stringcompare(ListItem.AudioChannels,2)">2.0</value>
        <value condition="stringcompare(ListItem.AudioChannels,1)">1.0</value>
    </variable>

    <variable name="Label_RSS">
        <value condition="Player.HasAudio">[COLOR=$VAR[HighlightColor2]]$INFO[MusicPlayer.Artist][/COLOR]  $INFO[MusicPlayer.Title]  •  $INFO[Player.Time] / $INFO[Player.Duration]</value>
        <value condition="Player.HasVideo + !VideoPlayer.Content(LiveTV) + IsEmpty(VideoPlayer.TvShowTitle)"> $INFO[VideoPlayer.Title] •  $INFO[Player.Time] --> $INFO[Player.Duration] [COLOR=$VAR[HighlightColor2]]$INFO[VideoPlayer.Director][/COLOR]</value>
        
        <value condition="Player.HasVideo + !VideoPlayer.Content(LiveTV) + !IsEmpty(VideoPlayer.TvShowTitle)">[COLOR=$VAR[HighlightColor2]]$INFO[VideoPlayer.TvShowTitle][/COLOR]  $INFO[VideoPlayer.Title]  •  $INFO[Player.Time] / $INFO[Player.Duration]</value>
        <value condition="Player.HasVideo + VideoPlayer.Content(LiveTV)">$INFO[VideoPlayer.Title]  • $INFO[Player.Time] -> $INFO[Player.Duration]     [COLOR=$VAR[HighlightColor2]]$INFO[VideoPlayer.ChannelName][/COLOR]</value>
        <value condition="!IsEmpty(Window(Home).Property(NextAired.NextDate))">[COLOR=$VAR[HighlightColor2]]$LOCALIZE[31190]... [/COLOR]$INFO[Window(Home).Property(NextAired.NextTitle),, • ]$INFO[Window(Home).Property(NextAired.AirTime),, • ]$INFO[Window(Home).Property(NextAired.NextDate)]</value>
        <value condition="IsEmpty(Window(Home).Property(NextAired.NextDate)) + !IsEmpty(Window(Home).Property(NextAired.LatestTitle))"> $INFO[Window(Home).Property(NextAired.LatestDate),,]  •  $INFO[Window(Home).Property(NextAired.LatestTitle),,]  -  [COLOR=$VAR[HighlightColor2]]$LOCALIZE[31191]... [/COLOR] $INFO[Window(Home).Property(NextAired.Status)]  •  </value>
<!-- Translate Me -->
         <value condition="Window.IsVisible(AddonBrowser.xml)">[COLOR=$VAR[HighlightColor2]]$LOCALIZE[31230][/COLOR] $INFO[Window.Property(Updated)]</value>
<!-- Translate Me -->
         <value condition="Control.HasFocus(8001)">$LOCALIZE[31231]</value>    
<!-- Translate Me -->
         <value condition="Control.HasFocus(8002)">$LOCALIZE[31232]</value>
<!-- Translate Me -->
         <value condition="Control.HasFocus(8003)">$LOCALIZE[31233]</value>   
<!-- Translate Me -->
         <value condition="Control.HasFocus(8004)">$LOCALIZE[31234]</value>     
<!-- Translate Me -->
         <value condition="Control.HasFocus(8007)">$LOCALIZE[31235]</value>
<!-- Translate Me -->
         <value condition="Control.HasFocus(8097)">$LOCALIZE[31236]</value>  
<!-- Translate Me -->
         <value condition="Control.HasFocus(8008)">$LOCALIZE[31237]</value> 
<!-- Translate Me -->
         <value condition="Control.HasFocus(8009)">$LOCALIZE[31238]</value>  
<!-- Translate Me -->
         <value condition="Control.HasFocus(8099)">$LOCALIZE[31239]</value>
<!-- Translate Me -->
         <value condition="Control.HasFocus(8101)">$LOCALIZE[31240]</value>    
<!-- Translate Me -->
         <value condition="Control.HasFocus(8102)">$LOCALIZE[31241]</value>    
<!-- Translate Me -->
         <value condition="Control.HasFocus(8103)">$LOCALIZE[31242]</value>
<!-- Translate Me -->
         <value condition="Control.HasFocus(8104)">$LOCALIZE[31243]</value>
<!-- Translate Me -->
         <value condition="Control.HasFocus(8105)">$LOCALIZE[31244]</value>          
<!-- Translate Me -->
         <value condition="Control.HasFocus(8145)">$LOCALIZE[31245]</value>      
<!-- Translate Me -->
         <value condition="Control.HasFocus(8107)">$LOCALIZE[31246]</value>         
<!-- Translate Me -->
         <value condition="Control.HasFocus(8108)">$LOCALIZE[31247]</value>   
<!-- Translate Me -->
         <value condition="Control.HasFocus(8109)">$LOCALIZE[31248]</value>          
<!-- Translate Me -->
         <value condition="Control.HasFocus(8110)">$LOCALIZE[31554]</value>  
<!-- Translate Me -->
         <value condition="Control.HasFocus(8111)">$LOCALIZE[31555]</value>      
<!-- Translate Me -->
         <value condition="Control.HasFocus(8112)">$LOCALIZE[31556]</value>     
<!-- Translate Me -->
         <value condition="Control.HasFocus(8113)">$LOCALIZE[31557]</value>    
<!-- Translate Me -->
         <value condition="Control.HasFocus(8201)">$LOCALIZE[31558]</value>      
<!-- Translate Me -->
         <value condition="Control.HasFocus(8202)">$LOCALIZE[31559]</value>  
<!-- Translate Me -->
         <value condition="Control.HasFocus(8203)">$LOCALIZE[31560]</value>   
<!-- Translate Me -->
         <value condition="Control.HasFocus(8207)">$LOCALIZE[31561]</value>
<!-- Translate Me -->
         <value condition="Control.HasFocus(8208)">$LOCALIZE[31562]</value>     
<!-- Translate Me -->
         <value condition="Control.HasFocus(8209)">$LOCALIZE[31563]</value>  
<!-- Translate Me -->
         <value condition="Control.HasFocus(8301)">$LOCALIZE[31564]</value>       
<!-- Translate Me -->
         <value condition="Control.HasFocus(8302)">$LOCALIZE[31565]</value>           
<!-- Translate Me -->
         <value condition="Control.HasFocus(8303)">$LOCALIZE[31566]</value> 
<!-- Translate Me -->
         <value condition="Control.HasFocus(8304)">$LOCALIZE[31567]</value>
<!-- Translate Me -->
         <value condition="Control.HasFocus(8307)">$LOCALIZE[31568]</value>      
<!-- Translate Me -->
         <value condition="Control.HasFocus(8305)">$LOCALIZE[31569]</value> 
<!-- Translate Me -->
         <value condition="Control.HasFocus(8306)">$LOCALIZE[31570]</value>      
<!-- Translate Me -->
         <value condition="Control.HasFocus(8401)">$LOCALIZE[31571]</value>       
<!-- Translate Me -->
         <value condition="Control.HasFocus(8402)">$LOCALIZE[31572]</value>    
<!-- Translate Me -->
         <value condition="Control.HasFocus(8403)">$LOCALIZE[31573]</value>
<!-- Translate Me -->
         <value condition="Control.HasFocus(8701)">$LOCALIZE[31574]</value> 
<!-- Translate Me -->
         <value condition="Control.HasFocus(8702)">$LOCALIZE[31575]</value>  
<!-- Translate Me -->
         <value condition="Control.HasFocus(8703)">$LOCALIZE[31576]</value>
<!-- Translate Me -->
         <value condition="Control.HasFocus(8704)">$LOCALIZE[31577]</value>    
<!-- Translate Me -->
         <value condition="Control.HasFocus(8709)">$LOCALIZE[31578]</value>
<!-- Translate Me -->
         <value condition="Control.HasFocus(9002)">$LOCALIZE[31579]</value>   
<!-- Translate Me -->
         <value condition="Control.HasFocus(9003)">$LOCALIZE[31580]</value>        
<!-- Translate Me -->
         <value condition="Control.HasFocus(9005)">$LOCALIZE[31581]</value>
<!-- Translate Me -->
         <value condition="Control.HasFocus(9004)">$LOCALIZE[31582]</value>
<!-- Translate Me -->
         <value condition="Control.HasFocus(9006)">$LOCALIZE[31583]</value>
<!-- Translate Me -->
         <value condition="Control.HasFocus(9007)">$LOCALIZE[31584]</value>   
<!-- Translate Me -->
         <value condition="Control.HasFocus(9008)">$LOCALIZE[31585]</value>   
<!-- Translate Me -->
         <value condition="Control.HasFocus(9009)">$LOCALIZE[31586]</value>       
<!-- Translate Me -->
         <value condition="Control.HasFocus(9010)">$LOCALIZE[31587]</value>    
<!-- Translate Me -->
         <value condition="Control.HasFocus(9011)">$LOCALIZE[31588]</value>    
<!-- Translate Me -->
         <value condition="Control.HasFocus(9012)">$LOCALIZE[31589]</value>
<!-- Translate Me -->
         <value condition="Control.HasFocus(9013)">$LOCALIZE[31590]</value>
<!-- Translate Me -->
         <value condition="Control.HasFocus(8801)">$LOCALIZE[31591]</value>   
<!-- Translate Me -->
         <value condition="Control.HasFocus(8802)">$LOCALIZE[31592]</value>   
<!-- Translate Me -->
         <value condition="Control.HasFocus(8803)">$LOCALIZE[31593]</value>            
<!-- Translate Me -->
         <value condition="Control.HasFocus(8804)">$LOCALIZE[31594]</value>   
<!-- Translate Me -->
         <value condition="Control.HasFocus(8805)">$LOCALIZE[31595]</value>
<!-- Translate Me -->
         <value condition="Control.HasFocus(8901)">$LOCALIZE[31596]</value>
<!-- Translate Me -->
         <value condition="Control.HasFocus(8907)">$LOCALIZE[31597]</value>
<!-- Translate Me -->
         <value condition="Control.HasFocus(8904)">$LOCALIZE[31598]</value>    
<!-- Translate Me -->
         <value condition="Control.HasFocus(8906)">$LOCALIZE[31599]</value>  
<!-- Translate Me -->
         <value condition="Control.HasFocus(8908)">$LOCALIZE[31600]</value>    
<!-- Translate Me -->
         <value condition="Control.HasFocus(8909)">$LOCALIZE[31601]</value>     
<!-- Translate Me -->
         <value condition="Control.HasFocus(8910)">$LOCALIZE[31602]</value>   
<!-- Translate Me -->
         <value condition="Control.HasFocus(8997)">$LOCALIZE[31604]</value> 
<!-- Translate Me -->
         <value condition="Control.HasFocus(8998)">$LOCALIZE[31605]</value> 
<!-- Translate Me -->
         <value condition="Control.HasFocus(8999)">$LOCALIZE[31606]</value>
<!-- Translate Me -->
         <value condition="Control.HasFocus(8098)">$LOCALIZE[31229]</value>
<!-- Translate Me -->
         <value condition="Control.HasFocus(9101)">$LOCALIZE[31611]</value>  
<!-- Translate Me -->
         <value condition="Control.HasFocus(9102)">$LOCALIZE[31612]</value>  
<!-- Translate Me -->
         <value condition="Control.HasFocus(9103)">$LOCALIZE[31613]</value>  
<!-- Translate Me -->
         <value condition="Control.HasFocus(9104)">$LOCALIZE[31614]</value>  
<!-- Translate Me -->
         <value condition="Control.HasFocus(9105)">$LOCALIZE[31615]</value>  
<!-- Translate Me -->
         <value condition="Control.HasFocus(9106)">$LOCALIZE[31616]</value>  
<!-- Translate Me -->
         <value condition="Control.HasFocus(9107)">$LOCALIZE[31617]</value>  
<!-- Translate Me -->
         <value condition="Control.HasFocus(9108)">$LOCALIZE[31618]</value>  
<!-- Translate Me -->
         <value condition="Control.HasFocus(9109)">$LOCALIZE[31619]</value>  
<!-- Translate Me -->
         <value condition="Control.HasFocus(9110)">$LOCALIZE[31620]</value>  
<!-- Translate Me -->
         <value condition="Control.HasFocus(9111)">$LOCALIZE[31621]</value>  
<!-- Translate Me -->
         <value condition="Control.HasFocus(9112)">$LOCALIZE[31622]</value>  
<!-- Translate Me -->
         <value condition="Control.HasFocus(9014)">$LOCALIZE[31623]</value>                                                                                                                                                                                                                                                                                                                                                                                                                                                                                                                                                                                                                                                                                            
    </variable>

    <variable name="Label_PlayerStatus">
        <value condition="Player.Caching">$LOCALIZE[439] $INFO[Player.CacheLevel,,%]</value>
        <value condition="Player.Paused">$LOCALIZE[112]</value>
        <value condition="Player.Forwarding32x">FF 32x</value>
        <value condition="Player.Forwarding16x">FF 16x</value>
        <value condition="Player.Forwarding8x">FF 8x</value>
        <value condition="Player.Forwarding4x">FF 4x</value>
        <value condition="Player.Forwarding2x">FF 2x</value>
        <value condition="Player.Forwarding">FF</value>
        <value condition="Player.Rewinding32x">RW 32x</value>
        <value condition="Player.Rewinding16x">RW 16x</value>
        <value condition="Player.Rewinding8x">RW 8x</value>
        <value condition="Player.Rewinding4x">RW 4x</value>
        <value condition="Player.Rewinding2x">RW 2x</value>
        <value condition="Player.Rewinding">RW</value>
        <value condition="Player.Seeking">$LOCALIZE[773]</value>
        <value>$LOCALIZE[31072]</value>
    </variable>

    <variable name="Label_HomeWidget">
        <value condition="StringCompare(Container(9000).ListItem.Property(widget),Weather) + !IsEmpty(Skin.String(weather.fanart.path))">$INFO[Weather.Location]</value>
        <value condition="StringCompare(Container(9000).ListItem.Property(widget),SimilarMovies)">$INFO[Container(9001).ListItem.Property(originaltitle),$LOCALIZE[31125] ,]</value>
        <value condition="!IsEmpty(Container(9000).ListItem.Property(widgetName))">$INFO[Container(9000).ListItem.Property(widgetName)]</value>
        <value condition="!IsEmpty(Skin.String(home.fallbackwidget)) + StringCompare(Skin.String(home.fallbackwidget.name),$LOCALIZE[31124])">$INFO[Container(9001).ListItem.Property(originaltitle),$LOCALIZE[31125] ,]</value>
        <value condition="!IsEmpty(Skin.String(home.fallbackwidget)) + !IsEmpty(Skin.String(home.fallbackwidget.name))">$INFO[Skin.String(home.fallbackwidget.name)]</value>
        <value>$LOCALIZE[31095]</value>
    </variable>

    <variable name="Label_Hub_WidgetType">
	    <value condition="Skin.HasSetting(furniture.hidehubplot)">$VAR[Label_Hub_WidgetLabel]$VAR[Label_Hub_WidgetLabel2,  •  ,]</value>
        <value condition="Window.IsVisible(1101) + !IsEmpty(Skin.String(Widget.1101.Label))">$INFO[Skin.String(Widget.1101.Label)]</value>
        <value condition="Window.IsVisible(1102) + !IsEmpty(Skin.String(Widget.1102.Label))">$INFO[Skin.String(Widget.1102.Label)]</value>
        <value condition="Window.IsVisible(1103) + !IsEmpty(Skin.String(Widget.1103.Label))">$INFO[Skin.String(Widget.1103.Label)]</value>
        <value condition="Window.IsVisible(1104) + !IsEmpty(Skin.String(Widget.1104.Label))">$INFO[Skin.String(Widget.1104.Label)]</value>
        <value condition="Window.IsVisible(1105) + !IsEmpty(Skin.String(Widget.1105.Label))">$INFO[Skin.String(Widget.1105.Label)]</value>
        <value condition="Window.IsVisible(1106) + !IsEmpty(Skin.String(Widget.1106.Label))">$INFO[Skin.String(Widget.1106.Label)]</value>
        <value condition="Window.IsVisible(1107) + !IsEmpty(Skin.String(Widget.1107.Label))">$INFO[Skin.String(Widget.1107.Label)]</value>
        <value condition="Window.IsVisible(1108) + !IsEmpty(Skin.String(Widget.1108.Label))">$INFO[Skin.String(Widget.1108.Label)]</value>
        <value condition="Window.IsVisible(1109) + !IsEmpty(Skin.String(Widget.1109.Label))">$INFO[Skin.String(Widget.1109.Label)]</value>
        <value condition="Window.IsVisible(1110) + !IsEmpty(Skin.String(Widget.1110.Label))">$INFO[Skin.String(Widget.1110.Label)]</value>
        <value condition="Window.IsVisible(1111) + !IsEmpty(Skin.String(Widget.1111.Label))">$INFO[Skin.String(Widget.1111.Label)]</value>
        <value condition="Window.IsVisible(1112) + !IsEmpty(Skin.String(Widget.1112.Label))">$INFO[Skin.String(Widget.1112.Label)]</value>
        <value condition="Window.IsVisible(1113) + !IsEmpty(Skin.String(Widget.1113.Label))">$INFO[Skin.String(Widget.1113.Label)]</value>
        <value condition="Window.IsVisible(1114) + !IsEmpty(Skin.String(Widget.1114.Label))">$INFO[Skin.String(Widget.1114.Label)]</value>
        <value condition="Window.IsVisible(1115) + !IsEmpty(Skin.String(Widget.1115.Label))">$INFO[Skin.String(Widget.1115.Label)]</value>
        <value condition="Window.IsVisible(1116) + !IsEmpty(Skin.String(Widget.1116.Label))">$INFO[Skin.String(Widget.1116.Label)]</value>
        <value condition="Window.IsVisible(1117) + !IsEmpty(Skin.String(Widget.1117.Label))">$INFO[Skin.String(Widget.1117.Label)]</value>
        <value condition="Window.IsVisible(1118) + !IsEmpty(Skin.String(Widget.1118.Label))">$INFO[Skin.String(Widget.1118.Label)]</value>
        <value condition="Window.IsVisible(1119) + !IsEmpty(Skin.String(Widget.1119.Label))">$INFO[Skin.String(Widget.1119.Label)]</value>
        <value condition="Window.IsVisible(1120) + !IsEmpty(Skin.String(Widget.1120.Label))">$INFO[Skin.String(Widget.1120.Label)]</value>
        <value>$LOCALIZE[31095]</value>
    </variable>

    <variable name="Label_HomeWidget_Label">
        <value condition="Container(9001).IsUpdating">$LOCALIZE[31090]...</value>
        <value condition="[StringCompare(Container(9000).ListItem.Property(widget),Weather) | [IsEmpty(Container(9000).ListItem.Property(widget)) + StringCompare(Skin.String(home.fallbackwidget),Weather)]] + !IsEmpty(Skin.String(weather.fanart.path))">$INFO[Weather.Temperature,,  ]$INFO[Weather.Conditions]</value>
        <value>$INFO[Container(9001).ListItem.Label]</value>
    </variable>
    <variable name="Label_HomeWidget_Plot">
        <value condition="[StringCompare(Container(9000).ListItem.Property(widget),Weather) | [IsEmpty(Container(9000).ListItem.Property(widget)) + StringCompare(Skin.String(home.fallbackwidget),Weather)]] + !IsEmpty(Skin.String(weather.fanart.path))">$INFO[Window(weather).Property(Current.FeelsLike),$LOCALIZE[402] ,]$INFO[System.TemperatureUnits]$INFO[Window(weather).Property(Current.WindSpeed),[CR], ]$INFO[Window(weather).Property(Current.WindDirection),, [LOWERCASE]$LOCALIZE[404][/LOWERCASE]]$INFO[Window(weather).Property(Current.Humidity),[CR], [LOWERCASE]$LOCALIZE[406][/LOWERCASE]]</value>
        <value condition="!Container(9001).IsUpdating">$INFO[Container(9001).ListItem.Plot]$INFO[Container(9001).ListItem.Property(Album_Description)]$INFO[Container(9001).ListItem.Property(Addon.Description)]</value>
    </variable>
    <variable name="Label_HomeWidget_Info">
        <value condition="[StringCompare(Container(9000).ListItem.Property(widget),Weather) | [IsEmpty(Container(9000).ListItem.Property(widget)) + StringCompare(Skin.String(home.fallbackwidget),Weather)]] + !IsEmpty(Skin.String(weather.fanart.path))">$INFO[Window(weather).Property(WeatherProvider)]</value>
        <value condition="!Container(9001).IsUpdating + !IsEmpty(Container(9001).ListItem.Year)">$INFO[Container(9001).ListItem.Artist,,  •  ]$INFO[Container(9001).ListItem.TvShowTitle,,  •  ]$INFO[Container(9001).ListItem.Year]$INFO[Container(9001).ListItem.RatingAndVotes,  •  ,]</value>
        <value condition="!Container(9001).IsUpdating + IsEmpty(Container(9001).ListItem.Year)">$INFO[Container(9001).ListItem.Artist,,  •  ]$INFO[Container(9001).ListItem.TvShowTitle]$INFO[Container(9001).ListItem.RatingAndVotes,  •  ,]</value>
        <value>$LOCALIZE[31092]</value>
    </variable>

    <variable name="Label_Hub_WidgetLabel">
        <value condition="!IsEmpty(Container(9500).ListItem.TvShowTitle)">$INFO[Container(9500).ListItem.TvShowTitle]</value>
        <value condition="!IsEmpty(Container(9500).ListItem.Artist)">$INFO[Container(9500).ListItem.Artist]</value>
        <value condition="!IsEmpty(Container(9500).ListItem.Label)">$INFO[Container(9500).ListItem.Label]</value>
    </variable>
    <variable name="Label_Hub_WidgetLabel2">
        <value condition="!IsEmpty(Container(9500).ListItem.Episode)">$INFO[Container(9500).ListItem.Season,,x]$INFO[Container(9500).ListItem.Episode,,. ]$INFO[Container(9500).ListItem.Title]</value>
        <value condition="!IsEmpty(Container(9500).ListItem.Artist) + !IsEmpty(Container(9500).ListItem.Year)">$INFO[Container(9500).ListItem.Title]$INFO[Container(9500).ListItem.Year, (,)]</value>
        <value condition="!IsEmpty(Container(9500).ListItem.Artist) + IsEmpty(Container(9500).ListItem.Year)">$INFO[Container(9500).ListItem.Title]</value>
        <value condition="!IsEmpty(Container(9500).ListItem.Album)">$INFO[Container(9500).ListItem.Year]</value>
        <value condition="!IsEmpty(Container(9500).ListItem.Property(Addon.Version))">$INFO[Container(9500).ListItem.Property(Addon.Version)]</value>
        <value condition="IsEmpty(Container(9500).ListItem.TvShowTitle) + !IsEmpty(Container(9500).ListItem.Year)">$INFO[Container(9500).ListItem.Year,,  •  ]$INFO[Container(9500).ListItem.Rating]</value>
        <value>$INFO[Container(9500).ListItem.Rating]</value>
    </variable>
    <variable name="Label_Fanart_WidgetType">
        <value condition="!IsEmpty(ListItem.TvShowTitle)">$INFO[ListItem.TvShowTitle]</value>
        <value condition="!IsEmpty(ListItem.Label)">$INFO[ListItem.Label]$INFO[ListItem.Year, [COLOR=PosterBorder]-[/COLOR] , ]</value>
    </variable>
    <variable name="Label_Fanart_WidgetLabel">
        <value condition="!IsEmpty(ListItem.TvShowTitle)">$INFO[ListItem.Label]</value>
        <value condition="!IsEmpty(ListItem.Genre)">$INFO[ListItem.Genre]</value>
    </variable>
    <variable name="Label_SettingsHeader">
        <value condition="Control.HasFocus(111) | Window.IsActive(systeminfo)">$LOCALIZE[130]</value>
        <value condition="Control.HasFocus(110) | Window.IsActive(weathersettings)">$LOCALIZE[8]</value>
        <value condition="Control.HasFocus(109) | Window.IsActive(systemsettings)">$LOCALIZE[13000]</value>
        <value condition="Control.HasFocus(108) | Window.IsActive(pvrsettings)">[CAPITALIZE]$LOCALIZE[19191][/CAPITALIZE]</value>
        <value condition="Control.HasFocus(107) | Window.IsActive(skinsettings)">$LOCALIZE[166]</value>
        <value condition="Control.HasFocus(106) | Window.IsActive(picturessettings)">$LOCALIZE[1]</value>
        <value condition="Control.HasFocus(105) | Window.IsActive(addonbrowser)">$LOCALIZE[24001]</value>
        <value condition="Control.HasFocus(104) | Window.IsActive(musicsettings)">$LOCALIZE[2]</value>
        <value condition="Control.HasFocus(103) | Window.IsActive(profiles)">$LOCALIZE[13200]</value>
        <value condition="Control.HasFocus(102) | Window.IsActive(videossettings)">$LOCALIZE[157]</value>
        <value condition="Control.HasFocus(101) | Window.IsActive(servicesettings)">$LOCALIZE[705]</value>
        <value>$LOCALIZE[480]</value>
    </variable>
    <variable name="Label_SkinSetting_HomeStyle">
        <value condition="IsEmpty(Skin.String(HomeStyle))">$LOCALIZE[31226]</value>
        <value>$INFO[Skin.String(HomeStyle.label)]</value>
    </variable>    
    <variable name="Label_SkinSetting_MusicVisualisation">
        <value condition="IsEmpty(Skin.String(MusicVisualisation))">Fanart</value>
        <value>$INFO[Skin.String(MusicVisualisation.label)]</value>
    </variable>    
    <!-- Me Transparency Fanart -->
    <variable name="Label_SkinSetting_TransparencyFanart"> <!-- Me Transparency Fanart -->
        <value condition="IsEmpty(Skin.String(transparencyfanart.name))">$LOCALIZE[31180]</value>
        <value condition="StringCompare(Skin.String(transparencyfanart.name),0%)">0%</value>
        <value condition="StringCompare(Skin.String(transparencyfanart.name),5%)">5%</value>
        <value condition="StringCompare(Skin.String(transparencyfanart.name),10%)">10%</value>
        <value condition="StringCompare(Skin.String(transparencyfanart.name),15%)">15%</value>
        <value condition="StringCompare(Skin.String(transparencyfanart.name),20%)">20%</value>
        <value condition="StringCompare(Skin.String(transparencyfanart.name),25%)">25%</value>
        <value condition="StringCompare(Skin.String(transparencyfanart.name),30%)">30%</value>
        <value condition="StringCompare(Skin.String(transparencyfanart.name),35%)">35%</value>
        <value condition="StringCompare(Skin.String(transparencyfanart.name),40%)">40%</value>
        <value condition="StringCompare(Skin.String(transparencyfanart.name),45%)">45%</value>
        <value condition="StringCompare(Skin.String(transparencyfanart.name),50%)">50%</value>
        <value condition="StringCompare(Skin.String(transparencyfanart.name),55%)">55%</value>
        <value condition="StringCompare(Skin.String(transparencyfanart.name),60%)">60%</value>
        <value condition="StringCompare(Skin.String(transparencyfanart.name),65%)">65%</value>
        <value condition="StringCompare(Skin.String(transparencyfanart.name),70%)">70%</value>
        <value condition="StringCompare(Skin.String(transparencyfanart.name),75%)">75%</value>
        <value condition="StringCompare(Skin.String(transparencyfanart.name),80%)">80%</value>
        <value condition="StringCompare(Skin.String(transparencyfanart.name),85%)">85%</value>
    </variable>
    <!-- Skin Settings VARS -->
    <variable name="Label_SkinSetting_FallbackWidget">
        <value condition="!IsEmpty(Skin.String(home.fallbackwidget.name))">$INFO[Skin.String(home.fallbackwidget.name)]</value>
        <value>$LOCALIZE[31180]</value>
    </variable>
    <variable name="Label_SkinSetting_HeaderIcon">
        <value condition="!IsEmpty(Skin.String(home.headericon))">$INFO[Skin.String(home.headericon)]</value>
        <value>$LOCALIZE[31180]</value>
    </variable>
    <variable name="Label_SkinSetting_HighlightColor">
        <value condition="!IsEmpty(Skin.String(HighlightColor))">$INFO[Skin.String(HighlightColor)]</value>
        <value>$LOCALIZE[31180]</value>
    </variable>
     <variable name="Label_SkinSetting_WidgetStyle">
        <value condition="IsEmpty(Skin.String(WidgetStyle))">$LOCALIZE[31257]</value>
        <value>$INFO[Skin.String(WidgetStyle.label)]</value>
    </variable>   
    <variable name="Label_SkinSetting_HighlightColor2">
        <value condition="!IsEmpty(Skin.String(HighlightColor2))">$INFO[Skin.String(HighlightColor2)]</value>
        <value>$LOCALIZE[31180]</value>
    </variable>   
    <variable name="Label_SkinSetting_BusyTexture">
        <value condition="!IsEmpty(Skin.String(SkinHelper.SpinnerTexture))">$INFO[Skin.String(SkinHelper.SpinnerTexture)]</value>
        <value>$LOCALIZE[31180]</value>
    </variable>
     <variable name="Label_SkinSetting_HomeBarColor">
        <value condition="!IsEmpty(Skin.String(HomeBarColor))">$INFO[Skin.String(HomeBarColor)]</value>
        <value>$LOCALIZE[31180]</value>
    </variable> 
     <variable name="Label_SkinSetting_WidgetSecondaryColor">
        <value condition="!IsEmpty(Skin.String(WidgetSecondaryColor))">$INFO[Skin.String(WidgetSecondaryColor)]</value>
        <value>$LOCALIZE[31180]</value>
    </variable> 
     <variable name="Label_SkinSetting_WidgetPrimaryColor">
        <value condition="!IsEmpty(Skin.String(WidgetPrimaryColor))">$INFO[Skin.String(WidgetPrimaryColor)]</value>
        <value>$LOCALIZE[31180]</value>
    </variable>          
    <variable name="Label_SkinSetting_GlobalOverlay">
        <value condition="!IsEmpty(Skin.String(global.background))">$INFO[Skin.String(global.background)]</value>
        <value>$LOCALIZE[31189]</value>
    </variable>
    <variable name="Label_SkinSetting_FallbackFanart">
        <value condition="!IsEmpty(Skin.String(background.fallback))">$INFO[Skin.String(background.fallback)]</value>
        <value>$LOCALIZE[31189]</value>
    </variable>
    <variable name="Label_SkinSetting_WeatherFanart">
        <value condition="!IsEmpty(Skin.String(weather.fanart.name))">$INFO[Skin.String(weather.fanart.name)]</value>
        <value>$LOCALIZE[31189]</value>
    </variable>
    <!-- Me Addons -->
    <variable name="Label_SkinSetting_StartupVideo">
        <value condition="!IsEmpty(Skin.String(StartupPlaylist))">$INFO[Skin.String(StartupPlaylist)]</value>
        <value>$LOCALIZE[31189]</value>
    </variable>
    <variable name="Label_SkinSetting_GenreIcons">
        <value condition="!IsEmpty(Skin.String(genre.icons.name))">$INFO[Skin.String(genre.icons.name)]</value>
        <value>$LOCALIZE[31189]</value>
    </variable>
    <variable name="Label_SkinSetting_WeatherIcons">
        <value condition="!IsEmpty(Skin.String(weather.icons.name))">$INFO[Skin.String(weather.icons.name)]</value>
        <value>$LOCALIZE[31189]</value>
    </variable>
    <variable name="StatusSkinShortcuts">
        <value condition="System.HasAddon(script.skinshortcuts)">$LOCALIZE[31252] ($INFO[System.AddonVersion(script.skinshortcuts)])</value>
        <value>$LOCALIZE[31253]</value>
    </variable>
    <variable name="StatusExtendedInfo">
        <value condition="System.HasAddon(script.extendedinfo)">$LOCALIZE[31252] ($INFO[System.AddonVersion(script.extendedinfo)])</value>
        <value>$LOCALIZE[31253]</value>
    </variable>
    <variable name="StatusSkinHelperService">
        <value condition="System.HasAddon(script.skin.helper.service)">$LOCALIZE[31252] ($INFO[System.AddonVersion(script.skin.helper.service)])</value>
        <value>$LOCALIZE[31253]</value>
    </variable>
    <variable name="StatusGlobalSearch">
        <value condition="System.HasAddon(script.globalsearch)">$LOCALIZE[31252] ($INFO[System.AddonVersion(script.globalsearch)])</value>
        <value>$LOCALIZE[31253]</value>
    </variable>
    <variable name="StatusPlayAlbum">
        <value condition="System.HasAddon(script.playalbum)">$LOCALIZE[31252] ($INFO[System.AddonVersion(script.playalbum)])</value>
        <value>$LOCALIZE[31253]</value>
    </variable>
    <variable name="StatusNextupNotification">
        <value condition="System.HasAddon(service.nextup.notification)">$LOCALIZE[31252] ($INFO[System.AddonVersion(service.nextup.notification)])</value>
        <value>$LOCALIZE[31253]</value>
    </variable>
    <variable name="StatusArtworkDownloader">
        <value condition="System.HasAddon(script.artwork.downloader)">$LOCALIZE[31252] ($INFO[System.AddonVersion(script.artwork.downloader)])</value>
        <value>$LOCALIZE[31253]</value>
    </variable>
    <variable name="StatusArtistSlideshow">
        <value condition="System.HasAddon(script.artistslideshow)">$LOCALIZE[31252] ($INFO[System.AddonVersion(script.artistslideshow)])</value>
        <value>$LOCALIZE[31253]</value>
    </variable>
    <variable name="StatusTVShowNextAired">
        <value condition="System.HasAddon(script.tv.show.next.aired)">$LOCALIZE[31252] ($INFO[System.AddonVersion(script.tv.show.next.aired)])</value>
        <value>$LOCALIZE[31253]</value>
    </variable>
    <variable name="StatusYoutube">
        <value condition="System.HasAddon(plugin.video.youtube)">$LOCALIZE[31252] ($INFO[System.AddonVersion(plugin.video.youtube)])</value>
        <value>$LOCALIZE[31253]</value>
    </variable>
    <variable name="StatusCULyrics">
        <value condition="System.HasAddon(script.cu.lrclyrics)">$LOCALIZE[31252] ($INFO[System.AddonVersion(script.cu.lrclyrics)])</value>
        <value>$LOCALIZE[31253]</value>
    </variable>
    <variable name="StatusCDArtManager-NG">
        <value condition="System.HasAddon(script.cdartmanager-NG)">$LOCALIZE[31252] ($INFO[System.AddonVersion(script.cdartmanager-NG)])</value>
        <value>$LOCALIZE[31253]</value>
    </variable>
    <variable name="StatusScriptToolbox">
        <value condition="System.HasAddon(script.toolbox)">$LOCALIZE[31252] ($INFO[System.AddonVersion(script.toolbox)])</value>
        <value>$LOCALIZE[31253]</value>
    </variable>
    <variable name="StatusProgramAutocompletion">
        <value condition="System.HasAddon(plugin.program.autocompletion)">$LOCALIZE[31252] ($INFO[System.AddonVersion(plugin.program.autocompletion)])</value>
        <value>$LOCALIZE[31253]</value>
    </variable>
</includes>