<?xml version="1.0" encoding="UTF-8"?>
<window type="dialog">
	<defaultcontrol always="true">9000</defaultcontrol>
	<controls>
    	<control type="group">
            <include>Animation_SlideIn</include>
            <centerleft>50%</centerleft>
            <centertop>50%</centertop>
            <width>1382</width>
	        <height>880</height>
            <include>Dialog_Background</include>
            <include name="Dialog_Top_IconHeader">
                <param name="label" value="$ADDON[script.skin.helper.service 32011]" />
                <param name="icon" value="special://skin/extras/icons/paintbrush.png" />
            </include>

			<control type="panel" id="3110">
				<viewtype label="31438">icons</viewtype>
				<posx>61</posx>
				<posy>100</posy>
				<width>1260</width>
				<height>600</height>
				<orientation>vertical</orientation>
				<onleft>3110</onleft>
				<onright>3110</onright>
				<onup>3010</onup>
				<ondown>3010</ondown>
				<preloaditems>4</preloaditems>
				<itemlayout height="60" width="90">
					<control type="image">
						<posx>4</posx>
						<posy>4</posy>
						<width>82</width>
						<height>52</height>
						<texture>$INFO[ListItem.Icon]</texture>
					</control>
				</itemlayout>
				<focusedlayout height="60" width="90">
					<control type="group">
						<animation effect="zoom" time="300" tween="sine" easing="inout" start="100" end="164" center="auto">Focus</animation>
						<control type="image">
							<width>90</width>
							<height>60</height>
							<texture colordiffuse="ColorPicker" border="5">common/white.png</texture>
						</control>
						<control type="image">
							<posx>4</posx>
							<posy>4</posy>
							<width>82</width>
							<height>52</height>
							<texture diffuse="diffuse/color-picker-focus.png">$INFO[ListItem.Icon]</texture>
						</control>
					</control>
				</focusedlayout>
			</control>			
						
			<control type="grouplist">
				<orientation>horizontal</orientation>
				<itemgap>20</itemgap>
				<right>25</right>
				<top>773</top>
				<width>1302</width>
				
				<!-- edit manual -->
				
				<!-- Save button -->
				<control type="button" id="3012">
					<onup>3110</onup>
					<onright>3010</onright>
					<ondown>SetFocus(3110,0)</ondown>
					<label>190</label>
			        <width>205</width>
			        <height>68</height>
			        <align>center</align>
			       	<include>Defs_OptionButton</include>
				</control>
				
				<!-- Cancel -->
				<control type="button" id="3090">
					<onup>3110</onup>
					<onleft>3010</onleft>
					<ondown>SetFocus(3110,0)</ondown>
					<onclick>Close</onclick>
					<label>222</label>
			        <width>205</width>
			        <height>68</height>
			        <align>center</align>
			        <include>Defs_OptionButton</include>
				</control>

				<!-- None -->
				<control type="button" id="3011">
					<visible>False</visible>
					<onup>3110</onup>
					<onleft>3010</onleft>
					<ondown>SetFocus(3110)</ondown>
					<label>$ADDON[script.skin.helper.service 32013]</label>
			        <width>200</width>
			        <height>68</height>
					<include>Defs_OptionButton</include>
				</control>
				
				<control type="group" id="3020">
					<width>410</width>
					<height>68</height>
					<control type="label" id="3016">
						<!-- label opacity-->
						<font>Font-Header-He4</font>
						<width>130</width>
						<right>0</right>
						<align>right</align>
						<label>$ADDON[script.skin.helper.service 32049]:</label>
					</control>
					<control type="slider" id="3015">
						<!-- opacity slider -->
						<top>27</top>
						<height>20</height>
						<right>100</right>
						<onup>3090</onup>
						<ondown>3090</ondown>
						<width>200</width>
						<colordiffuse>ListLabel</colordiffuse>
					</control>
					
					<control type="label" id="3017">
						<!-- opacity percentage -->
						<font>Font-Header-He4</font>
						<width>80</width>
						<height>68</height>
						<left>0</left>
						<align>right</align>
						<label>$INFO[Control.Getlabel(3015)]</label>
					</control>					
				</control>
				<control type="button" id="3010"><!-- הצגת הצבע וכיתוב צבע -->
					<onup>SetFocus(3110,112)</onup>
					<left>0</left>
				    <align>left</align>
					<ondown>SetFocus(3110,0)</ondown>
					<onright>3011</onright>
					<label>$LOCALIZE[31224]:</label>
					<label2>$INFO[Window.Property(colorstring)]</label2>
			        <width>285</width>
			        <height>68</height>
			        <include>Defs_OptionButton</include>
				</control>		
				<!-- color preview-->
				<control type="group">
			         <top>673</top>
			         <left>61</left>
			   <control type="image">
                    <width>68</width>
                    <height>68</height>
                    <texture colordiffuse="PosterBorder">common/white.png</texture>
                </control>
				<control type="image">
				    <top>10</top>
				    <left>10</left>
					<width>48</width>
					<height>48</height>
					<texture>common/white.png</texture>
					<colordiffuse>$INFO[Window.Property(colorstring)]</colordiffuse>
				</control>
				</control>
			</control>
		</control>		

	</controls>
</window>