<?xml version="1.0" encoding="UTF-8"?>
<window>
    <allowoverlay>no</allowoverlay>
    <zorder>1</zorder>
    <controls>
        <control type="group">
            <include>Animation.FadeIn</include>
            <include>Animation.FadeOut</include>
            <control type="group">
             <!-- Me Cange -->            
            <control type="image"><!-- תמונת רקע אפור מילים שירים -->
                    <width>780</width>
                    <height>384</height>
                    <posx>1120</posx>
                    <posy>100</posy>
            <texture colordiffuse="PosterBorder">osd/lycrus.png</texture>
            </control>
             <!-- Me Cange -->        
            <control type="image"><!-- תמונת רקע אפור מילים שירים -->
                    <width>780</width>
                    <height>384</height>
                    <posx>1120</posx>
                    <posy>100</posy>
            <texture colordiffuse="PosterBorder">osd/lycrus.png</texture>
            </control>    
            
                <control type="group"><!-- מיקום טקסט - מילות השיר -->
                    <top>200</top>
                    <bottom>100</bottom>
                    <width>1400</width>
                    <height>234</height>
                    <posx>1040</posx>
                    <posy>60</posy>

                  <!-- <top>200</top>
                    <left>100</left>
                    <bottom>180</bottom>
                    <width>580</width>
                    <height>384</height>-->
                    
                    <!-- ** Required ** Do not change <id> or <type> (Smooth scrolling list for lyrics) -->
                    <control type="list" id="110">
                        <right>100</right>
                        <left>100</left>
                        <top>0</top>
                        <bottom>0</bottom>
                    <!-- Modification Onleft -->                        
                        <onright>back</onright>
                    <!-- Modification Onright -->                         
                        <onleft>back</onleft>
                        <onup>110</onup>
                        <ondown>110</ondown>
                        <pagecontrol>111</pagecontrol>
                        <scrolltime>200</scrolltime>
                        <itemlayout height="100" width="1720">
                            <control type="label">
                                <width>100%</width><!-- מיקום הכיתוב של השיר -->
                                <align>left</align>
                                 <font>Font-lycros</font>
                                <selectedcolor>$VAR[HighlightColor2]</selectedcolor>
                                <info>ListItem.Label</info>
                                <!-- Me Cange -->                                 
                                <textcolor>Selected</textcolor>                                
                                <font>Font-lycros</font>
                            </control>
                        </itemlayout>
                        <focusedlayout height="100" width="1720">
                            <control type="label">
                                <width>100%</width><!-- מיקום הכיתוב של השיר -->
                                <align>left</align>
                                <font>Font-lycros</font>
                                <textcolor>$VAR[HighlightColor2]</textcolor>
                                <selectedcolor>$VAR[HighlightColor2]</selectedcolor>
                                <info>ListItem.Label</info>
                                <font>Font-lycros</font>
                            </control>
                        </focusedlayout>
                    </control>
                    <!-- ** Required ** Do not change <id> or <type> (Song Chooser if it gets it wrong) -->
                    <control type="list" id="120">
                        <left>100</left>
                        <right>100</right>
                        <top>SidePad</top>
                        <bottom>30</bottom>
                        <onleft>111</onleft>
                        <onright>111</onright>
                        <onup>110</onup>
                        <ondown>110</ondown>
                        <pagecontrol>111</pagecontrol>
                        <scrolltime>200</scrolltime>
                        <itemlayout height="50">
                            <control type="label">
                                <width>1720</width>
                                <selectedcolor>$VAR[HighlightColor2]</selectedcolor>
                                <info>ListItem.Label</info>
                                <!-- Me Cange -->                                  
                                <textcolor>Selected</textcolor>                                
                            </control>
                        </itemlayout>
                        <focusedlayout height="50">
                            <control type="label">
                                <width>1720</width>
                                <textcolor>$VAR[HighlightColor2]</textcolor>
                                <selectedcolor>$VAR[HighlightColor2]</selectedcolor>
                                <info>ListItem.Label</info>
                            </control>
                        </focusedlayout>
                    </control>
                    
                    <control type="label" id="200">
                        <description>Scraper label</description>
                        <visible>false</visible>
                    </control>
                
                </control>
              
            </control>
       
        </control>
    </controls>
</window>
