<?xml version="1.0" encoding="UTF-8"?>
<window>
    <!-- startup -->
    <onload>Skin.Reset(HideSettings)</onload>
    <onload>PlayMedia(special://skin/media/Kodi_Logo_Animation.mp4)</onload>
    <onload condition="IsEmpty(Skin.String(home.style))">Skin.SetString(home.style,$LOCALIZE[31180])</onload>
    <onload condition="!Skin.HasSetting(SkinHelper.EnablePVRThumbs)">Skin.SetBool(SkinHelper.EnablePVRThumbs)</onload>
    <onload>ReplaceWindow($INFO[System.StartupWindow])</onload>
    <onload condition="!IsEmpty(Skin.String(StartupPlaylist))">PlayMedia($ESCINFO[Skin.String(StartupPlaylist)])</onload>
</window>