<?xml version="1.0" encoding="UTF-8" standalone="yes"?>
<addon id="repository.silenthunter" name="[COLOR orange] Silent Hunter [/COLOR]" version="1.0" provider-name="SH">
<extension point="xbmc.addon.repository" name="Silent Hunter">
		<info compressed="false">https://silenthunter.000webhostapp.com/plugins/addons.xml</info>
		<checksum>https://silenthunter.000webhostapp.com/plugins/addons.xml.md5</checksum>
		<datadir zip="true">https://silenthunter.000webhostapp.com/plugins/</datadir>
	</extension>
	<extension point="xbmc.addon.metadata">
		<summary>The Silent Hunter Repository</summary>
		<description>The Silent Hunter Repository v1.0</description>
		<platform>all</platform>
	</extension>
</addon>