<?xml version="1.0" encoding="UTF-8" standalone="yes"?>
<addon id="plugin.program.CollkodiWIZ.wall" name="Coll Kodi The wiz wall" version="1.0.0" provider-name="coll kodi">
  <requires>
    <import addon="xbmc.python" version="2.1.0"/>
  </requires>
  <extension point="xbmc.python.pluginsource" library="default.py">
        <provides>executable</provides>
  </extension>
  <extension point="xbmc.addon.metadata">
		<summary lang="en">coll kodi Wizard with theWIz wall</summary>
		<summary lang="heb">בילד אשר בונה קיר סרטים וסדרות מהתוסף אקסודוס בעזרת התוסף של thewiz</summary>
		<description lang="en">Click to install COLL KODI build</description>
		<disclaimer lang="en">V1.0.0</disclaimer>
		<forum></forum>
		<source></source>
		<website></website>
		<platform>all</platform>
	</extension>
</addon>
