<?xml version="1.0" encoding="UTF-8"?>
<!-- Foundation -->
<window id="135">
    <defaultcontrol always="true">10</defaultcontrol>
    <allowoverlay>no</allowoverlay>

    <controls>
        <control type="group">
            <visible>!Window.IsVisible(DialogAlbumInfo.xml)</visible>
            <include>Animation.FadeIn</include>
            <include>Animation.FadeOut</include>
            <include>GlobalOverlay</include>
        </control>   
        <control type="group">
            <visible>!Window.IsVisible(DialogAlbumInfo.xml)</visible>
            <include>Animation.FadeIn.Slide</include>
            <include>Animation.FadeOut</include>
            <centerleft>50%</centerleft>
            <centertop>50%</centertop>
            <width>1440</width>
<!-- Modification Taille ICI -->             
            <height>389</height>
            <control type="image">
                <left>0</left>
                <top>0</top>
                <right>0</right>
<!-- Modification Taille ICI -->                 
                <height>385</height>
                <texture border="32">common/shadow-24.png</texture>
            </control>
            <control type="image">
                <left>24</left>
                <top>24</top>
                <right>24</right>
<!-- Modification Taille ICI -->                     
                <height>337</height>
<!-- Modification Colordiffuse ICI -->                  
                <texture border="8" colordiffuse="Background">common/box.png</texture>
            </control>

            <control type="grouplist" id="9000">
                <posx>27</posx>
                <width>350</width>
                <top>27</top>
                <bottom>27</bottom>
                <itemgap>3</itemgap>
                <onup>9000</onup>
                <ondown>9000</ondown>
                <onright>50</onright>
                <onleft>50</onleft>


                <control type="button" id ="11">
                    <width>350</width>
                    <height>64</height>
<!-- Modification Label ICI -->                          
                    <label>31767</label>
<!-- Suppression Color ICI -->                     
                    <onright>IncreaseRating</onright>
                    <onleft>DecreaseRating</onleft>
<!-- Modification Color ICI -->                    
                    <texturenofocus colordiffuse="Dark4" border="5">common/box.png</texturenofocus>
                    <texturefocus colordiffuse="$VAR[ColorHighlight]" border="5">common/box.png</texturefocus>
                    <include>DefInfoButtons</include>
                </control>

                <control type="button" id ="10">
                    <width>350</width>
                    <height>64</height>
<!-- Modification Label ICI -->                     
                    <label>31766</label>
<!-- Suppression Color ICI -->                    
                    <onright>IncreaseRating</onright>
                    <onleft>DecreaseRating</onleft>
<!-- Modification Color ICI -->                      
                    <texturenofocus colordiffuse="Dark4" border="5">common/box.png</texturenofocus>
                    <texturefocus colordiffuse="$VAR[ColorHighlight]" border="5">common/box.png</texturefocus>
<!-- Ajout ICI -->                     
                    <onclick>RunScript(script.playalbum,songid=$INFO[ListItem.DBID])</onclick>
                    <include>DefInfoButtons</include>
                </control>                                
                
                <control type="button" id ="12">
                    <width>350</width>
                    <height>64</height>
                    <label>10523</label>                  
                    <onright>IncreaseRating</onright>
                    <onleft>DecreaseRating</onleft>                
                    <texturenofocus colordiffuse="Dark4" border="5">common/box.png</texturenofocus>
                    <texturefocus colordiffuse="$VAR[ColorHighlight]" border="5">common/box.png</texturefocus>
                    <include>DefInfoButtons</include>
                </control>

<!-- Ajout ICI -->                 
                <control type="button" id ="1200">
                    <width>350</width>
                    <height>64</height>
                    <label>Youtube</label>                  
                    <onright>IncreaseRating</onright>
                    <onleft>DecreaseRating</onleft>                  
                    <texturenofocus colordiffuse="Dark4" border="5">common/box.png</texturenofocus>
                    <texturefocus colordiffuse="$VAR[ColorHighlight]" border="5">common/box.png</texturefocus>
                    <onclick>Close</onclick>
                    <onclick>ActivateWindow(videos,plugin://plugin.video.youtube/search/?q=$INFO[ListItem.Label],return)</onclick>
                    <include>DefInfoButtons</include>
                </control>
                
                <control type="button" id ="13">
                    <width>350</width>
                    <height>64</height>
                    <label>13405</label>
<!-- Suppression Color ICI -->                     
                    <onright>IncreaseRating</onright>
                    <onleft>DecreaseRating</onleft>
<!-- Modification Color ICI -->                    
                    <texturenofocus colordiffuse="Dark4" border="5">common/box.png</texturenofocus>
                    <texturefocus colordiffuse="$VAR[ColorHighlight]" border="5">common/box.png</texturefocus>
                    <include>DefInfoButtons</include>
                    <visible>!Skin.HasSetting(global.kioskmode)</visible>
                </control>
            </control>
            
            <control type="image">
                <left>380</left>
                <top>27</top>
<!-- Modification Taille ICI -->                 
                <width>331</width>
<!-- Modification Taille ICI -->                 
                <height>331</height>
                <texture background="true">$VAR[MusicImage]</texture>
                <aspectratio scalediffuse="false">scale</aspectratio>
            </control>

            <control type="group">
<!-- Modification Taille ICI -->               
                <left>417</left>
<!-- Modification Taille ICI -->                     
                <right>-27</right>
                <control type="label">
                    <font>EpisodeNumber</font>
                    <top>15</top>
                    <right>420r</right>
                    <width>150</width>
                    <height>40</height>
                    <align>right</align>
                    <aligny>top</aligny>
                    <label>$NUMBER[0]$NUMBER[0]</label>
<!-- Modification Color ICI -->                    
                    <textcolor>Dark1</textcolor>
                    <selectedcolor>Dark1</selectedcolor>
                    <visible>!IntegerGreaterThan(ListItem.TrackNumber,0)</visible>
                </control>
                <control type="label">
                    <font>EpisodeNumber</font>
                    <top>15</top>
                    <right>420r</right>
                    <width>150</width>
                    <height>40</height>
                    <align>right</align>
                    <aligny>top</aligny>
                    <label>0$INFO[ListItem.TrackNumber]</label>
<!-- Modification Color ICI -->                    
                    <textcolor>Dark1</textcolor>
                    <selectedcolor>Dark1</selectedcolor>
                    <visible>!IntegerGreaterThan(ListItem.TrackNumber,9) + IntegerGreaterThan(ListItem.TrackNumber,0)</visible>
                </control>
                <control type="label">
                    <font>EpisodeNumber</font>
                    <top>15</top>
                    <right>420r</right>
                    <width>150</width>
                    <height>40</height>
                    <align>right</align>
                    <aligny>top</aligny>
                    <label>$INFO[ListItem.TrackNumber]</label>
<!-- Modification Color ICI -->                    
                    <textcolor>Dark1</textcolor>
                    <selectedcolor>Dark1</selectedcolor>
                    <visible>IntegerGreaterThan(ListItem.TrackNumber,9)</visible>
                </control>
                <control type="label">
                    <top>47</top>
                    <left>440</left>
                    <right>254</right>
                    <height>40</height>
                    <align>left</align>
                    <aligny>top</aligny>
                    <label>$INFO[ListItem.Title]</label>
                    <font>SmallBold</font>
 <!-- Modification Color ICI -->                   
                    <textcolor>Dark2</textcolor>
                    <selectedcolor>Dark2</selectedcolor>
                </control>
                <control type="label">
                    <top>85</top>
                    <left>440</left>
                    <right>50</right>
                    <height>40</height>
                    <align>left</align>
                    <aligny>top</aligny>
                    <label fallback="19055">$INFO[ListItem.Artist]$INFO[ListItem.Album,  •  ,]</label>
                    <font>Tiny</font>
<!-- Modification Color ICI -->                   
                    <textcolor>Dark2</textcolor>
                    <selectedcolor>Dark2</selectedcolor>
                </control>
                <control type="textbox">
                    <top>170</top>
                    <left>320</left>
                    <right>50</right>
                    <bottom>54</bottom>
                    <align>justify</align>
                    <aligny>top</aligny>
                    <label>[B]$LOCALIZE[515][/B]  [COLOR=Dark2]$INFO[ListItem.Genre][/COLOR][CR][B]$LOCALIZE[180][/B]  [COLOR=Dark2]$INFO[ListItem.Duration][/COLOR]</label>
                    <font>Tiny</font>
<!-- Modification Color ICI -->                    
                    <textcolor>Dark1</textcolor>
                    <selectedcolor>Dark1</selectedcolor>
                </control>
     
<!-- Suppression Flagstars ICI -->   
 
 <!-- Ajout ICI -->   
                 <control type="image">
                    <right>45</right>
                    <bottom>20</bottom>
                    <width>200</width>
                    <height>90</height>
                    <aspectratio align="right">keep</aspectratio>
                    <texture colordiffuse="Dark1">$INFO[ListItem.FileExtension,flags/audioinfo/,.png]</texture>
                </control> 
     
                 </control>
        </control>
    
    </controls>

</window>
