<?xml version="1.0" encoding="UTF-8"?>
<!-- Foundation -->
<window id="132">
    <defaultcontrol always="true">20</defaultcontrol>
    <allowoverlay>no</allowoverlay>

    <controls>

        <include>GlobalOverlay</include>

        <control type="group">
            <include>DefDialogBackground</include>
            
            <control type="label">
                <include>DefDialogHeader</include>
                <label>20333</label>
            </control>
       
            <control type="image">
                <posx>38</posx>
                <posy>120</posy>
                <width>325</width>
                <height>325</height>
                <texture fallback="DefaultAddonNone.png">$INFO[ListItem.Icon]</texture>
                <aspectratio align="center" aligny="center">scale</aspectratio>
            </control>

            <control type="spincontrolex" id="20">
                <description>Directory Content</description>
                <left>380</left>
                <width>662</width>
                <posy>120</posy>
                <font>-</font>
                <label>-</label>
                <align>right</align>
                <onup>29</onup>
                <ondown>21</ondown>
                <onleft>28</onleft>
                <onright>28</onright>
                <include>DefDialogButtons</include>
            </control>

            <control type="group">
                <visible>!Control.HasFocus(20)</visible>
                <control type="label">
                    <description>Directory Contains</description>
                    <left>410</left>
                    <width>612</width>
                    <height>70</height>
                    <aligny>center</aligny>
                    <posy>120</posy>
                    <label>20344</label>
                    <textcolor>Black70</textcolor>
                </control>

                <control type="label">
                    <description>Content Picker label</description>
                    <right>150</right>
                    <posy>120</posy>
                    <width>458</width>
                    <height>70</height>
                    <aligny>center</aligny>
                    <align>right</align>
                    <textcolor>Black70</textcolor>
                    <label>$INFO[Control.GetLabel(20)]</label>
                </control>
            </control>
            <control type="group">
                <visible>Control.HasFocus(20)</visible>
                <control type="label">
                    <description>Directory Contains</description>
                    <left>410</left>
                    <width>612</width>
                    <posy>120</posy>
                    <height>70</height>
                    <aligny>center</aligny>
                    <label>20344</label>
                    <textcolor>Selected</textcolor>
                </control>

                <control type="label">
                    <description>Content Picker label</description>
                    <right>150</right>
                    <posy>120</posy>
                    <height>70</height>
                    <aligny>center</aligny>
                    <width>458</width>
                    <align>right</align>
                    <textcolor>Selected</textcolor>
                    <label>$INFO[Control.GetLabel(20)]</label>
                </control>
            </control>

            <control type="list" id="21">
                <left>380</left>
                <width>662</width>
                <posy>210</posy>
                <height>207</height>
                <onup>20</onup>
                <onleft>5</onleft>
                <onright>20</onright>
                <ondown>5</ondown>
                <itemlayout height="69" width="662">

                    <control type="label">
                        <posx>30</posx>
                        <width>570</width>
                        <info>ListItem.Label</info>
                    </control>

                </itemlayout>

                <focusedlayout height="69" width="662">

                    <control type="image">
                        <width>100%</width>
                        <height>66</height>
                        <texture colordiffuse="$VAR[ColorHighlight]" border="8">common/box.png</texture>
                        <visible>Control.HasFocus(21)</visible>>
                    </control>

                    <control type="label">
                        <posx>30</posx>
                        <width>570</width>
                        <textcolor>Selected</textcolor>
                        <info>ListItem.Label</info>
                        <visible>Control.HasFocus(21)</visible>
                    </control>
                    <control type="label">
                        <posx>30</posx>
                        <width>570</width>
                        <textcolor>Black70</textcolor>
                        <info>ListItem.Label</info>
                        <visible>!Control.HasFocus(21)</visible>
                    </control>

                </focusedlayout>

            </control>

            <control type="grouplist" id="5">
                <description>Control Area</description>
                <left>38</left>
                <right>38</right>
                <posy>465</posy>
                <height>290</height>
                <itemgap>3</itemgap>
                <onup>21</onup>
                <ondown>29</ondown>
                <onleft>4</onleft>
                <onright>29</onright>
                <orientation>vertical</orientation>
            </control>

            <control type="button" id="7">
                <description>default</description>
                <align>left</align>
                <texturefocus colordiffuse="$VAR[ColorHighlight]" border="8">common/box.png</texturefocus>
            </control>

            <control type="radiobutton" id="8">
                <description>radioButton</description>
                <radioposx>946</radioposx>
                <texturefocus colordiffuse="$VAR[ColorHighlight]" border="8">common/box.png</texturefocus>
                <align>left</align>
            </control>

            <control type="button" id="22">
                <description>Settings</description>
                <centerleft>20%</centerleft>
                <posy>780</posy>
                <width>300</width>
                <label>5</label>
                <onup>5</onup>
                <onleft>29</onleft>
                <onright>28</onright>
                <ondown>20</ondown>
                <texturefocus colordiffuse="$VAR[ColorHighlight]" border="5">common/box.png</texturefocus>
                <texturenofocus colordiffuse="Black12" border="5">common/box.png</texturenofocus>
                <include>DefDialogButtons</include>
            </control>

            <control type="button" id="28">
                <description>Ok</description>
                <centerleft>50%</centerleft>
                <posy>780</posy>
                <width>300</width>
                <label>186</label>
                <onleft>22</onleft>
                <onright>29</onright>
                <onup>5</onup>
                <ondown>20</ondown>
                <texturefocus colordiffuse="$VAR[ColorHighlight]" border="5">common/box.png</texturefocus>
                <texturenofocus colordiffuse="Black12" border="5">common/box.png</texturenofocus>
                <include>DefDialogButtons</include>
            </control>

            <control type="button" id="29">
                <description>Cancel</description>
                <centerright>20%</centerright>
                <posy>780</posy>
                <width>300</width>
                <label>222</label>
                <onleft>28</onleft>
                <onright>22</onright>
                <onup>5</onup>
                <ondown>20</ondown>
                <texturefocus colordiffuse="$VAR[ColorHighlight]" border="5">common/box.png</texturefocus>
                <texturenofocus colordiffuse="Black12" border="5">common/box.png</texturenofocus>
                <include>DefDialogButtons</include>
            </control>

        </control>

    </controls>

</window>
