<?xml version="1.0" encoding="UTF-8"?>
<!-- Foundation -->
<fonts>
    <fontset id="Default" unicode="true">
<!-- Ajout Police ICI -->      
        <font>
            <name>MusicVisualisation</name>
            <style>uppercase</style>
            <filename>RobotoCondensed-Bold.ttf</filename>
            <size>25</size>
        </font>    
<!-- Ajout Police ICI -->     
            <font>
            <name>NextUp</name>
            <style>uppercase</style>
            <filename>RobotoCondensed-Bold.ttf</filename>
            <size>36</size>           
        </font>
<!-- Ajout Police ICI -->             
        <font>
            <name>View156</name>
            <filename>RobotoCondensed-Bold.ttf</filename>
            <size>21</size>
        </font>            
        <font>
            <name>Lyrics</name>
            <filename>RobotoCondensed-Light.ttf</filename>
            <size>48</size>
        </font>   
        <font>
            <name>LargeBold</name>
            <filename>RobotoCondensed-Bold.ttf</filename>
            <size>48</size>
        </font>
        <font>
            <name>Large</name>
            <filename>RobotoCondensed-Regular.ttf</filename>
            <size>48</size>
        </font>
        <font>
            <name>EpisodeNumber</name>
            <filename>RobotoCondensed-Bold.ttf</filename>
            <size>100</size>
        </font>
        <font>
            <name>Medium</name>
            <filename>RobotoCondensed-Regular.ttf</filename>
            <size>38</size>
        </font>
        <font>
            <name>MediumBold</name>
            <filename>RobotoCondensed-Bold.ttf</filename>
            <size>38</size>
        </font>
         <font>
	 <name>MediumSmall</name>
	<filename>RobotoCondensed-Regular.ttf</filename>
	<size>30</size>
	</font>
         <font>
	 <name>MediumVerySmall</name>
	<filename>RobotoCondensed-Regular.ttf</filename>
	<size>26</size>
	</font>        
        <font>
            <name>Small</name>
            <filename>RobotoCondensed-Regular.ttf</filename>
            <size>30</size>
        </font>
        <font>
            <name>SmallBold</name>
            <filename>RobotoCondensed-Bold.ttf</filename>
            <size>32</size>
        </font>
<!-- Ajout Police ICI -->        
        <font>
            <name>SmallBold2</name>
            <filename>RobotoCondensed-Bold.ttf</filename>
            <size>34</size>
        </font>           
        <font>
            <name>Tiny</name>
            <filename>RobotoCondensed-Regular.ttf</filename>
            <size>26</size>
        </font>
        <font>
            <name>TinyBold</name>
            <filename>RobotoCondensed-Bold.ttf</filename>
            <size>26</size>
        </font>
        <font>
            <name>Mini</name>
            <filename>RobotoCondensed-Regular.ttf</filename>
            <size>24</size>
        </font>
<!-- Ajout Police ICI --> 
        <font>
            <name>MiniSmall</name>
            <filename>RobotoCondensed-Regular.ttf</filename>
            <size>22</size>
        </font> 
        <font>
            <name>Button</name>
            <style>uppercase</style>
            <filename>RobotoCondensed-Regular.ttf</filename>
            <size>24</size>
        </font>
        
        <font>
            <name>Flag</name>
            <style>uppercase</style>
            <filename>RobotoCondensed-Bold.ttf</filename>
            <size>22</size>
        </font>
<!-- Ajout Police ICI --> 
        <font>
            <name>FlagHD</name>
            <style>uppercase</style>
            <filename>RobotoCondensed-Bold.ttf</filename>
            <size>40</size>
        </font>
        <font>
        <name>FlagHD2</name>
         <style>uppercase</style>
            <filename>RobotoCondensed-Bold.ttf</filename>
            <size>30</size>
        </font>          
        <font>
            <name>EPGTimeline</name>
            <filename>RobotoCondensed-Bold.ttf</filename>
            <size>20</size>
            <style>uppercase</style>
        </font>
        <font>
            <name>Home</name>
            <style>uppercase</style>
            <filename>RobotoCondensed-Bold.ttf</filename>
            <size>32</size>
        </font>
        <font>
            <name>HomeIcon</name>
            <style>uppercase</style>
            <filename>RobotoCondensed-Bold.ttf</filename>
            <size>26</size>
        </font>
        
        <font>
            <name>WidgetSelector</name>
            <style>uppercase</style>
            <filename>RobotoCondensed-Bold.ttf</filename>
            <size>22</size>
        </font>
        
        
        <!-- Required for system -->
        <font>
            <name>font13</name>
            <filename>RobotoCondensed-Regular.ttf</filename>
            <size>30</size>
        </font>

    </fontset>
    
    <fontset id="Fallback Arial" unicode="true">
<!-- Ajout Police ICI -->      
        <font>
            <name>MusicVisualisation</name>
            <style>uppercase</style>
            <filename>arial.ttf</filename>
            <size>25</size>
        </font>    
<!-- Ajout Police ICI -->     
            <font>
            <name>NextUp</name>
            <style>uppercase</style>
            <filename>arial.ttf</filename>
            <size>36</size>           
        </font>
<!-- Ajout Police ICI -->             
        <font>
            <name>View156</name>
            <filename>arial.ttf</filename>
            <size>21</size>
        </font>
<!-- Ajout Police ICI -->        
        <font>
            <name>SmallBold2</name>
            <filename>arial.ttf</filename>
            <size>34</size>
        </font>            
<!-- Ajout Police ICI --> 
        <font>
            <name>MiniSmall</name>
            <filename>arial.ttf</filename>
            <size>22</size>
        </font>
<!-- Ajout Police ICI --> 
        <font>
            <name>FlagHD</name>
            <style>uppercase</style>
            <filename>RobotoCondensed-Bold.ttf</filename>
            <size>40</size>
        </font>                    
        <font>
            <name>LargeBold</name>
            <style>uppercase</style>
            <filename>arial.ttf</filename>
            <size>48</size>
        </font>
        <font>
            <name>Large</name>
            <filename>arial.ttf</filename>
            <size>42</size>
        </font>
        <font>
            <name>Lyrics</name>
            <filename>arial.ttf</filename>
            <size>48</size>
        </font>
        <font>
            <name>EpisodeNumber</name>
            <filename>arial.ttf</filename>
            <size>100</size>
        </font>
        <font>
            <name>Medium</name>
            <filename>arial.ttf</filename>
            <size>38</size>
        </font>
        <font>
            <name>MediumBold</name>
            <filename>arial.ttf</filename>
            <size>38</size>
        </font>
        
        <font>
            <name>Small</name>
            <filename>arial.ttf</filename>
            <size>30</size>
        </font>
        <font>
            <name>SmallBold</name>
            <filename>arial.ttf</filename>
            <size>27</size>
        </font>
        
      
        <font>
            <name>Tiny</name>
            <filename>arial.ttf</filename>
            <size>22</size>
        </font>
        <font>
            <name>TinyBold</name>
            <filename>arial.ttf</filename>
            <size>26</size>
        </font>
        <font>
            <name>Mini</name>
            <filename>arial.ttf</filename>
            <size>24</size>
        </font>
        <font>
            <name>Button</name>
            <style>uppercase</style>
            <filename>arial.ttf</filename>
            <size>24</size>
        </font>
        
        <font>
            <name>Flag</name>
            <style>uppercase</style>
            <filename>arial.ttf</filename>
            <size>22</size>
        </font>
        <font>
            <name>EPGTimeline</name>
            <filename>arial.ttf</filename>
            <size>20</size>
            <style>uppercase</style>
        </font>
        <font>
            <name>Home</name>
            <style>uppercase</style>
            <filename>arial.ttf</filename>
            <size>32</size>
        </font>
        <font>
            <name>HomeIcon</name>
            <style>uppercase</style>
            <filename>arial.ttf</filename>
            <size>26</size>
        </font>
        
        <font>
            <name>WidgetSelector</name>
            <style>uppercase</style>
            <filename>arial.ttf</filename>
            <size>22</size>
        </font>
        
      
        
        <!-- Required for system -->
        <font>
            <name>font13</name>
            <filename>arial.ttf</filename>
            <size>30</size>
        </font>

    </fontset>

    <fontset id="Large" unicode="true">
<!-- Ajout Police ICI -->      
        <font>
            <name>MusicVisualisation</name>
            <style>uppercase</style>
            <filename>RobotoCondensed-Bold.ttf</filename>
            <size>25</size>
        </font>    
<!-- Ajout Police ICI -->     
            <font>
            <name>NextUp</name>
            <style>uppercase</style>
            <filename>RobotoCondensed-Bold.ttf</filename>
            <size>36</size>           
        </font>
<!-- Ajout Police ICI -->             
        <font>
            <name>View156</name>
            <filename>RobotoCondensed-Bold.ttf</filename>
            <size>21</size>
        </font>
<!-- Ajout Police ICI -->        
        <font>
            <name>SmallBold2</name>
            <filename>RobotoCondensed-Bold.ttf</filename>
            <size>34</size>
        </font>            
<!-- Ajout Police ICI --> 
        <font>
            <name>MiniSmall</name>
            <filename>RobotoCondensed-Regular.ttf</filename>
            <size>22</size>
        </font>
<!-- Ajout Police ICI --> 
        <font>
            <name>FlagHD</name>
            <style>uppercase</style>
            <filename>RobotoCondensed-Bold.ttf</filename>
            <size>40</size>
        </font>         
        <font>
            <name>LargeBold</name>
            <style>uppercase</style>
            <filename>RobotoCondensed-Bold.ttf</filename>
            <size>48</size>
        </font>
        <font>
            <name>Lyrics</name>
            <filename>RobotoCondensed-Light.ttf</filename>
            <size>48</size>
        </font>
        <font>
            <name>Large</name>
            <filename>RobotoCondensed-Regular.ttf</filename>
            <size>48</size>
        </font>
        <font>
            <name>EpisodeNumber</name>
            <filename>RobotoCondensed-Bold.ttf</filename>
            <size>100</size>
        </font>
        <font>
            <name>Medium</name>
            <filename>RobotoCondensed-Regular.ttf</filename>
            <size>38</size>
        </font>
        <font>
            <name>MediumBold</name>
            <filename>RobotoCondensed-Bold.ttf</filename>
            <size>38</size>
        </font>
        
        <font>
            <name>Small</name>
            <filename>RobotoCondensed-Regular.ttf</filename>
            <size>34</size>
        </font>
        <font>
            <name>SmallBold</name>
            <filename>RobotoCondensed-Bold.ttf</filename>
            <size>34</size>
        </font>
        
      
        <font>
            <name>Tiny</name>
            <filename>RobotoCondensed-Regular.ttf</filename>
            <size>30</size>
            <linespacing>0.85</linespacing>
        </font>
        <font>
            <name>TinyBold</name>
            <filename>RobotoCondensed-Bold.ttf</filename>
            <size>30</size>
        </font>
        <font>
            <name>Mini</name>
            <filename>RobotoCondensed-Regular.ttf</filename>
            <size>24</size>
        </font>
        <font>
            <name>Button</name>
            <style>uppercase</style>
            <filename>RobotoCondensed-Regular.ttf</filename>
            <size>28</size>
        </font>
        
        <font>
            <name>Flag</name>
            <style>uppercase</style>
            <filename>RobotoCondensed-Bold.ttf</filename>
            <size>26</size>
        </font>
        <font>
            <name>EPGTimeline</name>
            <filename>RobotoCondensed-Bold.ttf</filename>
            <size>20</size>
            <style>uppercase</style>
        </font>
        <font>
            <name>Home</name>
            <style>uppercase</style>
            <filename>RobotoCondensed-Bold.ttf</filename>
            <size>34</size>
        </font>
        <font>
            <name>HomeIcon</name>
            <style>uppercase</style>
            <filename>RobotoCondensed-Bold.ttf</filename>
            <size>26</size>
        </font>
        
        <font>
            <name>WidgetSelector</name>
            <style>uppercase</style>
            <filename>RobotoCondensed-Bold.ttf</filename>
            <size>22</size>
        </font>
       
        <!-- Required for system -->
        <font>
            <name>font13</name>
            <filename>RobotoCondensed-Regular.ttf</filename>
            <size>30</size>
        </font>

    </fontset>
    
</fonts>
