<?xml version="1.0" encoding="UTF-8"?>
<includes>
    <variable name="GlobalSearchArt">
        <value condition="!IsEmpty(ListItem.Property(Fanart))">$INFO[ListItem.Property(Fanart)]</value>
        <value>$INFO[ListItem.Thumb]</value>
    </variable>
    <variable name="GlobalSearchPoster">
        <value condition="Control.IsVisible(140)">DefaultVideo.png</value>
        <value>$INFO[Container(100).ListItem.Icon]</value>
    </variable>
    <variable name="GlobalSearchArtInfo">
        <value condition="!IsEmpty(Container(100).ListItem.Property(Fanart))">$INFO[Container(100).ListItem.Property(Fanart)]</value>
        <value condition="Control.HasFocus(111) + !IsEmpty(Container(111).ListItem.Property(Fanart))">$INFO[Container(111).ListItem.Property(Fanart)]</value>
        <value condition="Control.HasFocus(121) + !IsEmpty(Container(121).ListItem.Property(Fanart))">$INFO[Container(121).ListItem.Property(Fanart)]</value>
        <value condition="Control.HasFocus(131) + !IsEmpty(Container(131).ListItem.Property(Fanart))">$INFO[Container(131).ListItem.Property(Fanart)]</value>
        <value condition="Control.HasFocus(141) + !IsEmpty(Container(141).ListItem.Property(Fanart))">$INFO[Container(141).ListItem.Property(Fanart)]</value>
        <value condition="Control.HasFocus(151) + !IsEmpty(Container(151).ListItem.Property(Fanart))">$INFO[Container(151).ListItem.Property(Fanart)]</value>
        <value condition="Control.HasFocus(161) + !IsEmpty(Container(161).ListItem.Property(Fanart))">$INFO[Container(161).ListItem.Property(Fanart)]</value>
        <value condition="Control.HasFocus(171) + !IsEmpty(Container(171).ListItem.Property(Fanart))">$INFO[Container(171).ListItem.Property(Fanart)]</value>
        <value condition="Control.HasFocus(181) + !IsEmpty(Container(181).ListItem.Property(Fanart))">$INFO[Container(181).ListItem.Property(Fanart)]</value>
        <value condition="Control.HasFocus(191) + !IsEmpty(Container(191).ListItem.Property(Fanart))">$INFO[Container(191).ListItem.Property(Fanart)]</value>
        <value condition="Control.HasFocus(211) + !IsEmpty(Container(211).ListItem.Property(Fanart))">$INFO[Container(211).ListItem.Property(Fanart)]</value>
<!-- Ajout ICI -->        
        <value condition="Control.HasFocus(221) + !IsEmpty(Container(221).ListItem.Property(Fanart))">$INFO[Container(221).ListItem.Property(Fanart)]</value>
        <value>$INFO[Container(100).ListItem.Thumb]</value>
    </variable>
<!-- Ajout ICI -->      
    <variable name="GlobalSearchInfoSubHeading">
         <value condition="Control.IsVisible(110)">$INFO[Container(100).ListItem.Property(Tagline)]</value>
        <value condition="Control.IsVisible(120)">$INFO[Container(100).ListItem.Property(Episode),, $LOCALIZE[20453]]</value>
         <value condition="Control.IsVisible(140)">$INFO[Container(100).ListItem.Property(TvShowTitle)]</value>
         <value condition="Control.IsVisible(150)">$INFO[Container(100).ListItem.Property(Artist)]</value>
         <value condition="Control.IsVisible(160)">$INFO[Container(100).ListItem.Property(Artist_YearsActive)]</value>
         <value condition="Control.IsVisible(170) | Control.IsVisible(180)">$INFO[Container(100).ListItem.Property(Artist)]</value>
         <value condition="Control.IsVisible(200)">$INFO[Container(100).ListItem.Property(ChannelNumber)] $INFO[Container(100).ListItem.Property(ChannelName)]
         </value>
     </variable>
    <include name="GlobalSearchListItem">
        <control type="image">
            <left>0</left>
            <right>10</right>
            <top>0</top>
            <bottom>10</bottom>
            <aspectratio>scale</aspectratio>
            <texture fallback="pvr/background.jpg">$VAR[GlobalSearchArt]</texture>
        </control>
        <control type="image">
            <left>0</left>
            <right>10</right>
            <height>48</height>
            <bottom>10</bottom>
            <texture colordiffuse="Black70">common/white.png</texture>
        </control>
        <control type="label">
            <left>20</left>
            <right>30</right>
            <height>48</height>
            <bottom>10</bottom>
<!-- Modification Align ICI -->            
            <align>center</align>
            <font>TinyBold</font>
            <textcolor>White100</textcolor>
            <label>$INFO[ListItem.Label]</label>
        </control>
    </include>
    <include name="GlobalSearchListFocus">
        <control type="image">
            <left>0</left>
            <right>10</right>
            <top>0</top>
            <bottom>10</bottom>
            <aspectratio>scale</aspectratio>
            <texture fallback="pvr/background.jpg">$VAR[GlobalSearchArt]</texture>
        </control>
        <control type="image">
            <left>0</left>
            <right>10</right>
            <height>48</height>
            <bottom>10</bottom>
            <texture colordiffuse="$VAR[ColorHighlight]">common/white.png</texture>
        </control>
        <control type="label">
            <left>20</left>
            <right>30</right>
            <height>48</height>
            <bottom>10</bottom>
<!-- Modification Align ICI -->                  
            <align>center</align>
            <font>TinyBold</font>
            <textcolor>Selected</textcolor>
            <label>$INFO[ListItem.Label]</label>
        </control>
    </include>
    <include name="GlobalSearchListGroupParams">
        <control type="group" id="$PARAM[groupid]">
            <height>220</height>
            <control type="image">
                <left>0</left>
                <width>192</width>
                <top>0</top>
                <height>210</height>
                <texture colordiffuse="Panel">common/white.png</texture>
            </control>
            <control type="image">
                <left>0</left>
                <width>192</width>
                <top>0</top>
                <bottom>58</bottom>
                <aspectratio>keep</aspectratio>
<!-- Suppression ColorDiffuse ICI -->                
                <texture>$PARAM[iconimage]</texture>
            </control>
            <control type="button" id="$PARAM[buttonid]">
                <left>0</left>
                <width>192</width>
                <height>48</height>
                <bottom>10</bottom>
                <font>Mini</font>
                <textoffsetx>10</textoffsetx>
                <textcolor>White100</textcolor>
                <focusedcolor>Selected</focusedcolor>
                <onright>$PARAM[listid]</onright>
<!-- Ajout ICI -->                
                <onleft>9000</onleft>
                <onup>$PARAM[onleft]</onup>
                <ondown>$PARAM[onright]</ondown>
                <onclick>Close</onclick>
                <onclick>$PARAM[buttonclick]</onclick>
                <texturenofocus colordiffuse="Black70">common/white.png</texturenofocus>
                <texturefocus colordiffuse="$VAR[ColorHighlight]">common/white.png</texturefocus>
                <label>$INFO[Control.GetLabel($PARAM[labelid]),$PARAM[locallabel] (,)]</label>
            </control>
            <control type="list" id="$PARAM[listid]">
                <top>0</top>
                <onleft>$PARAM[buttonid]</onleft>
                <onup>$PARAM[onleft]</onup>
                <ondown>$PARAM[onright]</ondown>
                <height>220</height>
                <left>202</left>
                <width>1568</width>
                <orientation>horizontal</orientation>
                <itemlayout height="220" width="392">
                    <include>GlobalSearchListItem</include>
                </itemlayout>
                <focusedlayout height="220" width="392">
                    <control type="group">
                        <visible>!Control.HasFocus($PARAM[listid])</visible>
                        <include>GlobalSearchListItem</include>
                    </control>
                    <control type="group">
                        <visible>Control.HasFocus($PARAM[listid])</visible>
                        <include>GlobalSearchListFocus</include>
                    </control>
                </focusedlayout>
            </control>
        
            <control type="image">
                <centertop>100</centertop>
                <centerright>8</centerright>
                <width>16</width>
                <height>16</height>
                <include>Animation.DelayFadeIn</include>
                <include>Animation.FadeOut</include>
                <visible>Control.HasFocus($PARAM[listid]) + IntegerGreaterThan(Container($PARAM[listid]).NumItems,4)</visible>
<!-- Modification Color ICI -->          
        <texture colordiffuse="$VAR[ColorHighlight]" flipx="false">common/arrow-small-right.png</texture>
            </control>
        </control>

    </include>
   
   <include name="GlobalSearchInfoPosterArt">
        <control type="group">
            <visible>!Window.IsVisible(script-ExtendedInfo Script-DialogVideoInfo.xml)</visible>
            <animation effect="slide" start="-1920" end="0" delay="0" time="300" tween="quadratic" easing="out">WindowOpen</animation>
            <animation effect="slide" start="0" end="-1920" time="300" tween="quadratic" easing="in">WindowClose</animation>
            <animation effect="slide" start="-1920" end="0" delay="0" time="300" tween="quadratic" easing="out">Visible</animation>
            <animation effect="slide" start="0" end="-1920" time="300" tween="quadratic" easing="in">Hidden</animation>
            <control type="group" description="Poster">
                <left>SidePad</left>
                <top>PosterPad</top>
                <control type="image">
                    <top>PosterH</top>
                    <width>PosterW</width>
                    <height>PosterH</height>
                    <fadetime>100</fadetime>
                    <aspectratio align="center" aligny="center" scalediffuse="false">scale</aspectratio>
                    <texture flipy="true" diffuse="diffuse/listposter-ref.png" background="true">$INFO[Container(100).ListItem.Thumb]</texture>
                    <visible>Skin.HasSetting(show.reflections)</visible>
                </control>
                <control type="image">
                    <centertop>PosterH</centertop>
                    <width>PosterW</width>
                    <height>48</height>
                    <aspectratio>stretch</aspectratio>
                    <texture>diffuse/shadowspot.png</texture>
                    
                </control>
                <control type="image">
                    <width>PosterW</width>
                    <height>PosterH</height>
                    <texture border="5" colordiffuse="FF181818">common/box.png</texture>
                </control>
                <control type="image">
                    <width>PosterW</width>
                    <height>PosterH</height>
                    <fadetime>100</fadetime>
                    <aspectratio align="center" aligny="center" scalediffuse="false">scale</aspectratio>
                    <texture diffuse="diffuse/listposter.png" background="true">$INFO[Container(100).ListItem.Thumb]</texture>
                </control>
                <control type="image">
                    <left>-24</left>
                    <top>-24</top>
                    <width>PosterShadowW</width>
                    <height>PosterShadowH</height>
                    <texture border="32">common/shadow-24.png</texture>
                </control>
            </control>
        </control>
    </include>

    <include name="GlobalSearchInfoSquareArt">
        <control type="group" description="Square">
            <visible>!Window.IsVisible(script-ExtendedInfo Script-DialogVideoInfo.xml)</visible>
            <animation effect="slide" start="-1920" end="0" delay="0" time="300" tween="quadratic" easing="out">WindowOpen</animation>
            <animation effect="slide" start="0" end="-1920" time="300" tween="quadratic" easing="in">WindowClose</animation>
            <animation effect="slide" start="-1920" end="0" delay="0" time="300" tween="quadratic" easing="out">Visible</animation>
            <animation effect="slide" start="0" end="-1920" time="300" tween="quadratic" easing="in">Hidden</animation>
            <left>SidePad</left>
            <top>PosterPad</top>
            <visible>!IsEmpty(Container(100).ListItem.Thumb)</visible>
            <control type="image">
                <top>PosterH</top>
                <width>PosterH</width>
                <height>PosterH</height>
                <fadetime>100</fadetime>
                <aspectratio align="center" aligny="center" scalediffuse="false">scale</aspectratio>
                <texture flipy="true" diffuse="diffuse/listposter-ref.png" background="true">$INFO[Container(100).ListItem.Thumb]</texture>
                <visible>Skin.HasSetting(show.reflections)</visible>
            </control>
            <control type="image">
                <centertop>PosterH</centertop>
                <width>PosterH</width>
                <height>48</height>
                <aspectratio>stretch</aspectratio>
                <texture>diffuse/shadowspot.png</texture>
            </control>
            <control type="image">
                <width>PosterH</width>
                <height>PosterH</height>
                <texture border="5" colordiffuse="FF181818">common/box.png</texture>
            </control>
            <control type="image">
                <width>PosterH</width>
                <height>PosterH</height>
                <fadetime>100</fadetime>
                <aspectratio align="center" aligny="center" scalediffuse="false">scale</aspectratio>
                <texture diffuse="diffuse/listposter.png" background="true">$INFO[Container(100).ListItem.Thumb]</texture>
            </control>
            <control type="image">
                <left>-24</left>
                <top>-24</top>
                <width>PosterShadowH</width>
                <height>PosterShadowH</height>
                <texture border="32">common/shadow-24.png</texture>
            </control>
        </control>
    </include>

    <include name="GlobalSearchVideoDetails">
        <control type="group">
            <visible>!Window.IsVisible(script-ExtendedInfo Script-DialogVideoInfo.xml)</visible>
            <animation effect="slide" start="1920" end="0" delay="0" time="300" tween="quadratic" easing="out">WindowOpen</animation>
            <animation effect="slide" start="0" end="1920" time="300" tween="quadratic" easing="in">WindowClose</animation>
            <animation effect="slide" start="1920" end="0" delay="0" time="300" tween="quadratic" easing="out">Visible</animation>
            <animation effect="slide" start="0" end="1920" time="300" tween="quadratic" easing="in">Hidden</animation>
            <left>540</left>
            <right>SidePad</right>
            <bottom>224</bottom>
            <top>PosterPad</top>
            <control type="grouplist">
                <left>30</left>
                <right>30</right>
                <itemgap>0</itemgap>
                <control type="label">
                    <description>Header Label</description>
                    <textcolor>Dark1</textcolor>
                    <width>1000</width>
                    <include>DefDialogInfoHeader</include>
                    <label>$INFO[Container(100).ListItem.Label]</label>
                </control>
                <control type="group">
                    <height>50</height>
                    <control type="label">
                        <posy>-10</posy>
                        <width>100%</width>
                        <height>36</height>
                        <font>Tiny</font>
                        <textcolor>Dark2</textcolor>
                        <label fallback="19055">$VAR[GlobalSearchInfoSubHeading]</label>
                        <aligny>center</aligny>
                    </control>
                </control>
                
                <control type="group">
                	         <visible>!IsEmpty(Container(100).ListItem.Property(Genre))</visible>
                            <height>36</height>
                            <control type="label">
                                <width>100%</width>
                                <height>36</height>
                                <font>Tiny</font>
                                <textcolor>Dark1</textcolor>
                                <label>[B]$LOCALIZE[515][/B]</label>
                                <aligny>center</aligny>
                                <visible>!Container.Content(episodes)</visible>
                            </control>
                            <control type="label">
                                <left>150</left>
                                <width>100%</width>
                                <height>36</height>
                                <font>Tiny</font>
                                <textcolor>Dark2</textcolor>
                                <label fallback="19055">$INFO[Container(100).ListItem.Property(Genre)]</label>
                                <aligny>center</aligny>
                                <visible>!Container.Content(episodes)</visible>
                            </control>
                        </control>      
                
                <control type="group">
                    <visible>!IsEmpty(Container(100).ListItem.Property(Year))</visible>
                    <height>36</height>
                    <control type="label">
                        <width>100%</width>
                        <height>36</height>
                        <font>Tiny</font>
                        <textcolor>Dark1</textcolor>
                        <label>[B]$LOCALIZE[345][/B]</label>
                        <aligny>center</aligny>
                    </control>
                    <control type="label">
                        <left>150</left>
                        <right>420</right>
                        <height>36</height>
                        <font>Tiny</font>
                        <textcolor>Dark2</textcolor>
                        <label>$INFO[Container(100).ListItem.Property(Year)]</label>
                        <aligny>center</aligny>
                    </control>
                </control>
                <control type="group">
                    <visible>!IsEmpty(Container(100).ListItem.Property(Season))</visible>
                    <height>36</height>
                    <control type="label">
                        <width>100%</width>
                        <height>36</height>
                        <font>Tiny</font>
                        <textcolor>Dark1</textcolor>
                        <label>[B]$LOCALIZE[20373][/B]</label>
                        <aligny>center</aligny>
                    </control>
                    <control type="label">
                        <left>150</left>
                        <right>420</right>
                        <height>36</height>
                        <font>Tiny</font>
                        <textcolor>Dark2</textcolor>
                        <label>$INFO[Container(100).ListItem.Property(Season)]</label>
                        <aligny>center</aligny>
                    </control>
                </control>
                <control type="group">
                    <visible>Control.IsVisible(140) + !IsEmpty(Container(100).ListItem.Property(Episode))</visible>
                    <height>36</height>
                    <control type="label">
                        <width>100%</width>
                        <height>36</height>
                        <font>Tiny</font>
                        <textcolor>Dark1</textcolor>
                        <label>[B]$LOCALIZE[20359][/B]</label>
                        <aligny>center</aligny>
                    </control>
                    <control type="label">
                        <left>150</left>
                        <right>420</right>
                        <height>36</height>
                        <font>Tiny</font>
                        <textcolor>Dark2</textcolor>
                        <label>$INFO[Container(100).ListItem.Property(Episode)]</label>
                        <aligny>center</aligny>
                    </control>
                </control>
                <control type="group">
                    <visible>Control.IsVisible(140) + !IsEmpty(Container(100).ListItem.Property(Premiered))</visible>
                    <height>36</height>
                    <control type="label">
                        <width>100%</width>
                        <height>36</height>
                        <font>Tiny</font>
                        <textcolor>Dark1</textcolor>
                        <label>[B]$LOCALIZE[31789][/B]</label>
                        <aligny>center</aligny>
                    </control>
                    <control type="label">
                        <left>150</left>
                        <right>420</right>
                        <height>36</height>
                        <font>Tiny</font>
                        <textcolor>Dark2</textcolor>
                        <label>$INFO[Container(100).ListItem.Property(Premiered)]</label>
                        <aligny>center</aligny>
                    </control>
                </control>
                <control type="group">
                    <visible>!IsEmpty(Container(100).ListItem.Property(Duration))</visible>
                    <height>36</height>
                    <control type="label">
                        <width>100%</width>
                        <height>36</height>
                        <font>Tiny</font>
                        <textcolor>Dark1</textcolor>
                        <label>[B]$LOCALIZE[2050][/B]</label>
                        <aligny>center</aligny>
                    </control>
                    <control type="label">
                        <left>150</left>
                        <right>420</right>
                        <height>36</height>
                        <font>Tiny</font>
                        <textcolor>Dark2</textcolor>
                        <label>$INFO[Container(100).ListItem.Property(Duration),, $LOCALIZE[12391]]</label>
                        <aligny>center</aligny>
                    </control>
                </control>
                <control type="group">
                    <visible>!IsEmpty(Container(100).ListItem.Property(Studio))</visible>
                    <height>36</height>
                    <control type="label">
                        <width>100%</width>
                        <height>36</height>
                        <font>Tiny</font>
                        <textcolor>Dark1</textcolor>
                        <label>[B]$LOCALIZE[572][/B]</label>
                        <aligny>center</aligny>
                    </control>
                    <control type="label">
                        <left>150</left>
                        <right>420</right>
                        <height>36</height>
                        <font>Tiny</font>
                        <textcolor>Dark2</textcolor>
                        <label>$INFO[Container(100).ListItem.Property(Studio)]</label>
                        <aligny>center</aligny>
                    </control>
                </control>
                <control type="group">
                    <visible>!IsEmpty(Container(100).ListItem.Property(Director))</visible>
                    <height>36</height>
                    <control type="label">
                        <width>100%</width>
                        <height>36</height>
                        <font>Tiny</font>
                        <textcolor>Dark1</textcolor>
                        <label>[B]$LOCALIZE[20339][/B]</label>
                        <aligny>center</aligny>
                    </control>
                    <control type="label">
                        <left>150</left>
                        <right>420</right>
                        <height>36</height>
                        <font>Tiny</font>
                        <textcolor>Dark2</textcolor>
                        <label>$INFO[Container(100).ListItem.Property(Director)]</label>
                        <aligny>center</aligny>
                    </control>
                </control>
                
                <control type="group">
                    <visible>!IsEmpty(Container(100).ListItem.Property(Writer))</visible>
                    <height>36</height>
                    <control type="label">
                        <width>100%</width>
                        <height>36</height>
                        <font>Tiny</font>
                        <textcolor>Dark1</textcolor>
                        <label>[B]$LOCALIZE[20417][/B]</label>
                        <aligny>center</aligny>
                    </control>
                    <control type="label">
                        <left>150</left>
                        <right>420</right>
                        <height>36</height>
                        <font>Tiny</font>
                        <textcolor>Dark2</textcolor>
                        <label fallback="19055">$INFO[Container(100).ListItem.Property(Writer)]</label>
                        <aligny>center</aligny>
                    </control>
                </control>
                
                <control type="label">
                    <width>100%</width>
                    <height>20</height>
                    <font>Tiny</font>
                    <textcolor>Dark1</textcolor>
                    <label></label>
                    <aligny>center</aligny>
                </control>
                <control type="textbox">
                    <width>100%</width>
                    <height>188</height>
                    <font>Tiny</font>
                    <textcolor>Dark2</textcolor>
                    <label>$INFO[Container(100).ListItem.Property(Plot)]</label>
                </control>
                
            </control>
        </control>
    </include>

    <include name="GlobalSearchMusicDetails">
        <control type="group">
            <animation effect="slide" start="1920" end="0" delay="0" time="300" tween="quadratic" easing="out">WindowOpen</animation>
            <animation effect="slide" start="0" end="1920" time="300" tween="quadratic" easing="in">WindowClose</animation>
            <animation effect="slide" start="1920" end="0" delay="0" time="300" tween="quadratic" easing="out">Visible</animation>
            <animation effect="slide" start="0" end="1920" time="300" tween="quadratic" easing="in">Hidden</animation>
            <left>ListSquareX</left>
            <right>SidePad</right>
            <bottom>224</bottom>
            <top>PosterPad</top>
            <control type="grouplist">
                <left>30</left>
                <right>30</right>
                <itemgap>0</itemgap>
                <control type="label">
                    <description>Header Label</description>
                    <textcolor>Dark1</textcolor>
                    <width>1000</width>
                    <include>DefDialogInfoHeader</include>
                    <label>$INFO[Container(100).ListItem.Label]</label>
                </control>
                <control type="group">
                    <height>50</height>
                    <control type="label">
                        <posy>-10</posy>
                        <width>100%</width>
                        <height>36</height>
                        <font>Tiny</font>
                        <textcolor>Dark2</textcolor>
                        <label fallback="19055">$VAR[GlobalSearchInfoSubHeading]</label>
                        <aligny>center</aligny>
                    </control>
                </control>
                
                <control type="group">
                    <visible>[Control.IsVisible(150) | Control.IsVisible(180)] + !IsEmpty(Container(100).ListItem.Property(Album))</visible>
                    <height>36</height>
                    <control type="label">
                        <width>150</width>
                        <height>36</height>
                        <font>Tiny</font>
                        <textcolor>Dark1</textcolor>
                        <label>[B]Album[/B]</label>
                        <aligny>center</aligny>
                    </control>
                    <control type="label">
                        <left>160</left>
                        <width>100%</width>
                        <height>36</height>
                        <font>Tiny</font>
                        <textcolor>Dark2</textcolor>
                        <label>$INFO[Container(100).ListItem.Property(Album)]</label>
                        <aligny>center</aligny>
                    </control>
                </control>
                <control type="group">
                    <visible>!IsEmpty(Container(100).ListItem.Property(Track))</visible>
                    <height>36</height>
                    <control type="label">
                        <width>150</width>
                        <height>36</height>
                        <font>Tiny</font>
                        <textcolor>Dark1</textcolor>
                        <label>[B]$LOCALIZE[554][/B]</label>
                        <aligny>center</aligny>
                    </control>
                    <control type="label">
                        <left>160</left>
                        <width>100%</width>
                        <height>36</height>
                        <font>Tiny</font>
                        <textcolor>Dark2</textcolor>
                        <label>$INFO[Container(100).ListItem.Property(Track)]</label>
                        <aligny>center</aligny>
                    </control>
                </control>
                <control type="group">
                    <visible>!IsEmpty(Container(100).ListItem.Property(Year))</visible>
                    <height>36</height>
                    <control type="label">
                        <width>150</width>
                        <height>36</height>
                        <font>Tiny</font>
                        <textcolor>Dark1</textcolor>
                        <label>[B]$LOCALIZE[345][/B]</label>
                        <aligny>center</aligny>
                    </control>
                    <control type="label">
                        <left>160</left>
                        <width>100%</width>
                        <height>36</height>
                        <font>Tiny</font>
                        <textcolor>Dark2</textcolor>
                        <label>$INFO[Container(100).ListItem.Property(Year)]</label>
                        <aligny>center</aligny>
                    </control>
                </control>
                <control type="group">
                    <visible>!IsEmpty(Container(100).ListItem.Property(Album_Label))</visible>
                    <height>36</height>
                    <control type="label">
                        <width>150</width>
                        <height>36</height>
                        <font>Tiny</font>
                        <textcolor>Dark1</textcolor>
                        <label>[B]$LOCALIZE[572][/B]</label>
                        <aligny>center</aligny>
                    </control>
                    <control type="label">
                        <left>160</left>
                        <width>100%</width>
                        <height>36</height>
                        <font>Tiny</font>
                        <textcolor>Dark2</textcolor>
                        <label>$INFO[Container(100).ListItem.Property(Album_Label)]</label>
                        <aligny>center</aligny>
                    </control>
                </control>
                <control type="group">
                    <visible>!IsEmpty(Container(100).ListItem.Property(Genre))</visible>
                    <height>36</height>
                    <control type="label">
                        <width>150</width>
                        <height>36</height>
                        <font>Tiny</font>
                        <textcolor>Dark1</textcolor>
                        <label>[B]$LOCALIZE[515][/B]</label>
                        <aligny>center</aligny>
                    </control>
                    <control type="label">
                        <left>160</left>
                        <width>100%</width>
                        <height>36</height>
                        <font>Tiny</font>
                        <textcolor>Dark2</textcolor>
                        <label>$INFO[Container(100).ListItem.Property(Genre)]</label>
                        <aligny>center</aligny>
                    </control>
                </control>
                <control type="group">
                    <visible>!IsEmpty(Container(100).ListItem.Property(Artist_Genre))</visible>
                    <height>36</height>
                    <control type="label">
                        <width>150</width>
                        <height>36</height>
                        <font>Tiny</font>
                        <textcolor>Dark1</textcolor>
                        <label>[B]$LOCALIZE[515][/B]</label>
                        <aligny>center</aligny>
                    </control>
                    <control type="label">
                        <left>160</left>
                        <width>100%</width>
                        <height>36</height>
                        <font>Tiny</font>
                        <textcolor>Dark2</textcolor>
                        <label>$INFO[Container(100).ListItem.Property(Artist_Genre)]</label>
                        <aligny>center</aligny>
                    </control>
                </control>
                <control type="group">
                    <visible>!IsEmpty(Container(100).ListItem.Property(Artist_Born)) | !IsEmpty(Container(100).ListItem.Property(Artist_Formed))</visible>
                    <height>36</height>
                    <control type="label">
                        <width>150</width>
                        <height>36</height>
                        <font>Tiny</font>
                        <textcolor>Dark1</textcolor>
                        <label>[B]$LOCALIZE[21893][/B]</label>
                        <aligny>center</aligny>
                        <visible>!IsEmpty(Container(100).ListItem.Property(Artist_Born))</visible>
                    </control>
                    <control type="label">
                        <width>100%</width>
                        <height>36</height>
                        <font>Tiny</font>
                        <textcolor>Dark1</textcolor>
                        <label>[B]$LOCALIZE[21894][/B]</label>
                        <aligny>center</aligny>
                        <visible>IsEmpty(Container(100).ListItem.Property(Artist_Born))</visible>
                    </control>
                    <control type="label">
                        <left>160</left>
                        <width>100%</width>
                        <height>36</height>
                        <font>Tiny</font>
                        <textcolor>Dark2</textcolor>
                        <label>$INFO[Container(100).ListItem.Property(Artist_Born)]$INFO[Container(100).ListItem.Property(Artist_Formed)]</label>
                        <aligny>center</aligny>
                    </control>
                </control>
                <control type="group">
                    <visible>!IsEmpty(Container(100).ListItem.Property(Artist_Died)) | !IsEmpty(Container(100).ListItem.Property(Artist_Disbanded))</visible>
                    <height>36</height>
                    <control type="label">
                        <width>150</width>
                        <height>36</height>
                        <font>Tiny</font>
                        <textcolor>Dark1</textcolor>
                        <label>[B]$LOCALIZE[21897][/B]</label>
                        <aligny>center</aligny>
                        <visible>!IsEmpty(Container(100).ListItem.Property(Artist_Died))</visible>
                    </control>
                    <control type="label">
                        <width>150</width>
                        <height>36</height>
                        <font>Tiny</font>
                        <textcolor>Dark1</textcolor>
                        <label>[B]$LOCALIZE[21896][/B]</label>
                        <aligny>center</aligny>
                        <visible>IsEmpty(Container(100).ListItem.Property(Artist_Died))</visible>
                    </control>
                    <control type="label">
                        <left>160</left>
                        <width>100%</width>
                        <height>36</height>
                        <font>Tiny</font>
                        <textcolor>Dark2</textcolor>
                        <label>$INFO[Container(100).ListItem.Property(Artist_Died)]</label>
                        <aligny>center</aligny>
                        <visible>!IsEmpty(Container(100).ListItem.Property(Artist_Died))</visible>
                    </control>
                    <control type="label">
                        <left>160</left>
                        <width>100%</width>
                        <height>36</height>
                        <font>Tiny</font>
                        <textcolor>Dark2</textcolor>
                        <label>$INFO[Container(100).ListItem.Property(Artist_Disbanded)]</label>
                        <aligny>center</aligny>
                        <visible>IsEmpty(Container(100).ListItem.Property(Artist_Died))</visible>
                    </control>
                </control>
                <control type="group">
                    <visible>!IsEmpty(Container(100).ListItem.Property(Artist_Style))</visible>
                    <height>36</height>
                    <control type="label">
                        <width>150</width>
                        <height>36</height>
                        <font>Tiny</font>
                        <textcolor>Dark1</textcolor>
                        <label>[B]$LOCALIZE[176][/B]</label>
                        <aligny>center</aligny>
                    </control>
                    <control type="label">
                        <left>160</left>
                        <width>100%</width>
                        <height>36</height>
                        <font>Tiny</font>
                        <textcolor>Dark2</textcolor>
                        <label>$INFO[Container(100).ListItem.Property(Artist_Style)]</label>
                        <aligny>center</aligny>
                    </control>
                </control>
                <control type="label">
                    <width>100%</width>
                    <height>20</height>
                    <font>Tiny</font>
                    <textcolor>Dark1</textcolor>
                    <label></label>
                    <aligny>center</aligny>
                </control>
                <control type="textbox">
                    <width>100%</width>
                    <height>250</height>
                    <font>Tiny</font>
                    <textcolor>Dark2</textcolor>
                    <label>$INFO[Container(100).ListItem.Property(Album_Description)]</label>
                    <visible>Control.IsVisible(170)</visible>
                </control>
                <control type="textbox">
                    <width>100%</width>
                    <height>250</height>
                    <font>Tiny</font>
                    <textcolor>Dark2</textcolor>
                    <label>$INFO[Container(100).ListItem.Property(Artist_Description)]</label>
                    <visible>Control.IsVisible(160)</visible>
                </control>
            </control>
        </control>
    </include>

    <include name="GlobalSearchEPGDetails">
        <control type="group">
            <animation effect="slide" start="1920" end="0" delay="0" time="300" tween="quadratic" easing="out">WindowOpen</animation>
            <animation effect="slide" start="0" end="1920" time="300" tween="quadratic" easing="in">WindowClose</animation>
            <animation effect="slide" start="1920" end="0" delay="0" time="300" tween="quadratic" easing="out">Visible</animation>
            <animation effect="slide" start="0" end="1920" time="300" tween="quadratic" easing="in">Hidden</animation>
            <left>ListSquareX</left>
            <right>SidePad</right>
            <bottom>224</bottom>
            <top>PosterPad</top>
            <control type="grouplist">
                <left>30</left>
                <right>30</right>
                <itemgap>0</itemgap>
                <control type="label">
                    <description>Header Label</description>
                    <textcolor>Dark1</textcolor>
                    <width>1000</width>
                    <include>DefDialogInfoHeader</include>
                    <label>$INFO[Container(100).ListItem.Label]</label>
                </control>
                <control type="group">
                    <height>50</height>
                    <control type="label">
                        <posy>-10</posy>
                        <width>100%</width>
                        <height>36</height>
                        <font>Tiny</font>
                        <textcolor>Dark2</textcolor>
                        <label fallback="19055">$VAR[GlobalSearchInfoSubHeading]</label>
                        <aligny>center</aligny>
                    </control>
                </control>
                
                <control type="group">
                    <visible>!IsEmpty(Container(100).ListItem.Property(Duration))</visible>
                    <height>36</height>
                    <control type="label">
                        <width>150</width>
                        <height>36</height>
                        <font>Tiny</font>
                        <textcolor>Dark1</textcolor>
                        <label>[B]Duration[/B]</label>
                        <aligny>center</aligny>
                    </control>
                    <control type="label">
                        <left>160</left>
                        <width>100%</width>
                        <height>36</height>
                        <font>Tiny</font>
                        <textcolor>Dark2</textcolor>
                        <label>$INFO[Container(100).ListItem.Property(Duration)]</label>
                        <aligny>center</aligny>
                    </control>
                </control>
                <control type="group">
                    <visible>!IsEmpty(Container(100).ListItem.Property(Starttime))</visible>
                    <height>36</height>
                    <control type="label">
                        <width>150</width>
                        <height>36</height>
                        <font>Tiny</font>
                        <textcolor>Dark1</textcolor>
                        <label>[B]Start[/B]</label>
                        <aligny>center</aligny>
                    </control>
                    <control type="label">
                        <left>160</left>
                        <width>100%</width>
                        <height>36</height>
                        <font>Tiny</font>
                        <textcolor>Dark2</textcolor>
                        <label>$INFO[Container(100).ListItem.Property(Starttime)]</label>
                        <aligny>center</aligny>
                    </control>
                </control>
                <control type="group">
                    <visible>!IsEmpty(Container(100).ListItem.Property(Endtime))</visible>
                    <height>36</height>
                    <control type="label">
                        <width>150</width>
                        <height>36</height>
                        <font>Tiny</font>
                        <textcolor>Dark1</textcolor>
                        <label>[B]End[/B]</label>
                        <aligny>center</aligny>
                    </control>
                    <control type="label">
                        <left>160</left>
                        <width>100%</width>
                        <height>36</height>
                        <font>Tiny</font>
                        <textcolor>Dark2</textcolor>
                        <label>$INFO[Container(100).ListItem.Property(Endtime)]</label>
                        <aligny>center</aligny>
                    </control>
                </control>
                <control type="group">
                    <visible>!IsEmpty(Container(100).ListItem.Property(Genre))</visible>
                    <height>36</height>
                    <control type="label">
                        <width>150</width>
                        <height>36</height>
                        <font>Tiny</font>
                        <textcolor>Dark1</textcolor>
                        <label>[B]$LOCALIZE[515][/B]</label>
                        <aligny>center</aligny>
                    </control>
                    <control type="label">
                        <left>160</left>
                        <width>100%</width>
                        <height>36</height>
                        <font>Tiny</font>
                        <textcolor>Dark2</textcolor>
                        <label>$INFO[Container(100).ListItem.Property(Genre)]</label>
                        <aligny>center</aligny>
                    </control>
                </control>
                <control type="label">
                    <width>100%</width>
                    <height>20</height>
                    <font>Tiny</font>
                    <textcolor>Dark1</textcolor>
                    <label></label>
                    <aligny>center</aligny>
                </control>
                <control type="textbox">
                    <width>100%</width>
                    <height>250</height>
                    <font>Tiny</font>
                    <textcolor>Dark2</textcolor>
                    <label>$INFO[Container(100).ListItem.Property(Plot)]</label>
                </control>
            </control>
        </control>
    </include>
    
    
   
</includes>
