<?xml version="1.0" encoding="UTF-8"?>
<includes>
<!-- Ajout ICI --> 
      <variable name="LandscapeImage">
        <value condition="!IsEmpty(ListItem.Art(landscape))">$INFO[ListItem.Art(landscape)]</value>
        <value condition="!IsEmpty(ListItem.Art(fanart)) + !Container.Content(episodes)">$INFO[ListItem.Art(fanart)]</value>
        <value condition="!IsEmpty(ListItem.Thumb)">$INFO[ListItem.Thumb]</value>
        <value>$INFO[ListItem.Icon]</value>
    </variable>
<!-- Ajout ICI -->        
    <variable name="LandscapeImageContainer">
        <value condition="!IsEmpty(Container(301).ListItem.Art(landscape))">$INFO[Container(301).ListItem.Art(landscape)]</value>
        <value condition="!IsEmpty(Container(301).ListItem.Art(fanart)) + !Container.Content(episodes)">$INFO[Container(301).ListItem.Art(fanart)]</value>  
        <value condition="!IsEmpty(Container(301).ListItem.Art(fanart))">$INFO[Container(301).ListItem..Thumb]</value>
        <value>$INFO[Container(301).ListItem.Icon]</value>
    </variable>
<!-- Ajout ICI -->        
    <variable name="FanartImageContainer">
        <value condition="!IsEmpty(Container(301).ListItem.Art(fanart)) + !Container.Content(episodes)">$INFO[Container(301).ListItem.Art(fanart)]</value>
        <value condition="!IsEmpty(Container(301).ListItem.Thumb)">$INFO[Container(301).ListItem.Thumb]</value>
        <value>$INFO[Container(301).ListItem.Icon]</value>
    </variable>
<!-- Ajout ICI -->      
    <include name="WatchedOverlayVisibility">
		<visible>ListItem.IsResumable | [SubString(ListItem.Overlay,OverlayUnwatched.png) + [[Container.Content(movies) + [StringCompare(Window(Home).Property(LatestMovie.1.Title),ListItem.Label) | StringCompare(Window(Home).Property(LatestMovie.2.Title),ListItem.Label) | StringCompare(Window(Home).Property(LatestMovie.3.Title),ListItem.Label) | StringCompare(Window(Home).Property(LatestMovie.4.Title),ListItem.Label) | StringCompare(Window(Home).Property(LatestMovie.5.Title),ListItem.Label) | StringCompare(Window(Home).Property(LatestMovie.6.Title),ListItem.Label) | StringCompare(Window(Home).Property(LatestMovie.7.Title),ListItem.Label) | StringCompare(Window(Home).Property(LatestMovie.8.Title),ListItem.Label) | StringCompare(Window(Home).Property(LatestMovie.9.Title),ListItem.Label) | StringCompare(Window(Home).Property(LatestMovie.10.Title),ListItem.Label)]] | [[Container.Content(tvshows)] + [StringCompare(Window(Home).Property(LatestEpisode.1.ShowTitle),ListItem.TvShowTitle) | StringCompare(Window(Home).Property(LatestEpisode.2.ShowTitle),ListItem.TvShowTitle) | StringCompare(Window(Home).Property(LatestEpisode.3.ShowTitle),ListItem.TvShowTitle) | StringCompare(Window(Home).Property(LatestEpisode.4.ShowTitle),ListItem.TvShowTitle) | StringCompare(Window(Home).Property(LatestEpisode.5.ShowTitle),ListItem.TvShowTitle) | StringCompare(Window(Home).Property(LatestEpisode.6.ShowTitle),ListItem.TvShowTitle) | StringCompare(Window(Home).Property(LatestEpisode.7.ShowTitle),ListItem.TvShowTitle) | StringCompare(Window(Home).Property(LatestEpisode.8.ShowTitle),ListItem.TvShowTitle) | StringCompare(Window(Home).Property(LatestEpisode.9.ShowTitle),ListItem.TvShowTitle) | StringCompare(Window(Home).Property(LatestEpisode.10.ShowTitle),ListItem.TvShowTitle)]] | [Container.Content(episodes) + [StringCompare(Window(Home).Property(LatestEpisode.1.EpisodeTitle),ListItem.Title) | StringCompare(Window(Home).Property(LatestEpisode.2.EpisodeTitle),ListItem.Title) | StringCompare(Window(Home).Property(LatestEpisode.3.EpisodeTitle),ListItem.Title) | StringCompare(Window(Home).Property(LatestEpisode.4.EpisodeTitle),ListItem.Title) | StringCompare(Window(Home).Property(LatestEpisode.5.EpisodeTitle),ListItem.Title) | StringCompare(Window(Home).Property(LatestEpisode.6.EpisodeTitle),ListItem.Title) | StringCompare(Window(Home).Property(LatestEpisode.7.EpisodeTitle),ListItem.Title) | StringCompare(Window(Home).Property(LatestEpisode.8.EpisodeTitle),ListItem.Title) | StringCompare(Window(Home).Property(LatestEpisode.9.EpisodeTitle),ListItem.Title) | StringCompare(Window(Home).Property(LatestEpisode.10.EpisodeTitle),ListItem.Title)]]]] | StringCompare(ListItem.Overlay,OverlayWatched.png)</visible>
    </include>
<!-- Ajout ICI -->  
    <variable name="PercentWatchedBack">
        <value condition="!Skin.HasSetting(indicators.resume) + ListItem.IsResumable">indicator/back.png</value>
        <value condition="!Skin.HasSetting(indicators.watched) + stringcompare(ListItem.Overlay,OverlayWatched.png)">indicator/back.png</value>
        <value condition="!Skin.HasSetting(indicators.new) + [SubString(ListItem.Overlay,OverlayUnwatched.png) + [[Container.Content(movies) + [StringCompare(Window(Home).Property(LatestMovie.1.Title),ListItem.Label) | StringCompare(Window(Home).Property(LatestMovie.2.Title),ListItem.Label) | StringCompare(Window(Home).Property(LatestMovie.3.Title),ListItem.Label) | StringCompare(Window(Home).Property(LatestMovie.4.Title),ListItem.Label) | StringCompare(Window(Home).Property(LatestMovie.5.Title),ListItem.Label) | StringCompare(Window(Home).Property(LatestMovie.6.Title),ListItem.Label) | StringCompare(Window(Home).Property(LatestMovie.7.Title),ListItem.Label) | StringCompare(Window(Home).Property(LatestMovie.8.Title),ListItem.Label) | StringCompare(Window(Home).Property(LatestMovie.9.Title),ListItem.Label) | StringCompare(Window(Home).Property(LatestMovie.10.Title),ListItem.Label)]] | [[Container.Content(tvshows)] + [StringCompare(Window(Home).Property(LatestEpisode.1.ShowTitle),ListItem.TvShowTitle) | StringCompare(Window(Home).Property(LatestEpisode.2.ShowTitle),ListItem.TvShowTitle) | StringCompare(Window(Home).Property(LatestEpisode.3.ShowTitle),ListItem.TvShowTitle) | StringCompare(Window(Home).Property(LatestEpisode.4.ShowTitle),ListItem.TvShowTitle) | StringCompare(Window(Home).Property(LatestEpisode.5.ShowTitle),ListItem.TvShowTitle) | StringCompare(Window(Home).Property(LatestEpisode.6.ShowTitle),ListItem.TvShowTitle) | StringCompare(Window(Home).Property(LatestEpisode.7.ShowTitle),ListItem.TvShowTitle) | StringCompare(Window(Home).Property(LatestEpisode.8.ShowTitle),ListItem.TvShowTitle) | StringCompare(Window(Home).Property(LatestEpisode.9.ShowTitle),ListItem.TvShowTitle) | StringCompare(Window(Home).Property(LatestEpisode.10.ShowTitle),ListItem.TvShowTitle)]] | [Container.Content(episodes) + [StringCompare(Window(Home).Property(LatestEpisode.1.EpisodeTitle),ListItem.Title) | StringCompare(Window(Home).Property(LatestEpisode.2.EpisodeTitle),ListItem.Title) | StringCompare(Window(Home).Property(LatestEpisode.3.EpisodeTitle),ListItem.Title) | StringCompare(Window(Home).Property(LatestEpisode.4.EpisodeTitle),ListItem.Title) | StringCompare(Window(Home).Property(LatestEpisode.5.EpisodeTitle),ListItem.Title) | StringCompare(Window(Home).Property(LatestEpisode.6.EpisodeTitle),ListItem.Title) | StringCompare(Window(Home).Property(LatestEpisode.7.EpisodeTitle),ListItem.Title) | StringCompare(Window(Home).Property(LatestEpisode.8.EpisodeTitle),ListItem.Title) | StringCompare(Window(Home).Property(LatestEpisode.9.EpisodeTitle),ListItem.Title) | StringCompare(Window(Home).Property(LatestEpisode.10.EpisodeTitle),ListItem.Title)]]]]">indicator/back.png</value>
        <value condition="stringcompare(ListItem.Overlay,OverlayUnwatched.png)">indicator/back.png</value>
    </variable>
    <variable name="PosterPercentWatchedBack">
        <value condition="!Skin.HasSetting(indicators.resume) + ListItem.IsResumable">indicator/back.png</value>
        <value condition="!Skin.HasSetting(indicators.watched) + stringcompare(ListItem.Overlay,OverlayWatched.png)">indicator/back.png</value>
        <value condition="!Skin.HasSetting(indicators.new) + [SubString(ListItem.Overlay,OverlayUnwatched.png) + [[Container.Content(movies) + [StringCompare(Window(Home).Property(LatestMovie.1.Title),ListItem.Label) | StringCompare(Window(Home).Property(LatestMovie.2.Title),ListItem.Label) | StringCompare(Window(Home).Property(LatestMovie.3.Title),ListItem.Label) | StringCompare(Window(Home).Property(LatestMovie.4.Title),ListItem.Label) | StringCompare(Window(Home).Property(LatestMovie.5.Title),ListItem.Label) | StringCompare(Window(Home).Property(LatestMovie.6.Title),ListItem.Label) | StringCompare(Window(Home).Property(LatestMovie.7.Title),ListItem.Label) | StringCompare(Window(Home).Property(LatestMovie.8.Title),ListItem.Label) | StringCompare(Window(Home).Property(LatestMovie.9.Title),ListItem.Label) | StringCompare(Window(Home).Property(LatestMovie.10.Title),ListItem.Label)]] | [[Container.Content(tvshows)] + [StringCompare(Window(Home).Property(LatestEpisode.1.ShowTitle),ListItem.TvShowTitle) | StringCompare(Window(Home).Property(LatestEpisode.2.ShowTitle),ListItem.TvShowTitle) | StringCompare(Window(Home).Property(LatestEpisode.3.ShowTitle),ListItem.TvShowTitle) | StringCompare(Window(Home).Property(LatestEpisode.4.ShowTitle),ListItem.TvShowTitle) | StringCompare(Window(Home).Property(LatestEpisode.5.ShowTitle),ListItem.TvShowTitle) | StringCompare(Window(Home).Property(LatestEpisode.6.ShowTitle),ListItem.TvShowTitle) | StringCompare(Window(Home).Property(LatestEpisode.7.ShowTitle),ListItem.TvShowTitle) | StringCompare(Window(Home).Property(LatestEpisode.8.ShowTitle),ListItem.TvShowTitle) | StringCompare(Window(Home).Property(LatestEpisode.9.ShowTitle),ListItem.TvShowTitle) | StringCompare(Window(Home).Property(LatestEpisode.10.ShowTitle),ListItem.TvShowTitle)]] | [Container.Content(episodes) + [StringCompare(Window(Home).Property(LatestEpisode.1.EpisodeTitle),ListItem.Title) | StringCompare(Window(Home).Property(LatestEpisode.2.EpisodeTitle),ListItem.Title) | StringCompare(Window(Home).Property(LatestEpisode.3.EpisodeTitle),ListItem.Title) | StringCompare(Window(Home).Property(LatestEpisode.4.EpisodeTitle),ListItem.Title) | StringCompare(Window(Home).Property(LatestEpisode.5.EpisodeTitle),ListItem.Title) | StringCompare(Window(Home).Property(LatestEpisode.6.EpisodeTitle),ListItem.Title) | StringCompare(Window(Home).Property(LatestEpisode.7.EpisodeTitle),ListItem.Title) | StringCompare(Window(Home).Property(LatestEpisode.8.EpisodeTitle),ListItem.Title) | StringCompare(Window(Home).Property(LatestEpisode.9.EpisodeTitle),ListItem.Title) | StringCompare(Window(Home).Property(LatestEpisode.10.EpisodeTitle),ListItem.Title)]]]]">indicator/back.png</value>
        <value condition="Skin.HasSetting(indicators.unwatched) + stringcompare(ListItem.Overlay,OverlayUnwatched.png)">indicator/back.png</value>
    </variable>
    <variable name="PercentWatched">
        <value condition="!Skin.HasSetting(indicators.resume) + ListItem.IsResumable">indicator/inprogress.png</value>
        <value condition="!Skin.HasSetting(indicators.watched) + stringcompare(ListItem.Overlay,OverlayWatched.png)">indicator/checkmark.png</value>
        <value condition="!Skin.HasSetting(indicators.new) + [SubString(ListItem.Overlay,OverlayUnwatched.png) + [[Container.Content(movies) + [StringCompare(Window(Home).Property(LatestMovie.1.Title),ListItem.Label) | StringCompare(Window(Home).Property(LatestMovie.2.Title),ListItem.Label) | StringCompare(Window(Home).Property(LatestMovie.3.Title),ListItem.Label) | StringCompare(Window(Home).Property(LatestMovie.4.Title),ListItem.Label) | StringCompare(Window(Home).Property(LatestMovie.5.Title),ListItem.Label) | StringCompare(Window(Home).Property(LatestMovie.6.Title),ListItem.Label) | StringCompare(Window(Home).Property(LatestMovie.7.Title),ListItem.Label) | StringCompare(Window(Home).Property(LatestMovie.8.Title),ListItem.Label) | StringCompare(Window(Home).Property(LatestMovie.9.Title),ListItem.Label) | StringCompare(Window(Home).Property(LatestMovie.10.Title),ListItem.Label)]] | [[Container.Content(tvshows)] + [StringCompare(Window(Home).Property(LatestEpisode.1.ShowTitle),ListItem.TvShowTitle) | StringCompare(Window(Home).Property(LatestEpisode.2.ShowTitle),ListItem.TvShowTitle) | StringCompare(Window(Home).Property(LatestEpisode.3.ShowTitle),ListItem.TvShowTitle) | StringCompare(Window(Home).Property(LatestEpisode.4.ShowTitle),ListItem.TvShowTitle) | StringCompare(Window(Home).Property(LatestEpisode.5.ShowTitle),ListItem.TvShowTitle) | StringCompare(Window(Home).Property(LatestEpisode.6.ShowTitle),ListItem.TvShowTitle) | StringCompare(Window(Home).Property(LatestEpisode.7.ShowTitle),ListItem.TvShowTitle) | StringCompare(Window(Home).Property(LatestEpisode.8.ShowTitle),ListItem.TvShowTitle) | StringCompare(Window(Home).Property(LatestEpisode.9.ShowTitle),ListItem.TvShowTitle) | StringCompare(Window(Home).Property(LatestEpisode.10.ShowTitle),ListItem.TvShowTitle)]] | [Container.Content(episodes) + [StringCompare(Window(Home).Property(LatestEpisode.1.EpisodeTitle),ListItem.Title) | StringCompare(Window(Home).Property(LatestEpisode.2.EpisodeTitle),ListItem.Title) | StringCompare(Window(Home).Property(LatestEpisode.3.EpisodeTitle),ListItem.Title) | StringCompare(Window(Home).Property(LatestEpisode.4.EpisodeTitle),ListItem.Title) | StringCompare(Window(Home).Property(LatestEpisode.5.EpisodeTitle),ListItem.Title) | StringCompare(Window(Home).Property(LatestEpisode.6.EpisodeTitle),ListItem.Title) | StringCompare(Window(Home).Property(LatestEpisode.7.EpisodeTitle),ListItem.Title) | StringCompare(Window(Home).Property(LatestEpisode.8.EpisodeTitle),ListItem.Title) | StringCompare(Window(Home).Property(LatestEpisode.9.EpisodeTitle),ListItem.Title) | StringCompare(Window(Home).Property(LatestEpisode.10.EpisodeTitle),ListItem.Title)]]]]">indicator/new.png</value>
        <value condition="stringcompare(ListItem.Overlay,OverlayUnwatched.png)">indicator/unwatched.png</value>
    </variable>
    <variable name="PosterPercentWatched">
        <value condition="!Skin.HasSetting(indicators.resume) + ListItem.IsResumable">indicator/inprogress.png</value>
        <value condition="!Skin.HasSetting(indicators.watched) + stringcompare(ListItem.Overlay,OverlayWatched.png)">indicator/checkmark.png</value>
        <value condition="!Skin.HasSetting(indicators.new) + [SubString(ListItem.Overlay,OverlayUnwatched.png) + [[Container.Content(movies) + [StringCompare(Window(Home).Property(LatestMovie.1.Title),ListItem.Label) | StringCompare(Window(Home).Property(LatestMovie.2.Title),ListItem.Label) | StringCompare(Window(Home).Property(LatestMovie.3.Title),ListItem.Label) | StringCompare(Window(Home).Property(LatestMovie.4.Title),ListItem.Label) | StringCompare(Window(Home).Property(LatestMovie.5.Title),ListItem.Label) | StringCompare(Window(Home).Property(LatestMovie.6.Title),ListItem.Label) | StringCompare(Window(Home).Property(LatestMovie.7.Title),ListItem.Label) | StringCompare(Window(Home).Property(LatestMovie.8.Title),ListItem.Label) | StringCompare(Window(Home).Property(LatestMovie.9.Title),ListItem.Label) | StringCompare(Window(Home).Property(LatestMovie.10.Title),ListItem.Label)]] | [[Container.Content(tvshows)] + [StringCompare(Window(Home).Property(LatestEpisode.1.ShowTitle),ListItem.TvShowTitle) | StringCompare(Window(Home).Property(LatestEpisode.2.ShowTitle),ListItem.TvShowTitle) | StringCompare(Window(Home).Property(LatestEpisode.3.ShowTitle),ListItem.TvShowTitle) | StringCompare(Window(Home).Property(LatestEpisode.4.ShowTitle),ListItem.TvShowTitle) | StringCompare(Window(Home).Property(LatestEpisode.5.ShowTitle),ListItem.TvShowTitle) | StringCompare(Window(Home).Property(LatestEpisode.6.ShowTitle),ListItem.TvShowTitle) | StringCompare(Window(Home).Property(LatestEpisode.7.ShowTitle),ListItem.TvShowTitle) | StringCompare(Window(Home).Property(LatestEpisode.8.ShowTitle),ListItem.TvShowTitle) | StringCompare(Window(Home).Property(LatestEpisode.9.ShowTitle),ListItem.TvShowTitle) | StringCompare(Window(Home).Property(LatestEpisode.10.ShowTitle),ListItem.TvShowTitle)]] | [Container.Content(episodes) + [StringCompare(Window(Home).Property(LatestEpisode.1.EpisodeTitle),ListItem.Title) | StringCompare(Window(Home).Property(LatestEpisode.2.EpisodeTitle),ListItem.Title) | StringCompare(Window(Home).Property(LatestEpisode.3.EpisodeTitle),ListItem.Title) | StringCompare(Window(Home).Property(LatestEpisode.4.EpisodeTitle),ListItem.Title) | StringCompare(Window(Home).Property(LatestEpisode.5.EpisodeTitle),ListItem.Title) | StringCompare(Window(Home).Property(LatestEpisode.6.EpisodeTitle),ListItem.Title) | StringCompare(Window(Home).Property(LatestEpisode.7.EpisodeTitle),ListItem.Title) | StringCompare(Window(Home).Property(LatestEpisode.8.EpisodeTitle),ListItem.Title) | StringCompare(Window(Home).Property(LatestEpisode.9.EpisodeTitle),ListItem.Title) | StringCompare(Window(Home).Property(LatestEpisode.10.EpisodeTitle),ListItem.Title)]]]]">indicator/new.png</value>
        <value condition="Skin.HasSetting(indicators.unwatched) + stringcompare(ListItem.Overlay,OverlayUnwatched.png)">indicator/unwatched.png</value>
    </variable>        
    <variable name="PercentWatched9500">
        <value condition="[SubString(Container(9500).ListItem.Overlay,OverlayUnwatched.png) + [[Container.Content(movies) + [StringCompare(Window(Home).Property(LatestMovie.1.Title),Container(9500).ListItem.Label) | StringCompare(Window(Home).Property(LatestMovie.2.Title),Container(9500).ListItem.Label) | StringCompare(Window(Home).Property(LatestMovie.3.Title),Container(9500).ListItem.Label) | StringCompare(Window(Home).Property(LatestMovie.4.Title),Container(9500).ListItem.Label) | StringCompare(Window(Home).Property(LatestMovie.5.Title),Container(9500).ListItem.Label) | StringCompare(Window(Home).Property(LatestMovie.6.Title),Container(9500).ListItem.Label) | StringCompare(Window(Home).Property(LatestMovie.7.Title),Container(9500).ListItem.Label) | StringCompare(Window(Home).Property(LatestMovie.8.Title),Container(9500).ListItem.Label) | StringCompare(Window(Home).Property(LatestMovie.9.Title),Container(9500).ListItem.Label) | StringCompare(Window(Home).Property(LatestMovie.10.Title),Container(9500).ListItem.Label)]] | [[Container.Content(tvshows)] + [StringCompare(Window(Home).Property(LatestEpisode.1.ShowTitle),Container(9500).ListItem.TvShowTitle) | StringCompare(Window(Home).Property(LatestEpisode.2.ShowTitle),Container(9500).ListItem.TvShowTitle) | StringCompare(Window(Home).Property(LatestEpisode.3.ShowTitle),Container(9500).ListItem.TvShowTitle) | StringCompare(Window(Home).Property(LatestEpisode.4.ShowTitle),Container(9500).ListItem.TvShowTitle) | StringCompare(Window(Home).Property(LatestEpisode.5.ShowTitle),Container(9500).ListItem.TvShowTitle) | StringCompare(Window(Home).Property(LatestEpisode.6.ShowTitle),Container(9500).ListItem.TvShowTitle) | StringCompare(Window(Home).Property(LatestEpisode.7.ShowTitle),Container(9500).ListItem.TvShowTitle) | StringCompare(Window(Home).Property(LatestEpisode.8.ShowTitle),Container(9500).ListItem.TvShowTitle) | StringCompare(Window(Home).Property(LatestEpisode.9.ShowTitle),Container(9500).ListItem.TvShowTitle) | StringCompare(Window(Home).Property(LatestEpisode.10.ShowTitle),Container(9500).ListItem.TvShowTitle)]] | [Container.Content(episodes) + [StringCompare(Window(Home).Property(LatestEpisode.1.EpisodeTitle),Container(9500).ListItem.Title) | StringCompare(Window(Home).Property(LatestEpisode.2.EpisodeTitle),Container(9500).ListItem.Title) | StringCompare(Window(Home).Property(LatestEpisode.3.EpisodeTitle),Container(9500).ListItem.Title) | StringCompare(Window(Home).Property(LatestEpisode.4.EpisodeTitle),Container(9500).ListItem.Title) | StringCompare(Window(Home).Property(LatestEpisode.5.EpisodeTitle),Container(9500).ListItem.Title) | StringCompare(Window(Home).Property(LatestEpisode.6.EpisodeTitle),Container(9500).ListItem.Title) | StringCompare(Window(Home).Property(LatestEpisode.7.EpisodeTitle),Container(9500).ListItem.Title) | StringCompare(Window(Home).Property(LatestEpisode.8.EpisodeTitle),Container(9500).ListItem.Title) | StringCompare(Window(Home).Property(LatestEpisode.9.EpisodeTitle),Container(9500).ListItem.Title) | StringCompare(Window(Home).Property(LatestEpisode.10.EpisodeTitle),Container(9500).ListItem.Title)]]]]">indicator/new.png</value>
        <value condition="Container(9500).ListItem.IsResumable">indicator/inprogress.png</value>
        <value condition="stringcompare(Container(9500).ListItem.Overlay,OverlayWatched.png)">indicator/checkmark.png</value>
        <value condition="stringcompare(Container(9500).ListItem.Overlay,OverlayUnwatched.png)">indicator/unwatched.png</value>
    </variable>
        <variable name="PercentWatched9500Back">
        <value condition="[SubString(Container(9500).ListItem.Overlay,OverlayUnwatched.png) + [[Container.Content(movies) + [StringCompare(Window(Home).Property(LatestMovie.1.Title),Container(9500).ListItem.Label) | StringCompare(Window(Home).Property(LatestMovie.2.Title),Container(9500).ListItem.Label) | StringCompare(Window(Home).Property(LatestMovie.3.Title),Container(9500).ListItem.Label) | StringCompare(Window(Home).Property(LatestMovie.4.Title),Container(9500).ListItem.Label) | StringCompare(Window(Home).Property(LatestMovie.5.Title),Container(9500).ListItem.Label) | StringCompare(Window(Home).Property(LatestMovie.6.Title),Container(9500).ListItem.Label) | StringCompare(Window(Home).Property(LatestMovie.7.Title),Container(9500).ListItem.Label) | StringCompare(Window(Home).Property(LatestMovie.8.Title),Container(9500).ListItem.Label) | StringCompare(Window(Home).Property(LatestMovie.9.Title),Container(9500).ListItem.Label) | StringCompare(Window(Home).Property(LatestMovie.10.Title),Container(9500).ListItem.Label)]] | [[Container.Content(tvshows)] + [StringCompare(Window(Home).Property(LatestEpisode.1.ShowTitle),Container(9500).ListItem.TvShowTitle) | StringCompare(Window(Home).Property(LatestEpisode.2.ShowTitle),Container(9500).ListItem.TvShowTitle) | StringCompare(Window(Home).Property(LatestEpisode.3.ShowTitle),Container(9500).ListItem.TvShowTitle) | StringCompare(Window(Home).Property(LatestEpisode.4.ShowTitle),Container(9500).ListItem.TvShowTitle) | StringCompare(Window(Home).Property(LatestEpisode.5.ShowTitle),Container(9500).ListItem.TvShowTitle) | StringCompare(Window(Home).Property(LatestEpisode.6.ShowTitle),Container(9500).ListItem.TvShowTitle) | StringCompare(Window(Home).Property(LatestEpisode.7.ShowTitle),Container(9500).ListItem.TvShowTitle) | StringCompare(Window(Home).Property(LatestEpisode.8.ShowTitle),Container(9500).ListItem.TvShowTitle) | StringCompare(Window(Home).Property(LatestEpisode.9.ShowTitle),Container(9500).ListItem.TvShowTitle) | StringCompare(Window(Home).Property(LatestEpisode.10.ShowTitle),Container(9500).ListItem.TvShowTitle)]] | [Container.Content(episodes) + [StringCompare(Window(Home).Property(LatestEpisode.1.EpisodeTitle),Container(9500).ListItem.Title) | StringCompare(Window(Home).Property(LatestEpisode.2.EpisodeTitle),Container(9500).ListItem.Title) | StringCompare(Window(Home).Property(LatestEpisode.3.EpisodeTitle),Container(9500).ListItem.Title) | StringCompare(Window(Home).Property(LatestEpisode.4.EpisodeTitle),Container(9500).ListItem.Title) | StringCompare(Window(Home).Property(LatestEpisode.5.EpisodeTitle),Container(9500).ListItem.Title) | StringCompare(Window(Home).Property(LatestEpisode.6.EpisodeTitle),Container(9500).ListItem.Title) | StringCompare(Window(Home).Property(LatestEpisode.7.EpisodeTitle),Container(9500).ListItem.Title) | StringCompare(Window(Home).Property(LatestEpisode.8.EpisodeTitle),Container(9500).ListItem.Title) | StringCompare(Window(Home).Property(LatestEpisode.9.EpisodeTitle),Container(9500).ListItem.Title) | StringCompare(Window(Home).Property(LatestEpisode.10.EpisodeTitle),Container(9500).ListItem.Title)]]]]">indicator/backpng</value>
        <value condition="Container(9500).ListItem.IsResumable">indicator/back.png</value>
        <value condition="stringcompare(Container(9500).ListItem.Overlay,OverlayWatched.png)">indicator/back.png</value>
        <value condition="stringcompare(Container(9500).ListItem.Overlay,OverlayUnwatched.png)">indicator/back.png</value>
    </variable>
    <variable name="PercentWatchedN3">
        <value condition="ListItem(-3).IsPlaying">indicator/play.png</value>
        <value condition="ListItem(-3).IsResumable">indicator/inprogress.png</value>
        <value condition="stringcompare(ListItem(-3).Overlay,OverlayWatched.png)">indicator/checkmark.png</value>
        <value condition="[SubString(ListItem(-3).Overlay,OverlayUnwatched.png) + [[Container.Content(movies) + [StringCompare(Window(Home).Property(LatestMovie.1.Title),ListItem(-3).Label) | StringCompare(Window(Home).Property(LatestMovie.2.Title),ListItem(-3).Label) | StringCompare(Window(Home).Property(LatestMovie.3.Title),ListItem(-3).Label) | StringCompare(Window(Home).Property(LatestMovie.4.Title),ListItem(-3).Label) | StringCompare(Window(Home).Property(LatestMovie.5.Title),ListItem(-3).Label) | StringCompare(Window(Home).Property(LatestMovie.6.Title),ListItem(-3).Label) | StringCompare(Window(Home).Property(LatestMovie.7.Title),ListItem(-3).Label) | StringCompare(Window(Home).Property(LatestMovie.8.Title),ListItem(-3).Label) | StringCompare(Window(Home).Property(LatestMovie.9.Title),ListItem(-3).Label) | StringCompare(Window(Home).Property(LatestMovie.10.Title),ListItem(-3).Label)]] | [[Container.Content(tvshows)] + [StringCompare(Window(Home).Property(LatestEpisode.1.ShowTitle),ListItem(-3).TvShowTitle) | StringCompare(Window(Home).Property(LatestEpisode.2.ShowTitle),ListItem(-3).TvShowTitle) | StringCompare(Window(Home).Property(LatestEpisode.3.ShowTitle),ListItem(-3).TvShowTitle) | StringCompare(Window(Home).Property(LatestEpisode.4.ShowTitle),ListItem(-3).TvShowTitle) | StringCompare(Window(Home).Property(LatestEpisode.5.ShowTitle),ListItem(-3).TvShowTitle) | StringCompare(Window(Home).Property(LatestEpisode.6.ShowTitle),ListItem(-3).TvShowTitle) | StringCompare(Window(Home).Property(LatestEpisode.7.ShowTitle),ListItem(-3).TvShowTitle) | StringCompare(Window(Home).Property(LatestEpisode.8.ShowTitle),ListItem(-3).TvShowTitle) | StringCompare(Window(Home).Property(LatestEpisode.9.ShowTitle),ListItem(-3).TvShowTitle) | StringCompare(Window(Home).Property(LatestEpisode.10.ShowTitle),ListItem(-3).TvShowTitle)]] | [Container.Content(episodes) + [StringCompare(Window(Home).Property(LatestEpisode.1.EpisodeTitle),ListItem(-3).Title) | StringCompare(Window(Home).Property(LatestEpisode.2.EpisodeTitle),ListItem(-3).Title) | StringCompare(Window(Home).Property(LatestEpisode.3.EpisodeTitle),ListItem(-3).Title) | StringCompare(Window(Home).Property(LatestEpisode.4.EpisodeTitle),ListItem(-3).Title) | StringCompare(Window(Home).Property(LatestEpisode.5.EpisodeTitle),ListItem(-3).Title) | StringCompare(Window(Home).Property(LatestEpisode.6.EpisodeTitle),ListItem(-3).Title) | StringCompare(Window(Home).Property(LatestEpisode.7.EpisodeTitle),ListItem(-3).Title) | StringCompare(Window(Home).Property(LatestEpisode.8.EpisodeTitle),ListItem(-3).Title) | StringCompare(Window(Home).Property(LatestEpisode.9.EpisodeTitle),ListItem(-3).Title) | StringCompare(Window(Home).Property(LatestEpisode.10.EpisodeTitle),ListItem(-3).Title)]]]]">indicator/new.png</value>
        <value condition="stringcompare(ListItem(-3).Overlay,OverlayUnwatched.png)">indicator/unwatched.png</value>
    </variable>
    <variable name="PercentWatchedN2">
        <value condition="ListItem(-2).IsPlaying">indicator/play.png</value>
        <value condition="ListItem(-2).IsResumable">indicator/inprogress.png</value>
        <value condition="stringcompare(ListItem(-2).Overlay,OverlayWatched.png)">indicator/checkmark.png</value>
        <value condition="[SubString(ListItem(-2).Overlay,OverlayUnwatched.png) + [[Container.Content(movies) + [StringCompare(Window(Home).Property(LatestMovie.1.Title),ListItem(-2).Label) | StringCompare(Window(Home).Property(LatestMovie.2.Title),ListItem(-2).Label) | StringCompare(Window(Home).Property(LatestMovie.3.Title),ListItem(-2).Label) | StringCompare(Window(Home).Property(LatestMovie.4.Title),ListItem(-2).Label) | StringCompare(Window(Home).Property(LatestMovie.5.Title),ListItem(-2).Label) | StringCompare(Window(Home).Property(LatestMovie.6.Title),ListItem(-2).Label) | StringCompare(Window(Home).Property(LatestMovie.7.Title),ListItem(-2).Label) | StringCompare(Window(Home).Property(LatestMovie.8.Title),ListItem(-2).Label) | StringCompare(Window(Home).Property(LatestMovie.9.Title),ListItem(-2).Label) | StringCompare(Window(Home).Property(LatestMovie.10.Title),ListItem(-2).Label)]] | [[Container.Content(tvshows)] + [StringCompare(Window(Home).Property(LatestEpisode.1.ShowTitle),ListItem(-2).TvShowTitle) | StringCompare(Window(Home).Property(LatestEpisode.2.ShowTitle),ListItem(-2).TvShowTitle) | StringCompare(Window(Home).Property(LatestEpisode.3.ShowTitle),ListItem(-2).TvShowTitle) | StringCompare(Window(Home).Property(LatestEpisode.4.ShowTitle),ListItem(-2).TvShowTitle) | StringCompare(Window(Home).Property(LatestEpisode.5.ShowTitle),ListItem(-2).TvShowTitle) | StringCompare(Window(Home).Property(LatestEpisode.6.ShowTitle),ListItem(-2).TvShowTitle) | StringCompare(Window(Home).Property(LatestEpisode.7.ShowTitle),ListItem(-2).TvShowTitle) | StringCompare(Window(Home).Property(LatestEpisode.8.ShowTitle),ListItem(-2).TvShowTitle) | StringCompare(Window(Home).Property(LatestEpisode.9.ShowTitle),ListItem(-2).TvShowTitle) | StringCompare(Window(Home).Property(LatestEpisode.10.ShowTitle),ListItem(-2).TvShowTitle)]] | [Container.Content(episodes) + [StringCompare(Window(Home).Property(LatestEpisode.1.EpisodeTitle),ListItem(-2).Title) | StringCompare(Window(Home).Property(LatestEpisode.2.EpisodeTitle),ListItem(-2).Title) | StringCompare(Window(Home).Property(LatestEpisode.3.EpisodeTitle),ListItem(-2).Title) | StringCompare(Window(Home).Property(LatestEpisode.4.EpisodeTitle),ListItem(-2).Title) | StringCompare(Window(Home).Property(LatestEpisode.5.EpisodeTitle),ListItem(-2).Title) | StringCompare(Window(Home).Property(LatestEpisode.6.EpisodeTitle),ListItem(-2).Title) | StringCompare(Window(Home).Property(LatestEpisode.7.EpisodeTitle),ListItem(-2).Title) | StringCompare(Window(Home).Property(LatestEpisode.8.EpisodeTitle),ListItem(-2).Title) | StringCompare(Window(Home).Property(LatestEpisode.9.EpisodeTitle),ListItem(-2).Title) | StringCompare(Window(Home).Property(LatestEpisode.10.EpisodeTitle),ListItem(-2).Title)]]]]">indicator/new.png</value>
        <value condition="stringcompare(ListItem(-2).Overlay,OverlayUnwatched.png)">indicator/unwatched.png</value>
    </variable>
    <variable name="PercentWatchedN1">
        <value condition="ListItem(-1).IsPlaying">indicator/play.png</value>
        <value condition="ListItem(-1).IsResumable">indicator/inprogress.png</value>
        <value condition="stringcompare(ListItem(-1).Overlay,OverlayWatched.png)">indicator/checkmark.png</value>
        <value condition="[SubString(ListItem(-1).Overlay,OverlayUnwatched.png) + [[Container.Content(movies) + [StringCompare(Window(Home).Property(LatestMovie.1.Title),ListItem(-1).Label) | StringCompare(Window(Home).Property(LatestMovie.2.Title),ListItem(-1).Label) | StringCompare(Window(Home).Property(LatestMovie.3.Title),ListItem(-1).Label) | StringCompare(Window(Home).Property(LatestMovie.4.Title),ListItem(-1).Label) | StringCompare(Window(Home).Property(LatestMovie.5.Title),ListItem(-1).Label) | StringCompare(Window(Home).Property(LatestMovie.6.Title),ListItem(-1).Label) | StringCompare(Window(Home).Property(LatestMovie.7.Title),ListItem(-1).Label) | StringCompare(Window(Home).Property(LatestMovie.8.Title),ListItem(-1).Label) | StringCompare(Window(Home).Property(LatestMovie.9.Title),ListItem(-1).Label) | StringCompare(Window(Home).Property(LatestMovie.10.Title),ListItem(-1).Label)]] | [[Container.Content(tvshows)] + [StringCompare(Window(Home).Property(LatestEpisode.1.ShowTitle),ListItem(-1).TvShowTitle) | StringCompare(Window(Home).Property(LatestEpisode.2.ShowTitle),ListItem(-1).TvShowTitle) | StringCompare(Window(Home).Property(LatestEpisode.3.ShowTitle),ListItem(-1).TvShowTitle) | StringCompare(Window(Home).Property(LatestEpisode.4.ShowTitle),ListItem(-1).TvShowTitle) | StringCompare(Window(Home).Property(LatestEpisode.5.ShowTitle),ListItem(-1).TvShowTitle) | StringCompare(Window(Home).Property(LatestEpisode.6.ShowTitle),ListItem(-1).TvShowTitle) | StringCompare(Window(Home).Property(LatestEpisode.7.ShowTitle),ListItem(-1).TvShowTitle) | StringCompare(Window(Home).Property(LatestEpisode.8.ShowTitle),ListItem(-1).TvShowTitle) | StringCompare(Window(Home).Property(LatestEpisode.9.ShowTitle),ListItem(-1).TvShowTitle) | StringCompare(Window(Home).Property(LatestEpisode.10.ShowTitle),ListItem(-1).TvShowTitle)]] | [Container.Content(episodes) + [StringCompare(Window(Home).Property(LatestEpisode.1.EpisodeTitle),ListItem(-1).Title) | StringCompare(Window(Home).Property(LatestEpisode.2.EpisodeTitle),ListItem(-1).Title) | StringCompare(Window(Home).Property(LatestEpisode.3.EpisodeTitle),ListItem(-1).Title) | StringCompare(Window(Home).Property(LatestEpisode.4.EpisodeTitle),ListItem(-1).Title) | StringCompare(Window(Home).Property(LatestEpisode.5.EpisodeTitle),ListItem(-1).Title) | StringCompare(Window(Home).Property(LatestEpisode.6.EpisodeTitle),ListItem(-1).Title) | StringCompare(Window(Home).Property(LatestEpisode.7.EpisodeTitle),ListItem(-1).Title) | StringCompare(Window(Home).Property(LatestEpisode.8.EpisodeTitle),ListItem(-1).Title) | StringCompare(Window(Home).Property(LatestEpisode.9.EpisodeTitle),ListItem(-1).Title) | StringCompare(Window(Home).Property(LatestEpisode.10.EpisodeTitle),ListItem(-1).Title)]]]]">indicator/new.png</value>
        <value condition="stringcompare(ListItem(-1).Overlay,OverlayUnwatched.png)">indicator/unwatched.png</value>
    </variable>
    <variable name="PercentWatchedP3">
        <value condition="ListItem(3).IsPlaying">indicator/play.png</value>
        <value condition="ListItem(3).IsResumable">indicator/inprogress.png</value>
        <value condition="stringcompare(ListItem(3).Overlay,OverlayWatched.png)">indicator/checkmark.png</value>
        <value condition="[SubString(ListItem(3).Overlay,OverlayUnwatched.png) + [[Container.Content(movies) + [StringCompare(Window(Home).Property(LatestMovie.1.Title),ListItem(3).Label) | StringCompare(Window(Home).Property(LatestMovie.2.Title),ListItem(3).Label) | StringCompare(Window(Home).Property(LatestMovie.3.Title),ListItem(3).Label) | StringCompare(Window(Home).Property(LatestMovie.4.Title),ListItem(3).Label) | StringCompare(Window(Home).Property(LatestMovie.5.Title),ListItem(3).Label) | StringCompare(Window(Home).Property(LatestMovie.6.Title),ListItem(3).Label) | StringCompare(Window(Home).Property(LatestMovie.7.Title),ListItem(3).Label) | StringCompare(Window(Home).Property(LatestMovie.8.Title),ListItem(3).Label) | StringCompare(Window(Home).Property(LatestMovie.9.Title),ListItem(3).Label) | StringCompare(Window(Home).Property(LatestMovie.10.Title),ListItem(3).Label)]] | [[Container.Content(tvshows)] + [StringCompare(Window(Home).Property(LatestEpisode.1.ShowTitle),ListItem(3).TvShowTitle) | StringCompare(Window(Home).Property(LatestEpisode.2.ShowTitle),ListItem(3).TvShowTitle) | StringCompare(Window(Home).Property(LatestEpisode.3.ShowTitle),ListItem(3).TvShowTitle) | StringCompare(Window(Home).Property(LatestEpisode.4.ShowTitle),ListItem(3).TvShowTitle) | StringCompare(Window(Home).Property(LatestEpisode.5.ShowTitle),ListItem(3).TvShowTitle) | StringCompare(Window(Home).Property(LatestEpisode.6.ShowTitle),ListItem(3).TvShowTitle) | StringCompare(Window(Home).Property(LatestEpisode.7.ShowTitle),ListItem(3).TvShowTitle) | StringCompare(Window(Home).Property(LatestEpisode.8.ShowTitle),ListItem(3).TvShowTitle) | StringCompare(Window(Home).Property(LatestEpisode.9.ShowTitle),ListItem(3).TvShowTitle) | StringCompare(Window(Home).Property(LatestEpisode.10.ShowTitle),ListItem(3).TvShowTitle)]] | [Container.Content(episodes) + [StringCompare(Window(Home).Property(LatestEpisode.1.EpisodeTitle),ListItem(3).Title) | StringCompare(Window(Home).Property(LatestEpisode.2.EpisodeTitle),ListItem(3).Title) | StringCompare(Window(Home).Property(LatestEpisode.3.EpisodeTitle),ListItem(3).Title) | StringCompare(Window(Home).Property(LatestEpisode.4.EpisodeTitle),ListItem(3).Title) | StringCompare(Window(Home).Property(LatestEpisode.5.EpisodeTitle),ListItem(3).Title) | StringCompare(Window(Home).Property(LatestEpisode.6.EpisodeTitle),ListItem(3).Title) | StringCompare(Window(Home).Property(LatestEpisode.7.EpisodeTitle),ListItem(3).Title) | StringCompare(Window(Home).Property(LatestEpisode.8.EpisodeTitle),ListItem(3).Title) | StringCompare(Window(Home).Property(LatestEpisode.9.EpisodeTitle),ListItem(3).Title) | StringCompare(Window(Home).Property(LatestEpisode.10.EpisodeTitle),ListItem(3).Title)]]]]">indicator/new.png</value>
        <value condition="stringcompare(ListItem(3).Overlay,OverlayUnwatched.png)">indicator/unwatched.png</value>
    </variable>
    <variable name="PercentWatchedP2">
        <value condition="ListItem(2).IsPlaying">indicator/play.png</value>
        <value condition="ListItem(2).IsResumable">indicator/inprogress.png</value>
        <value condition="stringcompare(ListItem(2).Overlay,OverlayWatched.png)">indicator/checkmark.png</value>
        <value condition="[SubString(ListItem(2).Overlay,OverlayUnwatched.png) + [[Container.Content(movies) + [StringCompare(Window(Home).Property(LatestMovie.1.Title),ListItem(2).Label) | StringCompare(Window(Home).Property(LatestMovie.2.Title),ListItem(2).Label) | StringCompare(Window(Home).Property(LatestMovie.3.Title),ListItem(2).Label) | StringCompare(Window(Home).Property(LatestMovie.4.Title),ListItem(2).Label) | StringCompare(Window(Home).Property(LatestMovie.5.Title),ListItem(2).Label) | StringCompare(Window(Home).Property(LatestMovie.6.Title),ListItem(2).Label) | StringCompare(Window(Home).Property(LatestMovie.7.Title),ListItem(2).Label) | StringCompare(Window(Home).Property(LatestMovie.8.Title),ListItem(2).Label) | StringCompare(Window(Home).Property(LatestMovie.9.Title),ListItem(2).Label) | StringCompare(Window(Home).Property(LatestMovie.10.Title),ListItem(2).Label)]] | [[Container.Content(tvshows)] + [StringCompare(Window(Home).Property(LatestEpisode.1.ShowTitle),ListItem(2).TvShowTitle) | StringCompare(Window(Home).Property(LatestEpisode.2.ShowTitle),ListItem(2).TvShowTitle) | StringCompare(Window(Home).Property(LatestEpisode.3.ShowTitle),ListItem(2).TvShowTitle) | StringCompare(Window(Home).Property(LatestEpisode.4.ShowTitle),ListItem(2).TvShowTitle) | StringCompare(Window(Home).Property(LatestEpisode.5.ShowTitle),ListItem(2).TvShowTitle) | StringCompare(Window(Home).Property(LatestEpisode.6.ShowTitle),ListItem(2).TvShowTitle) | StringCompare(Window(Home).Property(LatestEpisode.7.ShowTitle),ListItem(2).TvShowTitle) | StringCompare(Window(Home).Property(LatestEpisode.8.ShowTitle),ListItem(2).TvShowTitle) | StringCompare(Window(Home).Property(LatestEpisode.9.ShowTitle),ListItem(2).TvShowTitle) | StringCompare(Window(Home).Property(LatestEpisode.10.ShowTitle),ListItem(2).TvShowTitle)]] | [Container.Content(episodes) + [StringCompare(Window(Home).Property(LatestEpisode.1.EpisodeTitle),ListItem(2).Title) | StringCompare(Window(Home).Property(LatestEpisode.2.EpisodeTitle),ListItem(2).Title) | StringCompare(Window(Home).Property(LatestEpisode.3.EpisodeTitle),ListItem(2).Title) | StringCompare(Window(Home).Property(LatestEpisode.4.EpisodeTitle),ListItem(2).Title) | StringCompare(Window(Home).Property(LatestEpisode.5.EpisodeTitle),ListItem(2).Title) | StringCompare(Window(Home).Property(LatestEpisode.6.EpisodeTitle),ListItem(2).Title) | StringCompare(Window(Home).Property(LatestEpisode.7.EpisodeTitle),ListItem(2).Title) | StringCompare(Window(Home).Property(LatestEpisode.8.EpisodeTitle),ListItem(2).Title) | StringCompare(Window(Home).Property(LatestEpisode.9.EpisodeTitle),ListItem(2).Title) | StringCompare(Window(Home).Property(LatestEpisode.10.EpisodeTitle),ListItem(2).Title)]]]]">indicator/new.png</value>
        <value condition="stringcompare(ListItem(2).Overlay,OverlayUnwatched.png)">indicator/unwatched.png</value>
    </variable>
    <variable name="PercentWatchedP1">
        <value condition="ListItem(1).IsPlaying">indicator/play.png</value>
        <value condition="ListItem(1).IsResumable">indicator/inprogress.png</value>
        <value condition="stringcompare(ListItem(1).Overlay,OverlayWatched.png)">indicator/checkmark.png</value>
        <value condition="[SubString(ListItem(1).Overlay,OverlayUnwatched.png) + [[Container.Content(movies) + [StringCompare(Window(Home).Property(LatestMovie.1.Title),ListItem(1).Label) | StringCompare(Window(Home).Property(LatestMovie.2.Title),ListItem(1).Label) | StringCompare(Window(Home).Property(LatestMovie.3.Title),ListItem(1).Label) | StringCompare(Window(Home).Property(LatestMovie.4.Title),ListItem(1).Label) | StringCompare(Window(Home).Property(LatestMovie.5.Title),ListItem(1).Label) | StringCompare(Window(Home).Property(LatestMovie.6.Title),ListItem(1).Label) | StringCompare(Window(Home).Property(LatestMovie.7.Title),ListItem(1).Label) | StringCompare(Window(Home).Property(LatestMovie.8.Title),ListItem(1).Label) | StringCompare(Window(Home).Property(LatestMovie.9.Title),ListItem(1).Label) | StringCompare(Window(Home).Property(LatestMovie.10.Title),ListItem(1).Label)]] | [[Container.Content(tvshows)] + [StringCompare(Window(Home).Property(LatestEpisode.1.ShowTitle),ListItem(1).TvShowTitle) | StringCompare(Window(Home).Property(LatestEpisode.2.ShowTitle),ListItem(1).TvShowTitle) | StringCompare(Window(Home).Property(LatestEpisode.3.ShowTitle),ListItem(1).TvShowTitle) | StringCompare(Window(Home).Property(LatestEpisode.4.ShowTitle),ListItem(1).TvShowTitle) | StringCompare(Window(Home).Property(LatestEpisode.5.ShowTitle),ListItem(1).TvShowTitle) | StringCompare(Window(Home).Property(LatestEpisode.6.ShowTitle),ListItem(1).TvShowTitle) | StringCompare(Window(Home).Property(LatestEpisode.7.ShowTitle),ListItem(1).TvShowTitle) | StringCompare(Window(Home).Property(LatestEpisode.8.ShowTitle),ListItem(1).TvShowTitle) | StringCompare(Window(Home).Property(LatestEpisode.9.ShowTitle),ListItem(1).TvShowTitle) | StringCompare(Window(Home).Property(LatestEpisode.10.ShowTitle),ListItem(1).TvShowTitle)]] | [Container.Content(episodes) + [StringCompare(Window(Home).Property(LatestEpisode.1.EpisodeTitle),ListItem(1).Title) | StringCompare(Window(Home).Property(LatestEpisode.2.EpisodeTitle),ListItem(1).Title) | StringCompare(Window(Home).Property(LatestEpisode.3.EpisodeTitle),ListItem(1).Title) | StringCompare(Window(Home).Property(LatestEpisode.4.EpisodeTitle),ListItem(1).Title) | StringCompare(Window(Home).Property(LatestEpisode.5.EpisodeTitle),ListItem(1).Title) | StringCompare(Window(Home).Property(LatestEpisode.6.EpisodeTitle),ListItem(1).Title) | StringCompare(Window(Home).Property(LatestEpisode.7.EpisodeTitle),ListItem(1).Title) | StringCompare(Window(Home).Property(LatestEpisode.8.EpisodeTitle),ListItem(1).Title) | StringCompare(Window(Home).Property(LatestEpisode.9.EpisodeTitle),ListItem(1).Title) | StringCompare(Window(Home).Property(LatestEpisode.10.EpisodeTitle),ListItem(1).Title)]]]]">indicator/new.png</value>
        <value condition="stringcompare(ListItem(1).Overlay,OverlayUnwatched.png)">indicator/unwatched.png</value>
    </variable>
    <variable name="PosterImage">
        <value condition="Container.Content(seasons)">$INFO[ListItem.Icon]</value>
        <value condition="!IsEmpty(ListItem.Art(tvshow.poster))">$INFO[ListItem.Art(tvshow.poster)]</value>
        <value condition="!IsEmpty(ListItem.Art(poster))">$INFO[ListItem.Art(poster)]</value>
        <value>$INFO[ListItem.Icon]</value>
    </variable>
    <variable name="WidgetImage">
        <value condition="!IsEmpty(Container(301).ListItem.Art(tvshow.poster))">$INFO[Container(301).ListItem.Art(tvshow.poster)]</value>
        <value condition="!IsEmpty(Container(301).ListItem.Art(poster))">$INFO[Container(301).ListItem.Art(poster)]</value>  
        <value condition="!IsEmpty(Container(301).ListItem.Art(fanart))">$INFO[Container(301).ListItem.Art(fanart)]</value>
        <value>$INFO[Container(301).ListItem.Icon]</value>
    </variable>
    <variable name="ThumbImage">
        <value condition="Window.IsVisible(MyVideoNav.xml) + Container.Content(movies) | Container.Content(tvshows) | Container.Content(seasons) | Container.Content(episodes) | Container.Content(sets)">$VAR[FanartImage]</value>
        <value>$INFO[ListItem.Icon]</value>
    </variable>
    <variable name="PlayerPoster">
        <value condition="!IsEmpty(Player.Art(tvshow.poster))">$INFO[Player.Art(tvshow.poster)]</value>
        <value condition="!IsEmpty(Player.Art(poster))">$INFO[Player.Art(poster)]</value>
        <value>$INFO[Player.Art(thumb)]</value>
    </variable>
    <variable name="BannerImage">
        <value condition="!IsEmpty(ListItem.Art(tvshow.banner))">$INFO[ListItem.Art(tvshow.banner)]</value>
        <value condition="!IsEmpty(ListItem.Art(banner))">$INFO[ListItem.Art(banner)]</value>
        <value condition="!IsEmpty(ListItem.Art(fanart))">$INFO[ListItem.Art(fanart)]</value>
        <value condition="!IsEmpty(ListItem.Thumb)">$INFO[ListItem.Thumb]</value>
        <value>$INFO[ListItem.Icon]</value>
    </variable>
    <variable name="FanartImage">
        <value condition="!IsEmpty(ListItem.Art(fanart)) + !Container.Content(episodes)">$INFO[ListItem.Art(fanart)]</value>
        <value condition="!IsEmpty(ListItem.Thumb)">$INFO[ListItem.Thumb]</value>
        <value>$INFO[ListItem.Icon]</value>
    </variable>
    <variable name="MusicImage">
        <value condition="!IsEmpty(ListItem.Thumb)">$INFO[ListItem.Thumb]</value>
        <value condition="!IsEmpty(ListItem.Art(fanart))">$INFO[ListItem.Art(fanart)]</value>
        <value>$INFO[ListItem.Icon]</value>
    </variable>
    <variable name="PlayerClearart">
        <value condition="!IsEmpty(Player.Art(tvshow.clearart))">$INFO[Player.Art(tvshow.clearart)]</value>
        <value condition="!IsEmpty(Player.Art(clearart))">$INFO[Player.Art(clearart)]</value>
        <value condition="!IsEmpty(Player.Art(tvshow.clearlogo))">$INFO[Player.Art(tvshow.clearlogo)]</value>
        <value condition="!IsEmpty(Player.Art(clearlogo))">$INFO[Player.Art(clearlogo)]</value>
    </variable>
<!-- Ajout ICI -->
	<variable name="ClearLogo">
		<value condition="!IsEmpty(ListItem.Art(tvshow.clearlogo))">$INFO[ListItem.Art(tvshow.clearlogo)]</value>
		<value condition="!IsEmpty(ListItem.Art(clearlogo))">$INFO[ListItem.Art(clearlogo)]</value>
	</variable>
	<variable name="MusicClearLogo">
		<value condition="!IsEmpty(ListItem.AlbumArtist)">$INFO[Skin.String(artworklocation)]$INFO[ListItem.AlbumArtist]/logo.png</value>
		<value>$INFO[Skin.String(artworklocation)]$INFO[ListItem.Artist]/logo.png</value>
	</variable>
	<variable name="ClearArt">
		<value condition="!IsEmpty(ListItem.Art(tvshow.clearart))">$INFO[ListItem.Art(tvshow.clearart)]</value>
		<value condition="!IsEmpty(ListItem.Art(clearart))">$INFO[ListItem.Art(clearart)]</value>
		<value condition="!IsEmpty(ListItem.Art(tvshow.clearlogo))">$INFO[ListItem.Art(tvshow.clearlogo)]</value>
		<value condition="!IsEmpty(ListItem.Art(clearlogo))">$INFO[ListItem.Art(clearlogo)]</value>
	</variable>
	<variable name="CDArt">
		<value condition="!IsEmpty(ListItem.Art(discart))">$INFO[ListItem.Art(discart)]</value>
		<value condition="IntegerGreaterThan(ListItem.VideoResolution,719) + !Container.Content(episodes) + !Container.Content(seasons) + !Container.Content(tvshows)">flags/cdart/hd.png</value>
		<value condition="!IsEmpty(ListItem.VideoResolution) + !Container.Content(episodes) + !Container.Content(seasons) + !Container.Content(tvshows)">flags/cdart/sd.png</value>
	</variable>
	<variable name="MusicCDArt">
		<value>$INFO[Skin.String(artworklocation)]$INFO[ListItem.Artist]$INFO[ListItem.Album,/,.png]</value>	
	</variable>    
	<variable name="Studio">
		<value condition="!IsEmpty(ListItem.Studio) + !container.content(movies)">$INFO[ListItem.Studio,flags/studios/,.png]</value>
	</variable>
		<variable name="LandscapeImage">
		<value condition="Container.Content(episodes) + [!Skin.HasSetting(osd.hidespoilers) | [Skin.HasSetting(osd.hidespoilers) + stringcompare(ListItem.Overlay,OverlayWatched.png)]]">$INFO[ListItem.Icon]</value>
		<value condition="Skin.HasSetting(osd.hidespoilers) + Container.Content(episodes) + [stringcompare(ListItem.Overlay,OverlayUnWatched.png) | ListItem.IsResumable]">$INFO[ListItem.Art(tvshow.landscape)]</value>
		<value condition="Skin.HasSetting(osd.hidespoilers) + Container.Content(episodes) + ![stringcompare(ListItem.Overlay,OverlayUnWatched.png) + ListItem.IsResumable]">$INFO[ListItem.Icon]</value>
		<value condition="!IsEmpty(ListItem.Art(landscape)) + !Container.Content(episodes)">$INFO[ListItem.Art(landscape)]</value>
		<value condition="!IsEmpty(ListItem.Art(tvshow.landscape)) + !Container.Content(episodes)">$INFO[ListItem.Art(tvshow.landscape)]</value>
		<value condition="!IsEmpty(ListItem.Art(fanart)) + !Container.Content(episodes)">$INFO[ListItem.Art(fanart)]</value>
		<value condition="!IsEmpty(ListItem.Thumb) + !Container.Content(episodes)">$INFO[ListItem.Thumb]</value>
		<value>$INFO[ListItem.Icon]</value>
	</variable>   
	<variable name="ExtraThumbs">
        		<value condition="Container.Content(movies) | Container.Content(musicvideos) | Skin.HasSetting(show.extrathumb)">$INFO[ListItem.Path,,extrathumbs/]</value>
    	</variable>    
   	    	
</includes>
