<?xml version="1.0" encoding="UTF-8"?>
<!-- Foundation -->
<window id="502">
    <defaultcontrol always="true">50</defaultcontrol>
    <allowoverlay>yes</allowoverlay>
<!-- Modification Ordre ICI -->    
    <views>50,57,507,505,506,500,503,54,51,155</views>
    
    <controls>

        <include>GlobalBackground</include>
        <include>Furniture_Header</include>
        <include>Furniture_Clock</include>
        <include>Furniture_NowPlaying</include>
        <include>View_50_List_Square</include>
        <include condition="!Skin.HasSetting(51bigwide.showinfo)">View_51_BigWide</include>
        <include condition="Skin.HasSetting(51bigwide.showinfo)">View_51_BigWide_Info</include>
        <include>View_500_Thumbnails</include>
        <include>View_503_Poster_Square</include>
        <include>View_505_506_Wall</include>
        <include>View_54_Banner</include>
        <include condition="!Skin.HasSetting(57list.low)">View_57_ExtraInfo</include>
        <include condition="Skin.HasSetting(57list.low)">View_57_ExtraInfo_LowList</include>
<!-- Ajout ICI -->             
        <include condition="!Skin.HasSetting(View_155_BigWall)">View_155_SmallWall</include>
        <include condition="Skin.HasSetting(View_155_BigWall)">View_155_BigWall</include>
        
        <control type="group">
            <include>Animation.FadeIn</include>
            <include>Animation.FadeOut</include>
            <visible>ControlGroup(9000).HasFocus()</visible>
            <include>GlobalOverlay</include>
        </control>
        <control type="group">
            <include>Def9000Background</include>
            <include>Def9000Arrows</include>
            <control type="grouplist" id="9000">
            
<!-- Ajout ICI -->                
              <control type="button" id="9096">
                    <description>Back to fullscreen</description>
                    <include>DefContextButton</include>
                    <label>31749</label>
                    <align>left</align>
                    <onclick>fullscreen</onclick>
                    <visible>Player.HasMedia</visible>
                </control>
            
                <include>Def9000GroupList</include>
                <include>Def9000MusicSide</include>
                
                <control type="radiobutton" id="9007" description="Low List (57)">
                    <include>DefContextButton</include>
                    <align>left</align>
                    <label>31142</label>
                    <selected>Skin.HasSetting(57list.low)</selected>
                    <onclick>Skin.ToggleSetting(57list.low)</onclick>
                    <onclick>ReloadSkin()</onclick>
                    <visible>Control.IsVisible(57)</visible>
                </control>
                
                <control type="radiobutton" id="9008" description="Big Wide Info (51)">
                    <include>DefContextButton</include>
                    <align>left</align>
                    <label>31147</label>
                    <selected>Skin.HasSetting(51bigwide.showinfo)</selected>
                    <onclick>Skin.ToggleSetting(51bigwide.showinfo)</onclick>
                    <onclick>ReloadSkin()</onclick>
                    <visible>Control.IsVisible(51)</visible>
                </control>
                
<!-- Ajout ICI -->                
                <control type="radiobutton" id="9006" description="Small Wall (155)">
                    <include>DefContextButton</include>
                    <align>left</align>
                    <label>Mur complet</label>
                    <selected>Skin.HasSetting(View_155_BigWall)</selected>
                    <onclick>Skin.ToggleSetting(View_155_BigWall)</onclick>
                    <onclick>Skin.Reset(View_155_SmallWall)</onclick>
                    <onclick>ReloadSkin()</onclick>
                    <visible>Control.IsVisible(155)</visible>
                </control>  
                
<!-- Ajout ICI -->
                <control type="radiobutton" id="90151" description="Wall Infos">
                    <include>DefContextButton</include>
                    <align>left</align>
                    <label>31147</label>
                    <selected>Skin.HasSetting(155wall.showinfo)</selected>
                    <onclick>Skin.ToggleSetting(155wall.showinfo)</onclick>
                    <onclick>ReloadSkin()</onclick>
                    <visible>Control.IsVisible(155)</visible>
                </control>                              
              
                <control type="button" id="9091">
                    <description>Global Search</description>
                    <include>DefContextButton</include>
                    <align>left</align>
                    <label>137</label>
                    <onclick>RunScript(script.globalsearch,artists=true&amp;albums=true&amp;songs=true)</onclick>
                </control>

                <control type="radiobutton" id="16">
                    <description>PartyMode</description>
                    <include>DefContextButton</include>
                    <align>left</align>
                    <label>589</label>
                </control>

                <control type="radiobutton" id="98">
                    <visible>Container.CanFilterAdvanced</visible>
                    <description>Filter</description>
                    <include>DefContextButton</include>
                    <label>587</label>
                    <align>left</align>
                    <onclick>SetFocus(50)</onclick>
                    <onclick>Filter</onclick>
                    <selected>Container.Filtered</selected>
                </control>

                <control type="button" id="20">
                    <description>Update</description>
                    <align>left</align>
                    <label>653</label>
                    <include>DefContextButton</include>
                </control>
            </control>
        </control>
        

    </controls>

</window>
