<?xml version="1.0" encoding="UTF-8"?>
<window type="dialog">
    <defaultcontrol always="true">9000</defaultcontrol>
    <allowoverlay>no</allowoverlay>

    <controls>
        <control type="list" id="100">
            <posx>-10</posx>
            <posy>-10</posy>
            <width>1</width>
            <height>1</height>
            <visible>false</visible>
            <itemlayout width="1" height="1"/>
            <focusedlayout width="1" height="1"/>
        </control>
        
        <control type="grouplist">
            <visible>!Skin.HasSetting(furniture.flags)</visible>
            <include>Animation.FadeIn</include>
            <include>Animation.FadeOut</include>
            <left>SidePad</left>
            <centerbottom>NavBarPad</centerbottom>
            <width>1435</width>
            <height>180</height>
            <orientation>horizontal</orientation>
            <align>left</align>
            <itemgap>19</itemgap>
            <usecontrolcoords>true</usecontrolcoords>
            
            
       
            <control type="image">
                <width>108</width>
                <height>50</height>
                <centertop>50%</centertop>
                <texture colordiffuse="Dark1" fallback="flags/aspectratio/aspectratio.png">$INFO[Container(100).ListItem.Property(VideoAspect),flags/aspectratio/,.png]</texture>
                <aspectratio align="left">scale</aspectratio>
                <visible>!IsEmpty(Container(100).ListItem.Property(VideoAspect))</visible>
            </control>
            <control type="image">
                <width>130</width>
                <height>50</height>
                <centertop>50%</centertop>
                <texture colordiffuse="Dark1" fallback="flags/default.png">$INFO[Container(100).ListItem.Property(VideoResolution),flags/resolution/,.png]</texture>
                <aspectratio align="center">keep</aspectratio>
                <visible>!IsEmpty(Container(100).ListItem.Property(VideoResolution))</visible>
            </control>
            <control type="image">
                <width>130</width>
                <height>50</height>
                <centertop>50%</centertop>
                <texture colordiffuse="Dark1" fallback="flags/default.png">$INFO[Container(100).ListItem.Property(VideoCodec),flags/video/,.png]</texture>
                <aspectratio align="center">keep</aspectratio>
                <visible>!IsEmpty(Container(100).ListItem.Property(VideoCodec))</visible>
            </control>
            <control type="image">
                <width>130</width>
                <height>50</height>
                <centertop>50%</centertop>
                <texture colordiffuse="Dark1" fallback="flags/default.png">$INFO[Container(100).ListItem.Property(AudioCodec),flags/audio/,.png]</texture>
                <aspectratio align="center">keep</aspectratio>
                <visible>!IsEmpty(Container(100).ListItem.Property(AudioCodec))</visible>
            </control>
            <control type="image">
                <width>130</width>
                <height>50</height>
                <centertop>50%</centertop>
                <texture colordiffuse="Dark1" fallback="flags/fallback.png">$INFO[Container(100).ListItem.Property(AudioChannels),flags/channels/,.png]</texture>
                <aspectratio align="center">keep</aspectratio>
                <visible>!IsEmpty(Container(100).ListItem.Property(AudioChannels))</visible>
            </control>
             
  <!--<control type="group">
                <centertop>50%</centertop>
                <width>220</width>
                <height>50</height>
            <control type="image">
                <width>220</width>
                <height>50</height>
                <centertop>50%</centertop>
                <texture colordiffuse="Dark1">flags/time2.png</texture>
                <aspectratio align="left">scale</aspectratio>
                <visible>!IsEmpty(Container(100).ListItem.Property(Duration))</visible>
            </control>
            
            <control type="label">
	      <centertop>46%</centertop>
	      <posx>67</posx>
                <height>50</height>
                <align>center</align>
                <aligny>center</aligny>
                <label>$INFO[Container(100).ListItem.Property(Duration),, $LOCALIZE[31102]  ]</label>
                <font>FlagHD</font>
                <textcolor>Dark1</textcolor>
                <visible>!IsEmpty(Container(100).ListItem.Property(Duration))</visible>
            </control>
            </control> -->    
            
        </control>            


        <control type="group" id="101">
            <control type="group" id="110">
                <include>GlobalSearchInfoPosterArt</include>
                <include>GlobalSearchVideoDetails</include>
            </control>
            <control type="group" id="120">
                <include>GlobalSearchInfoPosterArt</include>
                <include>GlobalSearchVideoDetails</include>
            </control>
            <control type="group" id="130">
                <include>GlobalSearchInfoPosterArt</include>
                <include>GlobalSearchVideoDetails</include>
            </control>
            <control type="group" id="140">
                <include>GlobalSearchInfoPosterArt</include>
                <include>GlobalSearchVideoDetails</include>
            </control>
            <control type="group" id="150">
                <include>GlobalSearchInfoSquareArt</include>
                <include>GlobalSearchMusicDetails</include>
            </control>
            <control type="group" id="160">
                <include>GlobalSearchInfoSquareArt</include>
                <include>GlobalSearchMusicDetails</include>
            </control>
            <control type="group" id="170">
                <include>GlobalSearchInfoSquareArt</include>
                <include>GlobalSearchMusicDetails</include>
            </control>
            <control type="group" id="180">
                <include>GlobalSearchInfoSquareArt</include>
                <include>GlobalSearchMusicDetails</include>
            </control>
            <control type="group" id="200">
                <include>GlobalSearchInfoSquareArt</include>
                <include>GlobalSearchEPGDetails</include>
            </control>
            <control type="group">
                <visible>!Window.IsVisible(script-ExtendedInfo Script-DialogVideoInfo.xml)</visible>
                <animation effect="slide" start="1920" end="0" delay="0" time="300" tween="quadratic" easing="out">WindowOpen</animation>
                <animation effect="slide" start="0" end="1920" time="300" tween="quadratic" easing="in">WindowClose</animation>
                <animation effect="slide" start="1920" end="0" delay="0" time="300" tween="quadratic" easing="out">Visible</animation>
                <animation effect="slide" start="0" end="1920" time="300" tween="quadratic" easing="in">Hidden</animation>
                <control type="button" id ="9601">
                    <width>1</width>
                    <height>1</height>
                    <visible allowhiddenfocus="true">false</visible>
                    <onback>9000</onback>
                    <onup>9000</onup>
                    <ondown>9000</ondown>
                    <onleft>9000</onleft>
                    <onright>9000</onright>
                </control>
                <control type="grouplist" id="9000">
                    <visible allowhiddenfocus="true">ControlGroup(9000).HasFocus()</visible>
                    <animation effect="slide" start="0" end="212" time="0" condition="Control.IsVisible(150) | Control.IsVisible(160) | Control.IsVisible(170) | Control.IsVisible(180) | Control.IsVisible(200)">Conditional</animation>
                    <bottom>224</bottom>
                    <left>570</left>
                    <right>SidePad</right>
                    <height>68</height>
                    <onup>9601</onup>
                    <ondown>9601</ondown>
                    <itemgap>16</itemgap>
                    <orientation>horizontal</orientation>
                    <control type="button" id ="191">
                        <description>Ok button</description>
                        <label>186</label>
                        <width>260</width>
                        <include>DefInfoButtons</include>
                    </control>
                    <control type="button" id ="192">
                        <description>Play button</description>
                        <label>-</label>
                        <width>260</width>
                        <include>DefInfoButtons</include>
                    </control>
                    <control type="button" id ="193">
                        <description>Trailer button</description>
                        <label>-</label>
                        <width>260</width>
                        <include>DefInfoButtons</include>
                    </control>
                    <control type="button" id ="9001">
                        <visible>Control.IsVisible(110)</visible>
                        <description>Extended button</description>
                        <label>TMDb</label>
                        <width>260</width>
                        <include>DefInfoButtons</include>
                        <onclick>RunScript(script.extendedinfo,info=extendedinfo,name=$INFO[Container(100).ListItem.Label])</onclick>
                    </control>
                    <control type="button" id ="9002">
                        <visible>Control.IsVisible(120)</visible>
                        <description>Extended button</description>
                        <label>TMDb</label>
                        <width>260</width>
                        <include>DefInfoButtons</include>
                        <onclick>RunScript(script.extendedinfo,info=extendedtvinfo,name=$INFO[Container(100).ListItem.Label])</onclick>
                    </control>
                    <control type="button" id ="9003">
                        <visible>Control.IsVisible(140)</visible>
                        <description>Extended button</description>
                        <label>TMDb</label>
                        <width>260</width>
                        <include>DefInfoButtons</include>
                        <onclick>RunScript(script.extendedinfo,info=extendedtvinfo,name=$INFO[Container(100).ListItem.Property(TvShowTitle)])</onclick>
                    </control>
                </control>
                <control type="label">
                    <right>SidePad</right>
                    <left>SidePad</left>
                    <bottom>174</bottom>
                    <height>50</height>
                    <font>Mini</font>
                    <scroll>true</scroll>
                    <textcolor>Dark3</textcolor>
                    <label>$INFO[Container(100).ListItem.Property(Path)]</label>
                    <aligny>center</aligny>
                    <align>right</align>
                    <visible>ControlGroup(9000).HasFocus() + [Control.IsVisible(110) | Control.IsVisible(140) | Control.IsVisible(150) | Control.IsVisible(180)]</visible>
                    <include>Animation.FadeIn</include>
                </control>
            </control>
        </control>
        <control type="group">
            <visible>Control.HasFocus(9601)</visible>
            <include>Animation.FadeIn</include>
            <include>Animation.FadeOut</include>            
            <include>PlotOverlay</include>
            <include>PlotOverlay</include>
        </control>   

        <control type="group">
            <left>SidePad</left>
            <right>SidePad</right>
            <top>PosterPad</top>
            <height>670</height>
            <visible>Control.HasFocus(9601)</visible>
            <include>Animation.FadeIn.Slide</include>
            <include>Animation.FadeOut</include>
            
            
            <control type="label">
                <description>header label</description>
                <left>60</left>
                <right>60</right>
                <posy>60</posy>
                <font>EpisodeNumber</font>
                <textcolor>Dark1</textcolor>
                <height>45</height>
                <label>$INFO[Container(100).ListItem.Label]</label>
            </control>

            <control type="textbox">
                <description>textarea</description>
                <left>60</left>
                <right>60</right>
                <top>150</top>
                <bottom>0</bottom>
                <font>Medium</font>
                <textcolor>Dark2</textcolor>
                <label>$INFO[Container(100).ListItem.Property(Plot)]</label>
                <visible>![Control.IsVisible(170) | Control.IsVisible(160)]</visible>
            </control>
            <control type="textbox">
                <description>textarea</description>
                <left>60</left>
                <right>60</right>
                <top>150</top>
                <bottom>0</bottom>
                <font>Medium</font>
                <textcolor>Dark2</textcolor>
                <label>$INFO[Container(100).ListItem.Property(Album_Description)]</label>
                <visible>Control.IsVisible(170)</visible>
            </control>
            <control type="textbox">
                <description>textarea</description>
                <left>60</left>
                <right>60</right>
                <top>150</top>
                <bottom>0</bottom>
                <font>Medium</font>
                <textcolor>Dark2</textcolor>
                <label>$INFO[Container(100).ListItem.Property(Artist_Description)]</label>
                <visible>Control.IsVisible(160)</visible>
            </control>
        </control>
    </controls>

</window>
