<?xml version="1.0" encoding="UTF-8"?>
<window>
    <defaultcontrol always="true">3013</defaultcontrol>
    <zorder>10</zorder>
    <controls>
        <control type="label" id="3000"><visible>false</visible></control>
        <control type="label" id="3002"><visible>false</visible></control>    
        
        <control type="image" description="clearart">
      	  <include>Animation.FadeIn.Slide</include>
            <include>Animation.FadeOut</include>
       	  <right>104</right>
       	  <bottom>374</bottom>
            <width>400</width>
	  <height>225</height>
            <aspectratio aligny="center">keep</aspectratio>
	  <texture>$VAR[PlayerClearart]</texture>
	  <visible>Skin.HasSetting(ShowClearArtInfo)</visible>	
        </control>  

        <control type="group">
            <include>Animation.FadeIn.Slide</include>
            <include>Animation.FadeOut</include>
            <right>64</right>
            <bottom>64</bottom>
            <width>480</width>
            <height>270</height>

            <control type="image" description="blackline">
                <width>100%</width>
                <height>60</height>
                <bottom>250</bottom>
                <aspectratio scalediffuse="false">scale</aspectratio>
                <texture>diffuse/nextuptop.png</texture>
            </control>
            
            <control type="label" description="text">
                <top>-52</top>
                <left>5</left>
                <right>20</right>
                <height>64</height>
                <aligny>center</aligny>
                <font>TinyBold</font>
                <label>$LOCALIZE[20359] $ADDON[service.nextup.notification 30008] :</label>
                <textcolor>Dark2</textcolor>
            </control>

            <control type="image" description="fanart">
                <width>100%</width>
                <height>100%</height>
                <fadetime>350</fadetime>
                <aspectratio scalediffuse="false">scale</aspectratio>
                <texture>$INFO[Player.Art(fanart)]</texture>
            </control>

            <control type="image" description="blackline">
                <width>100%</width>
                <height>64</height>
                <bottom>0</bottom>
                <aspectratio scalediffuse="false">scale</aspectratio>
                <texture>diffuse/nextupbottom.png</texture>
            </control>

            <control type="image" description="blackline">
                <height>64</height>
                <width>64</width>
                <centertop>110</centertop>
                <centerleft>50%</centerleft>
                <aspectratio scalediffuse="false">keep</aspectratio>
                <texture colordiffuse="$VAR[ColorHighlight]">common/circle.png</texture>
            </control>
            <control type="label">
                <description>Remaining</description>
                <centertop>110</centertop>
                <centerleft>50%</centerleft>
                <width>885</width>
                <font>MediumBold</font>
                <align>center</align>
                <textcolor>ffededed</textcolor>
                <label>$INFO[Player.TimeRemaining(ss)]</label>
            </control>


            <control type="label">
                <left>10</left>
                <right>120</right>
                <height>64</height>
                <bottom>0</bottom>
                <aligny>center</aligny>
                <font>TinyBold</font>
                <label>$INFO[Control.GetLabel(3002)] $INFO[Control.GetLabel(3000)]</label>
                <textcolor>Dark1</textcolor>
            </control>

            <control type="button" id="3012">
                <description>Play</description>
                <right>64</right>
                <bottom>8</bottom>
                <width>48</width>
                <height>48</height>
                <label></label>
                <align>center</align>
                <aligny>center</aligny>
                <textoffsetx>0</textoffsetx>
                <onleft>3013</onleft>
                <onright>3013</onright>
                <texturefocus colordiffuse="$VAR[ColorHighlight]">buttons/nextupplay.png</texturefocus>
                <texturenofocus colordiffuse="Dark3">buttons/nextupplay.png</texturenofocus>
            </control>

            <control type="button" id="3013">
                <description>Cancel</description>
                <right>8</right>
                <bottom>8</bottom>
                <width>48</width>
                <height>48</height>
                <label></label>
                <align>center</align>
                <aligny>center</aligny>
                <textoffsetx>0</textoffsetx>
                <onleft>3012</onleft>
                <onright>3012</onright>
                <texturefocus colordiffuse="$VAR[ColorHighlight]">buttons/nextupstop.png</texturefocus>
                <texturenofocus colordiffuse="Dark3">buttons/nextupstop.png</texturenofocus>
            </control>
        </control>
    </controls>
</window>