<?xml version="1.0" encoding="UTF-8"?>
<!-- Foundation -->
<includes>
    <include name="View_56_MediaInfo">
        <description>List View (id=56)</description>
        <control type="group">
            <include>Animation.Common</include>
            <visible>Control.IsVisible(56)</visible>
            <control type="group">
                <control type="fixedlist" id="56">
                    <visible>substring(Container.FolderPath,plugin://plugin.program.advanced.launcher/,left) | Container.Content(musicvideos) | Container.Content(movies) | Container.Content(tvshows) | [Container.Content(episodes) + !substring(Container.FolderPath,plugin://,left)] | Container.Content(actors) | Container.Content(sets) | Container.Content(seasons)</visible>
                    <top>PosterPad</top>
                    <height>448</height>
                    <left>ListX</left>
                    <right>SidePad</right>
                    <onleft condition="!Skin.HasSetting(global.kioskmode)">9000</onleft>
                    <onright>60</onright>
                    <onup>56</onup>
                    <ondown>56</ondown>
                    <focusposition>3</focusposition>
                    <movement>3</movement>
                    <pagecontrol>60</pagecontrol>
                    <viewtype label="544">list</viewtype>
                    <scrolltime tween="quadratic">400</scrolltime>
                    <itemlayout width="ListW" height="64">
                        <include>50itemlayout</include>
                    </itemlayout>

                    <focusedlayout width="ListW" height="64">
                        <control type="group">
                            <visible>!Control.HasFocus(60)</visible>
                            <include>50focuslayout</include>
                        </control>
                        <control type="group">
                            <visible>Control.HasFocus(60)</visible>
                            <include>50itemlayout</include>
                        </control>
                    </focusedlayout>
                </control>
                <include>Furniture_Scrollbar</include>
            </control>
            <control type="group" description="Poster">
                
                <left>SidePad</left>
                <top>PosterPad</top>
                <control type="image">
                    <top>PosterH</top>
                    <width>PosterW</width>
                    <height>PosterH</height>
                    <fadetime>100</fadetime>
                    <aspectratio align="center" aligny="center" scalediffuse="false">scale</aspectratio>
                    <texture flipy="true" diffuse="diffuse/listposter-ref.png" background="true">$VAR[PosterImage]</texture>
                    <visible>Skin.HasSetting(show.reflections)</visible>
                </control>
                <control type="image">
                    <centertop>PosterH</centertop>
                    <width>PosterW</width>
                    <height>48</height>
                    <aspectratio>stretch</aspectratio>
                    <texture>diffuse/shadowspot.png</texture>
                    
                </control>
                <control type="image">
                    <width>PosterW</width>
                    <height>PosterH</height>
                    <texture border="5" colordiffuse="FF181818">common/box.png</texture>
                </control>
                <control type="image">
                    <width>PosterW</width>
                    <height>PosterH</height>
                    <fadetime>100</fadetime>
                    <aspectratio align="center" aligny="center" scalediffuse="false">scale</aspectratio>
                    <texture diffuse="diffuse/listposter.png" background="true">$VAR[PosterImage]</texture>
                </control>
                <control type="image">
                    <left>-24</left>
                    <top>-24</top>
                    <width>PosterShadowW</width>
                    <height>PosterShadowH</height>
                    <texture border="32">common/shadow-24.png</texture>
                </control>
            </control>
            <control type="group" description="Plot et al">
                <left>ListX</left>
                <right>SidePad</right>
                <control type="grouplist">
                    <left>30</left>
                    <right>30</right>
                    <top>690</top>
                    <orientation>vertical</orientation>
                    <animation effect="fade" start="0" end="100" delay="450" time="250" reversible="false">Visible</animation>
                    <control type="label">
                        <font>SmallBold</font>
                        <label>$VAR[LabelDirector]</label>
                        <textcolor>Dark1</textcolor>
                        <height>35</height>
                        <aligny>top</aligny>
                    </control>
                    <control type="label">
                        <font>Tiny</font>
                        <label>$VAR[LabelGenre]</label>
                        <textcolor>Dark1</textcolor>
                        <height>42</height>
                        <aligny>top</aligny>
                    </control>
                    <control type="textbox">
                        <font>Tiny</font>
                        <label>$VAR[LabelPlotBox]</label>
                        <textcolor>Dark2</textcolor>
                        <height>68</height>
                        <align>justify</align>
                    </control>
                </control>
            </control>
        </control>
    </include>
    <include name="View_56_MediaInfo2">
        <description>List View (id=56)</description>
        <control type="group">
            <include>Animation.Common</include>
            <visible>Control.IsVisible(56)</visible>
            <control type="group">
                <control type="list" id="56">
                    <visible>substring(Container.FolderPath,plugin://plugin.program.advanced.launcher/,left) | Container.Content(musicvideos) | Container.Content(movies) | Container.Content(tvshows) | [Container.Content(episodes) + !substring(Container.FolderPath,plugin://,left)] | Container.Content(actors) | Container.Content(sets) | Container.Content(seasons)</visible>
                    <top>PosterPad</top>
                    <height>PosterH</height>
                    <right>731</right>
                    <width>654</width>
                    <onleft condition="!Skin.HasSetting(global.kioskmode)">9000</onleft>
                    <onright>60</onright>
                    <onup>56</onup>
                    <ondown>56</ondown>
                    <focusposition>3</focusposition>
                    <movement>3</movement>
                    <pagecontrol>60</pagecontrol>
                    <viewtype label="544">list</viewtype>
                    <scrolltime tween="quadratic">400</scrolltime>
                    <itemlayout width="654" height="64">
                        <include>56itemlayout</include>
                    </itemlayout>

                    <focusedlayout width="654" height="64">
                        <control type="group">
                            <visible>!Control.HasFocus(60)</visible>
                            <include>56focuslayout</include>
                        </control>
                        <control type="group">
                            <visible>Control.HasFocus(60)</visible>
                            <include>56itemlayout</include>
                        </control>
                    </focusedlayout>
                </control>
                <include>Furniture_Scrollbar</include>
                </control>
	      <include>View_50_SidePoster</include>            
	      <include name="Fanart_Info">
                <param name="posx" value="1205" />
               </include>
            
        </control>
    </include>
    <include name="View_56_MediaInfo3">
        <description>List View (id=56)</description>
        <control type="group">
            <include>Animation.Common</include>
            <visible>Control.IsVisible(56)</visible>
            <control type="group">
                <posy>320</posy>
                <control type="fixedlist" id="56">
                    <visible>substring(Container.FolderPath,plugin://plugin.program.advanced.launcher/,left) | Container.Content(musicvideos) | Container.Content(movies) | Container.Content(tvshows) | [Container.Content(episodes) + !substring(Container.FolderPath,plugin://,left)] | Container.Content(actors) | Container.Content(sets) | Container.Content(seasons)</visible>
                    <top>PosterPad</top>
                    <height>320</height>
                    <right>731</right>
                    <width>654</width>
                    <onleft condition="!Skin.HasSetting(global.kioskmode)">9000</onleft>
                    <onright>60</onright>
                    <onup>56</onup>
                    <ondown>56</ondown>
                    <focusposition>2</focusposition>
                    <movement>2</movement>
                    <pagecontrol>60</pagecontrol>
                    <viewtype label="544">list</viewtype>
                    <scrolltime tween="quadratic">400</scrolltime>
                    <itemlayout width="654" height="64">
                        <include>56itemlayout</include>
                    </itemlayout>

                    <focusedlayout width="654" height="64">
                        <control type="group">
                            <visible>!Control.HasFocus(60)</visible>
                            <include>56focuslayout</include>
                        </control>
                        <control type="group">
                            <visible>Control.HasFocus(60)</visible>
                            <include>56itemlayout</include>
                        </control>
                    </focusedlayout>
                </control>
                <control type="scrollbar" id="60">
                    <onback>50</onback>
                    <centerright>60</centerright>
                    <posy>PosterPad</posy>
                    <height>320</height>
                    <width>8</width>
                    <onleft>50</onleft>
                    <onright condition="!Skin.HasSetting(global.kioskmode)">9000</onright>
                    <texturesliderbackground border="4" colordiffuse="Dark4">scrollbar/scrollv.png</texturesliderbackground>
                    <texturesliderbar border="4" colordiffuse="Dark3">scrollbar/scrollv.png</texturesliderbar>
                    <texturesliderbarfocus border="4" colordiffuse="Dark2">scrollbar/scrollv.png</texturesliderbarfocus>
                    <animation effect="fade" start="100" end="33" time="400" condition="!Control.HasFocus(60) + !Container.Scrolling">Conditional</animation>
                </control>
            </control>

	    <include>View_50_SidePoster</include>
	    <include name="LowList_Info">
                <param name="left" value="1205" />
            </include>            
        </control>
    </include>
    
    <include name="56focuslayout">
        <control type="image">                                
            <width>100%</width>
            <height>100%</height>
            <texture border="8" colordiffuse="Dark1">common/box.png</texture>
        </control>
        <control type="label">
            <posx>30</posx>
            <width max="560">auto</width>
            <aligny>center</aligny>
            <height>64</height>
            <font>SmallBold</font>
            <textcolor>Light1</textcolor>
            <selectedcolor>Light1</selectedcolor>
            <label>$INFO[ListItem.Label]</label>
<!-- Ajout  ICI -->            
            <visible>!Container.Content(episodes)</visible>
        </control>

<!-- Ajout  ICI -->
        <control type="label">
            <posx>30</posx>
            <width max="560">auto</width>
            <aligny>center</aligny>
            <height>64</height>
            <font>SmallBold</font>
            <label>$VAR[LabelSeasonZero]$INFO[ListItem.Season,,E]$VAR[LabelEpisodeZero2]$INFO[ListItem.Episode,, : ]$INFO[ListItem.Title]</label>
            <textcolor>Light1</textcolor>
            <selectedcolor>Light1</selectedcolor>
            <visible>Container.Content(episodes)</visible>
        </control>        
        
<!-- Ajout ICI -->         
        <control type="image">       
            <centerright>32</centerright>>
            <centertop>32</centertop>
            <width>32</width>
            <height>32</height>
            <aspectratio aligny="top">keep</aspectratio>          
            <texture>$VAR[PercentWatchedBack]</texture>
            <visible>!stringcompare(ListItem.Label,..)  + !Container.Content(artists) + !Container.Content(albums) + !Container.Content(albums)</visible>
        </control>              
        <control type="image">
            <centerright>32</centerright>>
            <centertop>32</centertop>
            <width>32</width>
            <height>32</height>
            <aspectratio aligny="top">keep</aspectratio>
<!-- Modification Color ICI -->             
            <texture colordiffuse="$VAR[ColorHighlight]">$VAR[PercentWatched]</texture>
            <visible>!stringcompare(ListItem.Label,..)</visible>
        </control>
<!-- Suppression ICI -->
    </include>

    <include name="56itemlayout">
        <control type="label">
            <posx>30</posx>
            <width max="560">auto</width>
            <aligny>center</aligny>
            <height>64</height>
            <font>SmallBold</font>
            <label>$INFO[ListItem.Label]</label>
            <textcolor>Dark1</textcolor>
            <selectedcolor>Dark1</selectedcolor>
<!-- Ajout  ICI -->            
            <visible>!Container.Content(episodes)</visible>            
        </control>
        
<!-- Ajout  ICI -->
        <control type="label">
            <posx>30</posx>
            <width max="560">auto</width>
            <aligny>center</aligny>
            <height>64</height>
            <font>SmallBold</font>
            <label>$VAR[LabelSeasonZero]$INFO[ListItem.Season,,E]$VAR[LabelEpisodeZero2]$INFO[ListItem.Episode,, : ]$INFO[ListItem.Title]</label>
            <textcolor>Dark1</textcolor>
            <selectedcolor>Dark1</selectedcolor>
            <visible>Container.Content(episodes)</visible>
        </control>        
            
<!-- Ajout ICI -->         
        <control type="image">
            <centerright>32</centerright>
            <centertop>32</centertop>
            <width>32</width>
            <height>32</height>
            <aspectratio aligny="top">keep</aspectratio>             
            <texture>$VAR[PercentWatchedBack]</texture>
            <visible>!stringcompare(ListItem.Label,..)  + !Container.Content(artists) + !Container.Content(albums) + !Container.Content(albums)</visible>
        </control>            
        <control type="image">
            <centerright>32</centerright>
            <centertop>32</centertop>
            <width>32</width>
            <height>32</height>
            <aspectratio aligny="top">keep</aspectratio>
<!-- Modification Color ICI -->             
            <texture colordiffuse="$VAR[ColorHighlight]">$VAR[PercentWatched]</texture>
            <visible>!stringcompare(ListItem.Label,..)</visible>
        </control>
<!-- Suppression ICI -->
    </include>
    

</includes>
