<?xml version="1.0" encoding="utf-8"?>
<includes>
	<include name="View_520_Gallery">
		<control type="group">
			<visible>Control.IsVisible(520)</visible>
			<visible>!Window.IsVisible(DialogVideoInfo.xml) + !Window.IsVisible(DialogAlbumInfo.xml)</visible>
			<include>Animation.Common</include>
			<control type="image.">
				<left>-345</left>
				<top>-132</top>
				<width>2550</width>
				<height>1290</height>
				<aspectratio align="center" aligny="center">stretch</aspectratio>
				<texture background="true">skins/gallery/shine.png</texture>
			</control>
			<control type="image">
				<include>Dimensions_Fullscreen</include>
				<texture>skins/gallery/top_bottom_shadows.png</texture>
			</control>
			<control type="image">
				<left>-75</left>
				<top>174</top>
				<width>2070</width>
				<height>738</height>
				<aspectratio align="center" aligny="center">stretch</aspectratio>
				<texture border="50">skins/gallery/thumb_panel.png</texture>
				<bordersize>20</bordersize>
			</control>
			<control type="wraplist" id="520">
				<left>-51</left>
				<top>258</top>
				<width>2850</width>
				<height>1200</height>
				<ondown>60</ondown>
				<onup condition="!Skin.HasSetting(global.kioskmode)">9000</onup>
				<viewtype label="31742">List</viewtype>
				<scrolltime tween="Quadratic" easing="out">300</scrolltime>
				<orientation>horizontal</orientation>
				<preloaditems>2</preloaditems>
				<focusposition>5</focusposition>
				<pagecontrol>60</pagecontrol>
				<visible>[Container.Content(Movies) | Container.Content(TVShows) | Container.Content(Seasons) | Container.Content(Episodes) | Container.Content(Sets)]</visible>
				<!-- Movies & TV Shows -->
				<itemlayout width="87" height="570">
					<control type="image">
						<left>52</left>
						<top>0</top>
						<width>90</width>
						<height>570</height>
						<align>left</align>
						<aspectratio>stretch</aspectratio>
						<texture background="true" border="25">skins/gallery/iconborder_black.png</texture>
					</control>
					<control type="image">
						<left>81</left>
						<top>18</top>
						<width>32</width>
						<height>32</height>
						<aspectratio aligny="center" align="center">keep</aspectratio>
						<texture>$VAR[PercentWatchedBack]</texture>
						<visible>!stringcompare(ListItem.Label,..)</visible>
						<visible>[Container.Content(Movies) | Container.Content(Sets) | Container.Content(Episodes)]</visible>
					</control>
					<control type="image">
						<left>81</left>
						<top>18</top>
						<width>32</width>
						<height>32</height>
						<aspectratio aligny="center" align="center">keep</aspectratio>
						<texture colordiffuse="$VAR[ColorHighlight]">$VAR[PercentWatched]</texture>
						<visible>!stringcompare(ListItem.Label,..)</visible>
						<visible>[Container.Content(Movies) | Container.Content(Sets) | Container.Content(Episodes)]</visible>
					</control>
					<control type="label">
						<left>70</left>
						<top>548</top>
						<width>495</width>
						<height>90</height>
						<textcolor>77FFFFFF</textcolor>
						<font>MediumSmall</font>
						<scroll>false</scroll>
						<angle>90</angle>
						<align>left</align>
						<aligny>top</aligny>
						<label>$INFO[ListItem.label]</label>
<!-- Ajout ICI --> 
						<visible>!Container.Content(episodes)</visible>						
					</control>
<!-- Ajout ICI --> 					
					<control type="label">
						<left>70</left>
						<top>548</top>
						<width>495</width>
						<height>90</height>
						<textcolor>77FFFFFF</textcolor>
						<font>MediumSmall</font>
						<scroll>false</scroll>
						<angle>90</angle>
						<align>left</align>
						<aligny>top</aligny>
						<label>$VAR[LabelSeasonZero]$INFO[ListItem.Season,,E]$VAR[LabelEpisodeZero2]$INFO[ListItem.Episode,, : ]$INFO[ListItem.Title]</label>
           				         <visible>Container.Content(episodes)</visible>
					</control>
				</itemlayout>
				<focusedlayout width="1042" height="570">
					<control type="group">
						<left>69</left>
						<animation type="Focus" reversible="false" condition="Container(520).OnNext">
							<effect type="slide" start="39,0" end="0,0" time="150" tween="Cubic" easing="out" />
							<effect type="fade" start="20" end="100" time="750" delay="0" tween="sine" easing="out" />
						</animation>
						<animation type="Focus" reversible="false" condition="Container(520).OnPrevious">
							<effect type="slide" start="-39,0" end="0,0" time="150" tween="Cubic" easing="out" />
							<effect type="fade" start="20" end="100" time="750" delay="0" tween="sine" easing="out" />
						</animation>
						<control type="button">
							<texturefocus>-</texturefocus>
							<texturenofocus>-</texturenofocus>
							<onfocus condition="Container.Content(movies)">ClearProperty(TVShowID,home)</onfocus>
							<onfocus condition="Container.Content(tvshows)">SetProperty(TVShowID,$INFO[ListItem.DBID],home)</onfocus>
						</control>
						<control type="image">
							<description>Black Border</description>
							<width>1012</width>
							<height>570</height>
							<aspectratio aligny="center" align="center">stretch</aspectratio>
							<texture background="true" border="20">skins/gallery/iconborder_black.png</texture>
						</control>
						<control type="image">
							<width>1012</width>
							<height>570</height>
							<aspectratio aligny="center" align="center">stretch</aspectratio>
							<texture background="true" fallback="thumbs/fallback_fanart_big_tp.png">$VAR[LandscapeImage]</texture>
							<bordersize>6</bordersize>
						</control>
						<control type="image">
							<right>-20</right>
							<top>18</top>
							<width>32</width>
							<height>32</height>
							<aspectratio aligny="center">keep</aspectratio>
							<texture>$VAR[PercentWatchedBack]</texture>
							<visible>!stringcompare(ListItem.Label,..)</visible>
						</control>
						<control type="image">
							<right>-20</right>
							<top>18</top>
							<width>32</width>
							<height>32</height>
							<aspectratio aligny="center">keep</aspectratio>
							<texture colordiffuse="$VAR[ColorHighlight]">$VAR[PercentWatched]</texture>
							<visible>!stringcompare(ListItem.Label,..)</visible>
						</control>
						<control type="label">
						<top>536</top>
						<width>1012</width>
						<height>90</height>
						<textcolor>77FFFFFF</textcolor>
						<font>MediumVerySmall</font>
						<scroll>false</scroll>
						<align>center</align>
						<aligny>center</aligny>
						<label>$INFO[ListItem.label]</label>
<!-- Ajout ICI --> 
						<visible>!Container.Content(episodes)</visible>						
					</control>
<!-- Ajout ICI --> 					
					<control type="label">
						<top>536</top>
						<width>1012</width>
						<height>90</height>
						<textcolor>77FFFFFF</textcolor>
						<font>MediumVerySmall</font>
						<scroll>false</scroll>
						<align>center</align>
						<aligny>center</aligny>
						<label>$VAR[LabelSeasonZero]$INFO[ListItem.Season,,E]$VAR[LabelEpisodeZero2]$INFO[ListItem.Episode,, : ]$INFO[ListItem.Title]</label>
      					         <visible>Container.Content(episodes)</visible>
					</control>
						
					</control>
				</focusedlayout>
			</control>
			<control type="image">
				<left>0</left>
				<top>230</top>
				<width>1920</width>
				<height>627</height>
				<aspectratio>stretch</aspectratio>
				<texture background="true">skins/gallery/sides_fade.png</texture>
			</control>
			<include>Furniture_Scrollbar_Horizontal</include>
		</control>
	</include>
</includes>