<?xml version="1.0" encoding="UTF-8"?>
<!-- Foundation -->
<includes>
     <include name="View_157_Banner_Info">
        <control type="group">
            <include>Animation.Common</include>
            <visible>Control.IsVisible(157)</visible>
            <control type="panel" id="157">
                <visible>substring(Container.FolderPath,plugin://plugin.program.advanced.launcher/,left) | Container.Content(musicvideos) | Container.Content(movies) | Container.Content(tvshows) | Container.Content(seasons) | Container.Content(sets)</visible>
                <top>206</top>
                <right>60</right>
                <width>1125</width>
                <height>670</height>
                <onleft condition="!Skin.HasSetting(global.kioskmode)">9000</onleft>
                <onright>60</onright>
                <onup>157</onup>
                <ondown>157</ondown>
                <preloaditems>2</preloaditems>
                <pagecontrol>60</pagecontrol>
                <viewtype label="31750">list</viewtype>
                <scrolltime tween="quadratic">400</scrolltime>
                <itemlayout height="133" width="560">
                    <control type="image">
                        <left>0</left>
                        <top>6</top>
                        <height>118</height>
                        <width>550</width>
                        <texture border="10">common/nofocus-shadow10.png</texture>
                    </control>
                    <control type="image">
                        <left>10</left>
                        <top>16</top>
                        <height>98</height>
                        <width>530</width>
                        <aspectratio scalediffuse="false">scale</aspectratio>
                        <texture diffuse="diffuse/bannerwall.png" background="true">$VAR[BannerImage]</texture>
                    </control>
            
                    <control type="image">
                        <centerright>35</centerright>
                        <centertop>32</centertop>
                        <width>28</width>
                        <height>28</height>
                        <aspectratio aligny="top">keep</aspectratio>    
           	     <texture>$VAR[PosterPercentWatchedBack]</texture>
                        <visible>!stringcompare(ListItem.Label,..)</visible>
                    </control>                    
                    
                    <control type="image">
                        <centerright>35</centerright>
                        <centertop>32</centertop>
                        <width>26</width>
                        <height>26</height>
                        <aspectratio aligny="top">keep</aspectratio>          
                        <texture colordiffuse="$VAR[ColorHighlight]">$VAR[PosterPercentWatched]</texture>
                        <visible>!stringcompare(ListItem.Label,..)</visible>
                    </control>
                </itemlayout>
                 <focusedlayout height="133" width="560">
                    <control type="group">
                        <control type="image">
                        <left>0</left>
                        <top>6</top>
                        <height>118</height>
                        <width>550</width>
                        <texture border="10">common/nofocus-shadow10.png</texture>
                    </control>
                    <control type="image">
                        <left>10</left>
                        <top>16</top>
                        <height>98</height>
                        <width>530</width>
                        <aspectratio scalediffuse="false">scale</aspectratio>
                        <texture diffuse="diffuse/bannerwall.png" background="true">$VAR[BannerImage]</texture>
                    </control>
                  
                        <control type="image">
                            <centerright>35</centerright>
                            <centertop>32</centertop>
                            <width>28</width>
                            <height>28</height>
                            <aspectratio aligny="top">keep</aspectratio>     
           	         <texture>$VAR[PosterPercentWatchedBack]</texture>
                            <visible>!stringcompare(ListItem.Label,..)</visible>
                        </control>                        
                        
                        <control type="image">
                            <centerright>35</centerright>
                            <centertop>32</centertop>
                            <width>26</width>
                            <height>26</height>
                            <aspectratio aligny="top">keep</aspectratio>      
          	         <texture colordiffuse="$VAR[ColorHighlight]">$VAR[PosterPercentWatched]</texture>
                            <visible>!stringcompare(ListItem.Label,..)</visible>
                        </control>
                        <control type="image">
                            <left>2</left>
                            <top>8</top>
                            <right>12</right>
                            <bottom>11</bottom>
                            <texture colordiffuse="$VAR[ColorHighlight]" border="20">common/selectbox.png</texture>
                            <animation type="Focus">
                                <effect type="zoom" start="90" end="100" time="150" tween="sine" easing="inout" center="auto" />
                                <effect type="fade" start="0" end="100" time="150" tween="sine" easing="in" />
                            </animation>
                            <animation type="Unfocus">
                                <effect type="zoom" start="100" end="90" time="150" tween="sine" easing="inout" center="auto" />
                                <effect type="fade" start="100" end="0" time="150" tween="sine" easing="out" />
                            </animation>
                        </control>
                    </control>
                </focusedlayout>
            </control>
            
            <include>Furniture_Scrollbar</include>
  
	    <include name="Fanart_Info_Title">
                <param name="posx" value="70" />
             </include>          
          </control>
    </include>
  
    
    
</includes>
