<?xml version="1.0" encoding="UTF-8" standalone="yes"?>
<addon id="plugin.program.coolkodiWIZ.local" name="coolkodiWIZ" version="1.0.1" provider-name="ilancoll">
  <requires>
    <import addon="xbmc.python" version="2.1.0"/>
  </requires>
  <extension point="xbmc.python.pluginsource" library="default.py">
        <provides>executable</provides>
  </extension>
  <extension point="xbmc.addon.metadata">
    <summary lang="en">MyKodiBuild Wizard</summary>
    <description lang="en">Easy Install coolKODI for local media</description>
    <platform>all</platform>
  </extension>
</addon>
