﻿<?xml version="1.0" encoding="UTF-8" standalone="yes"?>
<addon id="plugin.video.internetvideo" name="Live Tv" version="1.0.0" provider-name="ilancoll">
    <requires>
      <import addon="xbmc.python" version="2.1.0"/>
    </requires>
    <extension point="xbmc.python.pluginsource" library="Default.py">
        <provides>video</provides>
    </extension>
    <extension point="xbmc.addon.metadata">
        <summary lang="en">Live Tv from  Internet</summary>
        <summary lang="he">טלוויזיה חיה</summary>
        <description lang="en">Live Tv FROM iSREAL</description>
        <description lang="he">תוסף ערוצי טלוויזה שמשודרים באינטרנט , ערוצים מישראל </description>
    </extension>
</addon>
