<?xml version="1.0" encoding="UTF-8"?>
<window type="dialog">
	<defaultcontrol always="true">150</defaultcontrol>
	<onload condition="System.HasAddon(script.featherence.service)">RunScript(script.featherence.service,,?mode=9)</onload>
    <controls>
	  <control type="group">
	    <animation condition="[System.IdleTime(5)] + !Player.Paused + [VideoPlayer.SubtitlesEnabled + VideoPlayer.HasSubtitles | String.IsEqual(Container(120).NumItems,0)]" effect="Fade" start="100" end="10" time="3000" reversible="false">Conditional</animation>
        <control type="group" id="250" description="ראשי">
          <posx>240</posx>
		  <posy>810</posy>
		  <include content="MenuBackground">
			<param name="border" value="40" />
			<param name="color" value="$VAR[MenuColor]" />
			<param name="height" value="570" />
			<param name="posx" value="0" />
			<param name="posy" value="-50" />
			<param name="width" value="1445" />
			<param name="condition" value="true"/>
			
			<param name="type0" value="false" description="MenuBackground"/>
			<param name="type1" value="true" description="DialogBackground"/>
		  </include>
          <control type="group" id="111" description="קו ראשון">
		    <posy>-40</posy>
 			<control type="label" id="107" description="כמות">
			  <align>left</align>
			  <font>size24</font>
			  <height>40</height>
			  <label>($INFO[Container(120).NumItems])</label>
			  <posx>20</posx>
			  <width>70</width>
			</control>
			<control type="label" description="שם הקובץ">
			  <align>left</align>
			  <font>size24</font>
			  <height>40</height>
			  <label>$INFO[Player.Filename]</label>
			  <posx>90</posx>
			  <include>ScrollLabel</include>
			  <width>500</width>
			</control>			
			<control type="image" id="110" description="תמונה שם האתר תרגומים">
              <aspectratio>keep</aspectratio>
			  <height>47</height>
			  <posx>540</posx>
			  <width>360</width>
			  <visible>true</visible>
            </control>
			<control type="label" id="100" description="שם האתר תרגומים">
			  <height>40</height>
			  <font>size24</font>
			  <posx>610</posx>
			  <textcolor>yellow</textcolor>
			  <visible>false</visible>
			  <width>360</width>
			</control>
			<control type="label" id="130" description="Local subtitle available">
			  <align>right</align>
			  <font>size24</font>
			  <height>40</height>
			  <posx>1418</posx>
			  <visible>Integer.IsGreater(Container(120).NumItems,0) + String.IsEmpty(Control.GetLabel(1300))</visible>
			  <width>500</width>
			</control>
			<control type="label" id="1300" description="תרגום נוכחי">
			  <align>right</align>
			  <font>size24</font>
			  <label>$INFO[Window(home).Property(DialogSubtitles2)]</label>
			  <height>40</height>
			  <posx>1418</posx>
			  <textcolor>yellow</textcolor>
			  <visible>String.IsEmpty(Window(home).Property(TEMP)) + Integer.IsGreater(Container(120).NumItems,0)</visible>
			  <width>500</width>
			</control>
			<control type="label" id="1301" description="הודעות">
			  <align>right</align>
			  <font>size24</font>
			  <label>$INFO[Window(home).Property(TEMP)]</label>
			  <height>40</height>
			  <posx>1418</posx>
			  <textcolor>yellow</textcolor>
			  <visible>!String.IsEmpty(Window(home).Property(TEMP))</visible>
			  <width>500</width>
			</control>
          </control>
            <control type="list" id="120" description="רשימה ראשית">
                <width>1440</width>
                <height>300</height>
                <onleft>150</onleft>
				<onright>70</onright>
                <onup>70</onup>
                <ondown>noop</ondown>
                <viewtype label="535">list</viewtype>
                <pagecontrol>60</pagecontrol>
                <itemlayout width="1360" height="54">
				    <include content="Buttons_Frame">
						<param name="id" value="" />
						<param name="border" value="30" />
						<param name="color" value="$VAR[ButtonUnFocusColor]" />
						<param name="condition" default="true"/>
						<param name="height" value="60" />
						<param name="posx" value="0" />
						<param name="posy" value="0" />
						<param name="width" value="1440" />
					</include>
                    <control type="image" description="מדינה">
                        <posx>20</posx>
						<width>33</width>
                        <height>54</height>
                        <aspectratio>keep</aspectratio>
                        <texture>$INFO[ListItem.Thumb,badges/countries/,.png]</texture>
                    </control>
                    <control type="label" description="שפה">
                        <posx>64</posx>
                        <width>135</width>
                        <height>54</height>
                        <font>size27</font>
                        <aligny>center</aligny>
                        <textcolor>white2</textcolor>
                        <scroll>false</scroll>
                        <align>left</align>
                        <info>ListItem.Label</info>
                    </control>
                    <control type="image" description="">
                        <posx>212</posx>
                        <width>24</width>
                        <height>54</height>
                        <aspectratio>keep</aspectratio>
                        <texture>badges/subtitles/icon_close_caption.png</texture>
                        <visible>ListItem.property(hearing_imp)</visible>
                    </control>
                    <control type="image" description="מסונכרן">
                        <posx>252</posx>
                        <width>60</width>
                        <height>54</height>
                        <aspectratio>keep</aspectratio>
                        <texture>badges/subtitles/icon_sync.png</texture>
                        <visible>ListItem.property(sync)</visible>
                    </control>
                    <control type="label" description="שם הקובץ">
                        <posx>320</posx>
                        <width>900</width>
                        <height>54</height>
                        <font>size27</font>
                        <aligny>center</aligny>
                        <textcolor>white2</textcolor>
                        <scroll>false</scroll>
                        <align>left</align>
                        <info>ListItem.Label2</info>
                    </control>
					<control type="label" description="שם הקובץ-היסטוריה">
                        <posx>320</posx>
                        <width>900</width>
                        <height>54</height>
                        <font>size27</font>
                        <aligny>center</aligny>
                        <textcolor>grey2</textcolor>
                        <scroll>false</scroll>
                        <align>left</align>
                        <info>ListItem.Label2</info>
						<visible>String.IsEqual(ListItem.Label2,Window(home).Property(DialogSubtitlesNA1)) | String.IsEqual(ListItem.Label2,Window(home).Property(DialogSubtitlesNA2)) | String.IsEqual(ListItem.Label2,Window(home).Property(DialogSubtitlesNA3)) | String.IsEqual(ListItem.Label2,Window(home).Property(DialogSubtitlesNA4)) | String.IsEqual(ListItem.Label2,Window(home).Property(DialogSubtitlesNA5)) | String.IsEqual(ListItem.Label2,Window(home).Property(DialogSubtitlesNA6)) | String.IsEqual(ListItem.Label2,Window(home).Property(DialogSubtitlesNA7)) | String.IsEqual(ListItem.Label2,Window(home).Property(DialogSubtitlesNA8)) | String.IsEqual(ListItem.Label2,Window(home).Property(DialogSubtitlesNA9)) | String.IsEqual(ListItem.Label2,Window(home).Property(DialogSubtitlesNA10))</visible>
                    </control>
					<control type="label" description="שם הקובץ2">
                        <posx>320</posx>
                        <width>900</width>
                        <height>54</height>
                        <font>size27</font>
                        <aligny>center</aligny>
                        <textcolor>yellow</textcolor>
                        <scroll>false</scroll>
                        <align>left</align>
                        <info>ListItem.Label2</info>
						<visible>String.IsEqual(ListItem.Label2,Window(home).Property(DialogSubtitles2))</visible>
                    </control>
                    <control type="image" description="דירוג">
                        <posx>1300</posx>
                        <width>100</width>
                        <height>54</height>
                        <colordiffuse>white2</colordiffuse>
                        <aspectratio>keep</aspectratio>
                        <texture>$INFO[ListItem.ActualIcon,badges/subtitles/rating,.png]</texture> <!--badges/$INFO[ListItem.ActualIcon].0.png-->
                    </control>
                </itemlayout>
                <focusedlayout width="1360" height="54">
                    <control type="button">
					  <onfocus>SetProperty(DialogSubtitles,$INFO[Container(120).ListItem.Label2],home)</onfocus>
					  <visible>false</visible>
					</control>
					<control type="group">
					  <visible>Control.HasFocus(120)</visible>
					  <include content="Buttons_Frame">
						<param name="id" value="" />
						<param name="border" value="30" />
						<param name="color" value="$VAR[ButtonFocusColor]" />
						<param name="condition" default=""/>
						<param name="height" value="60" />
						<param name="posx" value="0" />
						<param name="posy" value="0" />
						<param name="width" value="1440" />
					  </include>
					</control>
					<control type="group">
					  <visible>!Control.HasFocus(120)</visible>
					  <include content="Buttons_Frame">
						<param name="id" value="" />
						<param name="border" value="30" />
						<param name="color" value="$VAR[ButtonUnFocusColor]" />
						<param name="condition" default=""/>
						<param name="height" value="60" />
						<param name="posx" value="0" />
						<param name="posy" value="0" />
						<param name="width" value="1440" />
					  </include>
					</control>
                    <control type="image" description="מדינה">
					    <posx>20</posx>
                        <width>33</width>
                        <height>54</height>
                        <aspectratio>keep</aspectratio>
                        <texture>$INFO[ListItem.Thumb,badges/countries/,.png]</texture>
                    </control>
                    <control type="label" description="שפה">
                        <posx>64</posx>
                        <width>135</width>
                        <height>54</height>
                        <font>size27</font>
                        <aligny>center</aligny>
                        <textcolor>white2</textcolor>
                        <align>left</align>
                        <info>ListItem.Label</info>
                    </control>
                    <control type="image" description="">
                        <posx>212</posx>
                        <width>24</width>
                        <height>54</height>
                        <aspectratio>keep</aspectratio>
                        <texture>badges/subtitles/icon_close_caption.png</texture>
                        <visible>ListItem.property(hearing_imp)</visible>
                    </control>
                    <control type="image" description="מסונכרן">
                        <posx>252</posx>
                        <width>60</width>
                        <height>54</height>
                        <aspectratio>keep</aspectratio>
                        <texture>badges/subtitles/icon_sync.png</texture>
                        <visible>ListItem.property(sync)</visible>
                    </control>
                    <control type="label" description="שם הקובץ">
                        <posx>320</posx>
                        <width>900</width>
                        <height>54</height>
                        <font>size27</font>
                        <aligny>center</aligny>
                        <textcolor>white2</textcolor>
                        <align>left</align>
                        <info>ListItem.Label2</info>
                    </control>
					<control type="label" description="שם הקובץ-היסטוריה">
                        <posx>320</posx>
                        <width>900</width>
                        <height>54</height>
                        <font>size27</font>
                        <aligny>center</aligny>
                        <textcolor>grey2</textcolor>
                        <align>left</align>
                        <info>ListItem.Label2</info>
						<visible>String.IsEqual(ListItem.Label2,Window(home).Property(DialogSubtitlesNA1)) | String.IsEqual(ListItem.Label2,Window(home).Property(DialogSubtitlesNA2)) | String.IsEqual(ListItem.Label2,Window(home).Property(DialogSubtitlesNA3)) | String.IsEqual(ListItem.Label2,Window(home).Property(DialogSubtitlesNA4)) | String.IsEqual(ListItem.Label2,Window(home).Property(DialogSubtitlesNA5)) | String.IsEqual(ListItem.Label2,Window(home).Property(DialogSubtitlesNA6)) | String.IsEqual(ListItem.Label2,Window(home).Property(DialogSubtitlesNA7)) | String.IsEqual(ListItem.Label2,Window(home).Property(DialogSubtitlesNA8)) | String.IsEqual(ListItem.Label2,Window(home).Property(DialogSubtitlesNA9)) | String.IsEqual(ListItem.Label2,Window(home).Property(DialogSubtitlesNA10))</visible>
                    </control>
					<control type="label" description="שם הקובץ2">
                        <posx>320</posx>
                        <width>900</width>
                        <height>54</height>
                        <font>size27</font>
                        <aligny>center</aligny>
                        <textcolor>yellow</textcolor>
                        <align>left</align>
                        <info>ListItem.Label2</info>
						<visible>String.IsEqual(ListItem.Label2,Window(home).Property(DialogSubtitles2))</visible>
                    </control>
                    <control type="image" description="דירוג">
                        <posx>1300</posx>
                        <width>100</width>
                        <height>54</height>
                        <aspectratio>keep</aspectratio>
                        <texture>$INFO[ListItem.ActualIcon,badges/subtitles/rating,.png]</texture>
                    </control>
                    <control type="label" description="דירוג (admin)">
                        <posx>1200</posx>
                        <height>54</height>
                        <font>size27</font>
                        <aligny>center</aligny>
                        <textcolor>red</textcolor>
                        <align>left</align>
                        <label>$INFO[ListItem.ActualIcon]</label>
						<visible>Skin.HasSetting(Admin) + false</visible>
                        <width>70</width>
                    </control>
                </focusedlayout>
			</control>
        </control>
        <control type="group" id="251" description="כפתור צד">
		  <animation condition="ControlGroup(251).HasFocus" effect="slide" start="0,0" end="330,0" delay="0" time="700" reversible="true">Conditional</animation>
		  <height>500</height>	  
		  <posx>-360</posx>
		  <posy>385</posy>	  
		  <width>450</width>
			<control type="list" id="151">
			  <posy>-61</posy>
			  <width>450</width>
			  <height>150</height>
			  <onleft>120</onleft>
			  <onright>120</onright>
			  <onup>160</onup>
			  <ondown>150</ondown>
			  <viewtype label="535">list</viewtype>
			  <itemlayout width="450" height="65">
			    <include content="Buttons_Frame">
					<param name="id" value="" />
					<param name="border" value="30" />
					<param name="color" value="$VAR[ButtonUnFocusColor]" />
					<param name="condition" default="true"/>
					<param name="height" value="70" />
					<param name="posx" value="0" />
					<param name="posy" value="0" />
					<param name="width" value="450" />
				</include>
				<control type="image">
				  <aspectratio>scale</aspectratio>
				  <posx>40</posx>
				  <posy>5</posy>
				  <height>62</height>
				  <width>62</width>
				  <texture diffuse="buttons/types/bd.png" background="false">$INFO[ListItem.Property(Addon.Path)]/icon.png</texture>
				  <visible>!String.IsEmpty(ListItem.Property(Addon.Path))</visible>
				</control>
				<control type="label">
				  <include condition="true">LabelL1</include>
				  <height>70</height>
				  <info>ListItem.Label</info>
				  <posx>105</posx>
				  <textcolor>white2</textcolor>
				  <selectedcolor>yellow</selectedcolor>
				  <visible>!ListItem.property(man)</visible>
				</control>
				<control type="label">
				  <include condition="true">LabelL1</include>
				  <height>70</height>
				  <info>ListItem.Label</info>
				  <posx>105</posx>
				  <textcolor>white2</textcolor>
			      <visible>ListItem.property(man)</visible>
				</control>
              </itemlayout>
			  <focusedlayout width="450" height="65">
			    <control type="group">
				  <visible>Control.HasFocus(151) + !Control.HasFocus(160) + !Control.HasFocus(161) + !Control.HasFocus(120)</visible>
				  <include content="Buttons_Frame">
					<param name="id" value="" />
					<param name="border" value="30" />
					<param name="color" value="$VAR[ButtonFocusColor]" />
					<param name="condition" default="true"/>
					<param name="height" value="70" />
					<param name="posx" value="0" />
					<param name="posy" value="0" />
					<param name="width" value="450" />
				  </include>
				</control>
				<control type="group">
				  <visible>![Control.HasFocus(151) + !Control.HasFocus(160) + !Control.HasFocus(161) + !Control.HasFocus(120)]</visible>
				  <include content="Buttons_Frame">
					<param name="id" value="" />
					<param name="border" value="30" />
					<param name="color" value="$VAR[ButtonUnFocusColor]" />
					<param name="condition" default="true"/>
					<param name="height" value="70" />
					<param name="posx" value="0" />
					<param name="posy" value="0" />
					<param name="width" value="450" />
				  </include>
				</control>
				<control type="image">
				  <aspectratio>scale</aspectratio>
				  <posx>40</posx>
				  <posy>5</posy>
				  <height>62</height>
				  <width>62</width>
				  <texture diffuse="buttons/types/bd.png" background="false">$INFO[ListItem.Property(Addon.Path)]/icon.png</texture>
				  <visible>!String.IsEmpty(ListItem.Property(Addon.Path))</visible>
				</control>
				<control type="label">
				  <include condition="true">LabelL1</include>
				  <height>70</height>
				  <posx>105</posx>
				  <textcolor>white2</textcolor>
				  <selectedcolor>yellow</selectedcolor>
				  <info>ListItem.Label</info>
				  <visible>!ListItem.property(man)</visible>
				</control>
				<control type="label">
				  <include condition="true">LabelL1</include>
				  <height>70</height>
				  <posx>105</posx>
				  <textcolor>white2</textcolor>
				  <info>ListItem.Label</info>
				  <visible>ListItem.property(man)</visible>
				</control>
			  </focusedlayout>
			  <content>
			    <item id="1" description="חיפוש חכם">
					<visible>!String.IsEmpty(Window(home).Property(VideoPlayer.Title)) | !Skin.HasSetting(Admin)</visible>
					<label>$LOCALIZE[31808]</label>
					<thumb></thumb>
					<onclick>RunScript(script.featherence.service,,?mode=8)</onclick>
				</item>
				<item id="2" description="חיפוש ידני">
					<visible></visible>
					<label>$LOCALIZE[24120]</label>
					<thumb></thumb>
					<onclick>RunScript(script.featherence.service,,?mode=8)</onclick>
				</item>
			  </content>
			</control>
            <control type="image">
                <description>separator</description>
                <posy>140</posy>
                <height>1</height>
                <texture>images/Line.png</texture>
            </control>
            <control type="list" id="150">
			  <posy>75</posy>
			  <width>450</width>
			  <height>265</height>
			  <onleft>120</onleft>
			  <onright>120</onright>
			  <onup>151</onup>
			  <ondown>150</ondown>
			  <viewtype label="535">list</viewtype>
			  <itemlayout width="450" height="65">
			    <include content="Buttons_Frame">
					<param name="id" value="" />
					<param name="border" value="30" />
					<param name="color" value="$VAR[ButtonUnFocusColor]" />
					<param name="condition" default="true"/>
					<param name="height" value="70" />
					<param name="posx" value="0" />
					<param name="posy" value="0" />
					<param name="width" value="450" />
				</include>
				<control type="image">
				  <aspectratio>scale</aspectratio>
				  <posx>40</posx>
				  <posy>5</posy>
				  <height>62</height>
				  <width>62</width>
				  <texture diffuse="buttons/types/bd.png" background="false">$INFO[ListItem.Property(Addon.Path)]/icon.png</texture>
				  <visible>!String.IsEmpty(ListItem.Property(Addon.Path))</visible>
				</control>
				<control type="label">
				  <include condition="true">LabelL1</include>
				  <height>70</height>
				  <info>ListItem.Label</info>
				  <posx>105</posx>
				  <textcolor>white2</textcolor>
				  <selectedcolor>yellow</selectedcolor>
				  <visible>!ListItem.property(man)</visible>
				</control>
				<control type="label">
				  <include condition="true">LabelL1</include>
				  <height>70</height>
				  <info>ListItem.Label</info>
				  <posx>105</posx>
				  <textcolor>white2</textcolor>
			      <visible>ListItem.property(man)</visible>
				</control>
              </itemlayout>
			  <focusedlayout width="450" height="65">
			    <control type="group">
				  <visible>Control.HasFocus(150) + !Control.HasFocus(160) + !Control.HasFocus(161) + !Control.HasFocus(120)</visible>
				  <include content="Buttons_Frame">
					<param name="id" value="" />
					<param name="border" value="30" />
					<param name="color" value="$VAR[ButtonFocusColor]" />
					<param name="condition" default="true"/>
					<param name="height" value="70" />
					<param name="posx" value="0" />
					<param name="posy" value="0" />
					<param name="width" value="450" />
				  </include>
				</control>
				<control type="group">
				  <visible>![Control.HasFocus(150) + !Control.HasFocus(160) + !Control.HasFocus(161) + !Control.HasFocus(120)]</visible>
				  <include content="Buttons_Frame">
					<param name="id" value="" />
					<param name="border" value="30" />
					<param name="color" value="$VAR[ButtonUnFocusColor]" />
					<param name="condition" default="true"/>
					<param name="height" value="70" />
					<param name="posx" value="0" />
					<param name="posy" value="0" />
					<param name="width" value="450" />
				  </include>
				</control>
				<control type="image">
				  <aspectratio>scale</aspectratio>
				  <posx>40</posx>
				  <posy>5</posy>
				  <height>62</height>
				  <width>62</width>
				  <texture diffuse="buttons/types/bd.png" background="false">$INFO[ListItem.Property(Addon.Path)]/icon.png</texture>
				  <visible>!String.IsEmpty(ListItem.Property(Addon.Path))</visible>
				</control>
				<control type="label">
				  <include condition="true">LabelL1</include>
				  <height>70</height>
				  <posx>105</posx>
				  <textcolor>white2</textcolor>
				  <selectedcolor>yellow</selectedcolor>
				  <info>ListItem.Label</info>
				  <visible>!ListItem.property(man)</visible>
				</control>
				<control type="label">
				  <include condition="true">LabelL1</include>
				  <height>70</height>
				  <posx>105</posx>
				  <textcolor>white2</textcolor>
				  <info>ListItem.Label</info>
				  <visible>ListItem.property(man)</visible>
				</control>
			  </focusedlayout>
            </control>
			
			<include content="Arrows_UpDown">
				<param name="posx" value="400" />
				<param name="posy" value="93" />
				<param name="posx2" value="400" />
				<param name="posy2" value="290" />
				<param name="container" value="150" />
				<param name="position" value="3" />
				<param name="condition" value="true" />
			</include>
		</control>		
	    <control type="image">
		  <animation condition="!Control.IsVisible(703) | !Control.IsVisible(70)" effect="slide" start="0,0" end="30,300" time="0">Conditional</animation>
		  <aspectratio>keep</aspectratio>
		  <posx>1040</posx>
		  <posy>473</posy>
		  <height>40</height>
		  <width>40</width>
		  <texture>$INFO[VideoPlayer.SubtitlesLanguage,badges/countries/v2/,.png]</texture>
		  <visible>!String.IsEmpty(VideoPlayer.SubtitlesLanguage)</visible>
		  <visible>VideoPlayer.HasSubtitles</visible>
		</control>
	  </control>
	  
	  <control type="grouplist" id="70" description="כפתורים וידאו/אודיו">
		<!--<posx>910</posx>-->
		<posy>490</posy>
		<height>144</height>
		<width>1920</width>
		<align>center</align>
		<itemgap>0</itemgap>
		<scrolltime tween="sine">200</scrolltime>
		<orientation>horizontal</orientation>
		<onup>noop</onup>
		<ondown condition="Integer.IsGreater(Container(120).NumItems,0)">120</ondown>
		<!--<ondown condition="Integer.IsLess(Control.GetLabel(107),0)">250</ondown>-->
		<onleft>251</onleft>
		<onright>noop</onright>
		<visible allowhiddenfocus="true">!System.IdleTime(5) | ControlGroup(70).HasFocus</visible>
		<control type="togglebutton" id="71">
			<texturefocus>osd/buttons/OSDPauseFO.png</texturefocus>
			<texturenofocus>osd/buttons/OSDPauseNF.png</texturenofocus>
			<alttexturefocus>osd/buttons/OSDPlayFO.png</alttexturefocus>
			<alttexturenofocus>osd/buttons/OSDPlayNF.png</alttexturenofocus>
			<width>100</width>
			<height>100</height>
			<usealttexture>Player.Paused | Player.Forwarding | Player.Rewinding</usealttexture>
			<onclick>PlayerControl(Play)</onclick>
		</control>
		<control type="button" id="72">
			<texturefocus>osd/buttons/OSDBackFO.png</texturefocus>
			<texturenofocus>osd/buttons/OSDBackNF.png</texturenofocus>
			<width>100</width>
			<height>100</height>
			<onclick>Close</onclick>
		</control>
		<control type="togglebutton" id="703">
			<texturefocus>osd/buttons/OSDSubtitlesFO.png</texturefocus>
			<texturenofocus>osd/buttons/OSDSubtitlesNF.png</texturenofocus>
			<alttexturefocus>osd/buttons/OSDSubtitles2FO.png</alttexturefocus>
			<alttexturenofocus>osd/buttons/OSDSubtitles2NF.png</alttexturenofocus>
			<usealttexture>!VideoPlayer.SubtitlesEnabled | !VideoPlayer.HasSubtitles</usealttexture>
			<width>100</width>
			<height>100</height>
			<onup condition="VideoPlayer.HasSubtitles + VideoPlayer.SubtitlesEnabled">SubtitleDelayPlus</onup>
			<ondown condition="VideoPlayer.HasSubtitles + VideoPlayer.SubtitlesEnabled">SubtitleDelayMinus</ondown>
			<onclick>Action(ShowSubtitles)</onclick>
		</control>
	  </control>
	  
	  <include content="Arrows_UpDown">
		<param name="posx" value="1450" />
		<param name="posy" value="820" />
		<param name="posx2" value="1450" />
		<param name="posy2" value="1040" />
		<param name="container" value="120" />
		<param name="position" value="4" />
		<param name="condition" value="true" />
	  </include>
	  <include>TopInformation</include>
	  <include>TopVideoInformation</include>
	  <include>TouchSupport</include>
	</controls>
</window>
