<?xml version="1.0" encoding="UTF-8"?>
<window>
	<defaultcontrol always="true">21</defaultcontrol>
	<include>Fade_WindowsOpenClose</include>
	<coordinates>
		<system>2</system>
		<left>800</left>
		<top>590</top>
	</coordinates>
	<animation effect="zoom" end="120,120" delay="0" center="80,80" time="700" reversible="false">WindowOpen</animation>
	<controls>
		<control type="image" description="">
			<left>0</left>
			<top>0</top>
			<width>320</width>
			<height>430</height>
			<texture border="20" colordiffuse="$VAR[KeyboardBackgroundColor]">osd/keyboard/DialogBack.png</texture>
		</control>
		<control type="image" description="פס עליון שקוף">
			<description>Dialog Header image</description>
			<left>40</left>
			<top>16</top>
			<width>240</width>
			<height>40</height>
			<texture>osd/keyboard/dialogheader.png</texture>
		</control>
		<control type="image" description="תמונה מחרוזת חיפוש">
			<left>30</left>
			<top>70</top>
			<width>260</width>
			<height>50</height>
			<aspectratio>stretch</aspectratio>
			<!--<texture border="20">osd/keyboard/KeyboardEditArea.png</texture>-->
			<texture border="20" colordiffuse="$VAR[KeyboardEditColor]">Buttons/ButtonA0.png</texture>
		</control>
		<control type="label" id="4" description="שדה טקסט">
			<left>35</left>
			<top>70</top>
			<width>250</width>
			<height>50</height>
			<font>size28</font>
			<textcolor>$VAR[KeyboardEditFontColor]</textcolor>
			<disabledcolor>white2</disabledcolor>
			<align>center</align>
			<aligny>center</aligny>
		</control>
		<control type="image" description="פס עליון שקוף">
			<left>40</left>
			<top>120</top>
			<width>240</width>
			<height>30</height>
			<aspectratio>stretch</aspectratio>
			<texture>osd/keyboard/dialogheader.png</texture>
		</control>
		<control type="label" id="1" description="כותרת ראשי">
			<left>20</left>
			<top>20</top>
			<width>280</width>
			<height>35</height>
			<font>size28</font>
			<textcolor>$VAR[KeyboardFontTitleColor]</textcolor>
			<shadowcolor>black</shadowcolor>
			<align>center</align>
			<aligny>center</aligny>
			<wrapmultiline>true</wrapmultiline>
		</control>
		<control type="button" id="700" description="כפתור סגור חלון">
			<left>250</left>
			<top>15</top>
			<width>64</width>
			<height>32</height>
			<label>-</label>
			<font>-</font>
			<onclick>PreviousMenu</onclick>
			<texturefocus colordiffuse="$VAR[KeyboardFocusColor]">osd/keyboard/DialogCloseButton.png</texturefocus>
			<texturenofocus border="0" colordiffuse="$VAR[KeyboardUnFocusColor]">osd/keyboard/DialogCloseButton.png</texturenofocus>
			<onleft>701</onleft>
			<onright>701</onright>
			<onup>701</onup>
			<ondown>701</ondown>
			<!--<visible>system.getbool(input.enablemouse)</visible>-->
		</control>
		<control type="group" id="701">
			<left>40</left>
			<top>155</top>
			<control type="button" id="11">
				<description>1 button</description>
				<texturefocus border="25,25,5,5" colordiffuse="$VAR[KeyboardFocusColor]">osd/keyboard/KeyboardCornerTopNF.png</texturefocus>
				<texturenofocus border="25,25,5,5" colordiffuse="$VAR[KeyboardUnFocusColor]">osd/keyboard/KeyboardCornerTopNF.png</texturenofocus>
				<include>Keyboard</include>
				<left>0</left>
				<top>0</top>
				<label>12311</label>
				<onleft>23</onleft>
				<onright>12</onright>
				<onup>700</onup>
				<ondown>14</ondown>
			</control>
			<control type="button" id="12">
				<description>2 button</description>
				<include>Keyboard</include>
				<left>60</left>
				<top>0</top>
				<label>12312</label>
				<onleft>11</onleft>
				<onright>13</onright>
				<onup>700</onup>
				<ondown>15</ondown>
			</control>
			<control type="button" id="13">
				<description>3 button</description>
				<include>Keyboard</include>
				<left>120</left>
				<top>0</top>
				<label>12313</label>
				<onleft>12</onleft>
				<onright>23</onright>
				<onup>700</onup>
				<ondown>16</ondown>
			</control>
			<control type="button" id="23" description="מחק">
				<height>120</height>
				<include>Keyboard</include>
				<left>180</left>
				<top>0</top>
				<width>60</width>
				<textwidth>120</textwidth>
				<label>117</label>
				<angle>270</angle>
				<onleft>13</onleft>
				<onright>11</onright>
				<onup>700</onup>
				<ondown>21</ondown>
			</control>
			<control type="button" id="14">
				<description>4 button</description>
				<include>Keyboard</include>
				<left>0</left>
				<top>60</top>
				<label>12314</label>
				<onleft>23</onleft>
				<onright>15</onright>
				<onup>11</onup>
				<ondown>17</ondown>
			</control>
			<control type="button" id="15">
				<description>5 button</description>
				<include>Keyboard</include>
				<left>60</left>
				<top>60</top>
				<label>12315</label>
				<onleft>14</onleft>
				<onright>16</onright>
				<onup>12</onup>
				<ondown>18</ondown>
			</control>
			<control type="button" id="16">
				<description>6 button</description>
				<include>Keyboard</include>
				<left>120</left>
				<top>60</top>
				<label>12316</label>
				<onleft>15</onleft>
				<onright>23</onright>
				<onup>13</onup>
				<ondown>19</ondown>
			</control>
			<control type="button" id="17">
				<description>7 button</description>
				<include>Keyboard</include>
				<left>0</left>
				<top>120</top>
				<label>12317</label>
				<onleft>21</onleft>
				<onright>18</onright>
				<onup>14</onup>
				<ondown>20</ondown>
			</control>
			<control type="button" id="18">
				<description>8 button</description>
				<include>Keyboard</include>
				<left>60</left>
				<top>120</top>
				<label>12318</label>
				<onleft>17</onleft>
				<onright>19</onright>
				<onup>15</onup>
				<ondown>10</ondown>
			</control>
			<control type="button" id="19">
				<description>9 button</description>
				<include>Keyboard</include>
				<left>120</left>
				<top>120</top>
				<label>12319</label>
				<onleft>18</onleft>
				<onright>21</onright>
				<onup>16</onup>
				<ondown>22</ondown>
			</control>
			<control type="button" id="21" description="סיים">
				<height>120</height>
				<texturefocus flipx="true" border="5,30,25,25" colordiffuse="$VAR[KeyboardFocusColor]">osd/keyboard/KeyboardCornerBottomNF.png</texturefocus>
				<texturenofocus flipx="true" border="5,5,25,25" colordiffuse="$VAR[KeyboardUnFocusColor]">osd/keyboard/KeyboardCornerBottomNF.png</texturenofocus>
				<include>Keyboard</include>
				<left>180</left>
				<top>120</top>
				<textwidth>120</textwidth>
				<label>20177</label>
				<angle>270</angle>
				<onleft>19</onleft>
				<onright>17</onright>
				<onup>23</onup>
				<ondown>23</ondown>
			</control>
			<control type="button" id="20" description="חץ שמאלה">
				<font>size28</font>
				<texturefocus border="25,5,25,5" colordiffuse="$VAR[KeyboardFocusColor]">osd/keyboard/KeyboardCornerBottomNF.png</texturefocus>
				<texturenofocus border="25,5,25,5" colordiffuse="$VAR[KeyboardUnFocusColor]">osd/keyboard/KeyboardCornerBottomNF.png</texturenofocus>
				<include>Keyboard</include>
				<left>0</left>
				<top>180</top>
				<label>&lt;</label>
				<onleft>21</onleft>
				<onright>10</onright>
				<onup>17</onup>
				<ondown>11</ondown>
			</control>
			<control type="button" id="10">
				<description>0 button</description>
				<include>Keyboard</include>
				<left>60</left>
				<top>180</top>
				<label>12310</label>
				<onleft>20</onleft>
				<onright>22</onright>
				<onup>18</onup>
				<ondown>12</ondown>
			</control>
			<control type="button" id="22">
				<description>next button</description>
				<include>Keyboard</include>
				<left>120</left>
				<top>180</top>
				<label>&gt;</label>
				<onleft>10</onleft>
				<onright>21</onright>
				<onup>19</onup>
				<ondown>13</ondown>
			</control>
		</control>
		<include>WindowsBusy</include>
	</controls>
</window>
