<?xml version="1.0" encoding="UTF-8"?>
<fonts>
  <fontset id="Default" idloc="31026" unicode="true">
	<font>
      <name>font10</name>
      <filename>arial.ttf</filename>
      <size>21</size>
    </font>
	<font>
      <name>font12</name>
      <filename>arial.ttf</filename>
      <size>21</size>
    </font>
	<font>
      <name>font13</name>
      <filename>arial.ttf</filename>
      <size>21</size>
    </font>
	<font>
      <name>font13_title</name>
      <filename>arial.ttf</filename>
      <size>21</size>
	  <style>bold</style>
    </font>
    <font>
      <name>font14</name>
      <filename>arial.ttf</filename>
      <size>21</size>
    </font>
    <font>
      <name>font24_title</name>
      <filename>arial.ttf</filename>
      <size>24</size>
	  <style>bold</style>
    </font>
	<font>
      <name>size13</name>
      <filename>arial.ttf</filename>
      <size>13</size>
    </font>
    <font>
      <name>size13B</name>
      <filename>arial.ttf</filename>
      <size>13</size>
	  <style>bold</style>
    </font>
    <font>
      <name>size18</name>
      <filename>arial.ttf</filename>
      <size>18</size>
    </font>
    <font>
      <name>size18B</name>
      <filename>arial.ttf</filename>
      <size>18</size>
	  <style>bold</style>
    </font>
    <font>
      <name>size21</name>
      <filename>arial.ttf</filename>
      <size>21</size>
    </font>
    <font>
      <name>size24</name>
      <filename>arial.ttf</filename>
      <size>24</size>
    </font>
    <font>
      <name>size24B</name>
      <filename>arial.ttf</filename>
      <size>24</size>
	  <style>bold</style>
    </font>
    <font>
      <name>size26</name>
      <filename>arial.ttf</filename>
      <size>26</size>
    </font>
    <font>
      <name>size27</name>
      <filename>arial.ttf</filename>
      <size>27</size>
    </font>
    <font>
      <name>size28</name>
      <filename>arial.ttf</filename>
      <size>28</size>
    </font>
    <font>
      <name>size30</name>
      <filename>arial.ttf</filename>
      <size>30</size>
    </font>
    <font>
      <name>size33</name>
      <filename>arial.ttf</filename>
      <size>33</size>
    </font>
    <font>
      <name>size33B</name>
      <filename>arial.ttf</filename>
      <size>33</size>
      <style>bold</style>
    </font>
    <font>
      <name>size34</name>
      <filename>arial.ttf</filename>
      <size>34</size>
    </font>
    <font>
      <name>size36</name>
      <filename>arial.ttf</filename>
      <size>36</size>
    </font>
    <font>
      <name>size36B</name>
      <filename>arial.ttf</filename>
      <size>36</size>
      <style>bold</style>
    </font>
    <font>
      <name>size39</name>
      <filename>arial.ttf</filename>
      <size>39</size>
    </font>
    <font>
      <name>size39B</name>
      <filename>arial.ttf</filename>
      <size>39</size>
      <style>bold</style>
    </font>
    <font>
      <name>size42</name>
      <filename>arial.ttf</filename>
      <size>42</size>
    </font>
    <font>
      <name>size42B</name>
      <filename>arial.ttf</filename>
      <size>42</size>
      <style>bold</style>
    </font>
  </fontset>
</fonts>
