﻿<?xml version="1.0" encoding="UTF-8" standalone="yes"?>
<addon id="plugin.audio.worldwideradio" name="world wide radio" version="1.0.0" provider-name="ilancoll">
    <requires>
      <import addon="xbmc.python" version="2.1.0"/>
    </requires>
    <extension point="xbmc.python.pluginsource" library="Default.py">
        <provides>audio</provides>
    </extension>
    <extension point="xbmc.addon.metadata">
        <summary lang="en">world wide radio from  Internet</summary>
        <summary lang="he">רדיו באינטרנט מכול העולם</summary>
        <description lang="en">world wide radio from  Internet</description>
        <description lang="he">תחנות רדיו מכול העולם משודרות באינטרנט </description>
    </extension>
</addon>
