<?xml version="1.0" encoding="UTF-8"?>
<window>
    <!-- addonsettings -->
    <defaultcontrol always="true">9</defaultcontrol>
    <controls>
        <control type="group">
            <top>dialogtop</top>
            <bottom>sidepad</bottom>
            <left>sidepad</left>
            <right>sidepad</right>
            <include>Animation_SlideIn</include>
            <include>Animation_FadeOut</include>
            <animation effect="slide" tween="quadratic" easing="out" time="300" start="0,1920" end="0">WindowOpen</animation>
            <animation effect="slide" tween="quadratic" easing="in" time="300" end="0,1920" start="0">WindowClose</animation>
            <include>Dialog_Background</include>
            <control type="group">
                <top>70</top>
                <left>bigpad</left>
                <right>bigpad</right>
                <include content="Object_Line">
                    <param name="width" value="headlinew" />
                    <param name="label" value="$INFO[Control.GetLabel(20)]" />
                </include>
            </control>
            <control type="group">
                <top>70</top>
                <left>bigpad</left>
                <right>bigpad</right>
                <height>576</height>
                <control type="group">
                    <width>465</width>
                    <height>576</height>
                    <include>Object_Background</include>
                    <control type="grouplist" id="9">
                        <ondown>8000</ondown>
                        <onup>noop</onup>
                        <onleft>8000</onleft>
                        <onright>2</onright>
                        <width>100%</width>
                        <height>576</height>
                        <orientation>vertical</orientation>
                        <itemgap>0</itemgap>
                    </control>
                </control> 

                <control type="group">
                    <left>485</left>
                    <right>0</right>
                    <height>576</height>
                    <include>Object_Background</include>
                    <control type="grouplist" id="2">
                        <width>100%</width>
                        <height>576</height>
                        <ondown>8000</ondown>
                        <onup>noop</onup>
                        <onleft>9</onleft>
                        <onright>8000</onright>
                        <orientation>vertical</orientation>
                        <itemgap>0</itemgap>
                    </control>
                </control> 
                
            </control>

            <!-- Default Templates -->
            <control type="button" id="3">
                <width>100%</width>
                <include>Defs_OptionButton</include>
            </control>
            <control type="radiobutton" id="4">
                <width>100%</width>
                <radioposx>settingsradioposx</radioposx>
                <include>Defs_OptionButton</include>
            </control>
            <control type="spincontrolex" id="5">
                <width>100%</width>
                <include>Defs_OptionButton</include>
            </control>
            <control type="image" id="6">
                <width>100%</width>
                <height>72</height>
                <texture colordiffuse="PosterBorder">common/white.png</texture>
                <include>Defs_OptionButton</include>
                <visible>false</visible>
            </control>
            <control type="label" id="7">
                <width>100%</width>
                <height>72</height>
                <textoffsetx>bigpad</textoffsetx>
                <font>Font-ListInfo-Small-Bold</font>
                <textcolor>LineLabel</textcolor>
            </control>
            <control type="sliderex" id="8">
                <width>100%</width>
                <include>Defs_OptionButton</include>
            </control>

            <!-- Default Templates Category -->
            <control type="button" id="13">
                <width>100%</width>
                <include>Defs_OptionButton</include>
            </control>

            <!-- Ok Cancel Defaults -->
            <control type="grouplist" id="8000">
                <centerleft>50%</centerleft>
                <width>1240</width>
                <bottom>42</bottom>
                <height>72</height>
                <align>center</align>
                <itemgap>20</itemgap>
                <onleft>9</onleft>
                <onright>2</onright>
                <onup>9</onup>
                <ondown>noop</ondown>
                <orientation>horizontal</orientation>
                <control type="button" id="10">
                    <align>center</align>
                    <width>400</width>
                    <label>186</label>
                    <include>Defs_OptionButton2</include>
                    <visible>Control.IsEnabled(10)</visible>
                </control>
                <control type="button" id="11">
                    <align>center</align>
                    <width>400</width>
                    <label>222</label>
                    <include>Defs_OptionButton2</include>
                    <visible>Control.IsEnabled(11)</visible>
                </control>
                <control type="button" id="12">
                    <align>center</align>
                    <width>400</width>
                    <label>409</label>
                    <include>Defs_OptionButton2</include>
                    <visible>Control.IsEnabled(12)</visible>
                </control>
            </control>
        </control>
        <control type="label" id="20"><width>1</width><top>-2000</top><height>1</height><visible>false</visible></control>

    </controls>

</window>
