<?xml version="1.0" encoding="UTF-8"?>
<window>
    <controls>
        <include>GlobalOverlay</include>
        <control type="group">
            <top>dialogtop</top>
            <height>830</height>
            <left>320</left>
            <right>320</right>
            <include>Animation_SlideIn</include>
            <include>Animation_FadeOut</include>
            <include>Dialog_Background</include>
            <control type="group">
                <top>70</top>
                <left>bigpad</left>
                <right>bigpad</right>
                <bottom>112</bottom>
                <include>Object_Background</include>
                <include content="Object_Line">
                    <param name="width" value="1240" />
                    <param name="label" value="$INFO[Control.GetLabel(2)]" />
                </include>
                <control type="grouplist" id="5">
                    <width>100%</width>
                    <height>100%</height>
                    <itemgap>0</itemgap>
                    <ondown>9000</ondown>
                    <orientation>vertical</orientation>
                </control>
            </control>
            <control type="grouplist" id="9000">
                <centerleft>50%</centerleft>
                <width>1240</width>
                <bottom>bigpad</bottom>
                <height>72</height>
                <align>center</align>
                <itemgap>20</itemgap>
                <onup>5</onup>
                <ondown>5</ondown>
                <orientation>horizontal</orientation>
                <control type="button" id="28">
                    <align>center</align>
                    <width>400</width>
                    <include>Defs_OptionButton2</include>
                </control>
                <control type="button" id="29">
                    <align>center</align>
                    <width>400</width>
                    <include>Defs_OptionButton2</include>
                </control>
                <control type="button" id="30">
                    <align>center</align>
                    <width>400</width>
                    <include>Defs_OptionButton2</include>
                </control>
            </control>
        </control>


        <control type="label" id="2"><animation effect="fade" start="0" end="0" condition="true">Conditional</animation><visible>false</visible></control>
        <control type="button" id="7">
            <align>right</align>
            <textoffsetx>30</textoffsetx>
            <width>100%</width>
            <include>Defs_OptionButton</include>
        </control>
        <control type="radiobutton" id="8">
            <align>right</align>
            <radioposx>1185</radioposx>
            <textoffsetx>30</textoffsetx>
            <width>100%</width>
            <include>Defs_OptionButton</include>
        </control>
        <control type="spincontrolex" id="9">
            <align>right</align>
            <textoffsetx>30</textoffsetx>
            <width>100%</width>
            <include>Defs_OptionButton</include>
        </control>
        <control type="image" id="11">
            <visible>false</visible>
        </control>
        <control type="edit" id="12">
            <align>right</align>
            <textoffsetx>30</textoffsetx>
            <width>100%</width>
            <include>Defs_OptionButton</include>
        </control>
        <control type="sliderex" id="13">
            <align>right</align>
            <textoffsetx>30</textoffsetx>
            <width>100%</width>
            <include>Defs_OptionButton</include>
        </control>
        <control type="label" id="14">
            <align>right</align>
            <textoffsetx>10</textoffsetx>
            <width>100%</width>
            <include>Defs_OptionButton</include>
        </control>
    </controls>

</window>