<?xml version="1.0" encoding="UTF-8"?>
<window>
    <defaultcontrol always="true">7</defaultcontrol>
    <controls>
        <include>GlobalOverlay</include>
        <control type="group">
            <top>dialogtop</top>
            <bottom>133</bottom>
            <centerleft>50%</centerleft>
            <width>1190</width>
            <include>Animation_SlideIn</include>
            <include>Animation_FadeOut</include>
            <include>Dialog_Background</include>
            <control type="group">
                <top>70</top>
                <left>0</left>
                <right>0</right>
                <height>572</height>
                <control type="group">
                    <left>bigpad</left>
                    <right>bigpad</right>
                    <height>552</height>
                    <include content="Object_Line">
                        <param name="width" value="1150" />
                        <param name="label" value="19033" />
                    </include>
                </control>

                <control type="grouplist">
                    <usecontrolcoords>true</usecontrolcoords>
                    <itemgap>pad</itemgap>
                    <orientation>vertical</orientation>
                    <left>bigpad</left>
                    <right>bigpad</right>
                    <top>pad</top>
                    <bottom>pad</bottom>
                    <control type="label">
                        <top>pad</top>
                        <left>pad</left>
                        <right>pad</right>
                        <height>36</height>
                        <font>Font-InfoBox-Title</font>
                        <label>$INFO[ListItem.Title]</label>
                    </control>
                    <control type="label">
                        <left>pad</left>
                        <right>pad</right>
                        <height>32</height>
                        <font>Font-ListInfo-Small-Bold</font>
                        <label>[UPPERCASE][COLOR=$VAR[HighlightColor2]]$INFO[ListItem.Genre][/COLOR][/UPPERCASE]</label>
                    </control>
                    <control type="label">
                        <top>-42</top>
                        <left>pad</left>
                        <right>pad</right>
                        <height>28</height>
                        <align>right</align>
                        <font>Font-OSD</font>
                        <label>$INFO[ListItem.StartTime]$INFO[ListItem.EndTime,  -  ,]</label>
                    </control>
                    <control type="textbox">
                        <left>pad</left>
                        <right>pad</right>
                        <height>114</height>
                        <font>Font-ListInfo</font>
                        <align>left</align>
                        <label>$VAR[Label_Plot]</label>
                    </control>
                    <control type="image">
                        <top>32</top>
                        <height>270</height>
                        <width>50%</width>
                        <aspectratio>keep</aspectratio>
                        <fadetime>200</fadetime>
                        <texture background="true">$INFO[ListItem.Icon]</texture>
                    </control>
                    <control type="image">
                        <top>-280</top>
                        <right>0</right>
                        <height>270</height>
                        <width>50%</width>
                        <aspectratio>keep</aspectratio>
                        <fadetime>200</fadetime>
                        <texture background="true">$VAR[Image_PVRThumb]</texture>
                    </control>
                </control>
            </control>
            <!-- Ok Cancel Defaults -->
            <control type="grouplist" id="8000">
                <centerleft>50%</centerleft>
                <width>1150</width>
                <bottom>bigpad</bottom>
                <height>69</height>
                <align>center</align>
                <itemgap>20</itemgap>
                <onup>11</onup>
                <ondown>noop</ondown>
                <orientation>horizontal</orientation>
                <control type="button" id="4">
                    <align>center</align>
                    <width>272.5</width>
                    <label>19003</label>
                    <include>Defs_OptionButton2</include>
                    <visible>Window.IsActive(PVRGuideInfo)</visible>
                </control>
                <control type="button" id="5">
                    <align>center</align>
                    <width>272.5</width>
                    <label>19165</label>
                    <include>Defs_OptionButton2</include>
                    <visible>Window.IsActive(PVRGuideInfo)</visible>
                </control>
                <control type="button" id="8">
                    <align>center</align>
                    <width>272.5</width>
                    <label>19687</label>
                    <include>Defs_OptionButton2</include>
                    <visible>Window.IsActive(PVRGuideInfo)</visible>
                </control>
                <control type="button" id="6">
                    <align>center</align>
                    <width>272.5</width>
                    <include>Defs_OptionButton2</include>
                    <visible>Window.IsActive(PVRGuideInfo)</visible>
                </control>
                <control type="button" id="7">
                    <align>center</align>
                    <width>272.5</width>
                    <label>186</label>
                    <include>Defs_OptionButton2</include>
                </control>
            </control>
        </control>
        <control type="label" id="2"><visible>false</visible></control>
    </controls>

</window>