<?xml version="1.0" encoding="UTF-8"?>
<window>
    <backgroundcolor>Background</backgroundcolor>
    <menucontrol>9000</menucontrol>
    <defaultcontrol>50</defaultcontrol>

    <controls>
        <include>Furniture_Background</include>
        <include>Furniture_RSS</include>
        <include>Furniture_TopBar</include>
        
        <control type="group">
            <include>Defs_ViewBackground</include>
            <include content="Object_Headline">
                <param name="label" value="$INFO[Control.GetLabel(3),,  ]$INFO[Control.GetLabel(4),,  ]" />
            </include>
            <include>PVR_SimpleList</include>
        </control>

        <include>PVR_Menu</include>
    </controls>

</window>