<?xml version="1.0" encoding="UTF-8"?>
<window>
    <!-- videolibrary -->
    <backgroundcolor>Background</backgroundcolor>
    <menucontrol>9000</menucontrol>
    <defaultcontrol always="true">50</defaultcontrol>
    <views>50,51,57,53,54,58,52,535,500,59,55,56</views>
    <onload condition="System.HasAddon(script.tv.show.next.aired)">RunScript(script.tv.show.next.aired,backend=True)</onload>
    <onunload>SetProperty(NodeReturn,videos,home)</onunload>
    <onunload>SetProperty(HubReturn,$INFO[Container.FolderPath],home)</onunload>
    <controls>

        <!-- Background -->
        <include>Furniture_Background</include>
        <include>Furniture_RSS</include>
        <include>Furniture_TopBar</include>
        

        <!-- Main group -->
        <control type="group">
            <include>Defs_ViewBackground</include>
            <include content="Object_Headline">
                <param name="label" value="$INFO[Control.GetLabel(3),,  ]$INFO[Control.GetLabel(4),,  ]" />
            </include>
            <include>Viewtype_List</include>
            <include>Viewtype_MediaInfo</include>
            <include>Viewtype_MediaInfo2</include>
            <include>Viewtype_InfoList</include>
            <include>Viewtype_FanartList</include>
            <include>Viewtype_Icon</include>
            <include>Viewtype_IconExtra</include>
            <include>Viewtype_IconWide</include>
            <include>Viewtype_IconFanart</include>
            <include>Viewtype_BigIcon</include>
            <include>Viewtype_Lovefilm</include>
            <include>Viewtype_ShowCase</include>
        </control>


        <!-- Menu -->
        <control type="group">
            <visible allowhiddenfocus="true">ControlGroup(9000).HasFocus()</visible>
            <include>Dialog_Top</include>
            <include>Dialog_Background</include>
            <include content="Dialog_Top_IconHeader">
                <param name="label" value="$LOCALIZE[31068]" />
                <param name="icon" value="special://skin/extras/icons/settings.png" />
            </include>
            <include content="Dialog_Top_Arrows">
                <param name="id" value="9000" />
            </include>

            <control type="grouplist" id="9000">
                <include>Dialog_Top_GroupList</include>
                <defaultcontrol always="true">3</defaultcontrol>
                <include>Object_BasicViewList</include>
                <!-- Watched toggle -->
                <control type="radiobutton" id="14">
                    <include>Defs_OptionButton2</include>
                    <label>20367</label>
                    <visible>Control.IsEnabled(14)</visible>
                </control>
                <!-- Filter -->
                <control type="edit" id="19">
                    <include>Defs_OptionButton2</include>
                    <label>587</label>
                    <visible>Container.CanFilter + !Container.CanFilterAdvanced</visible>
                </control>
                <!-- Filter -->
                <control type="radiobutton" id="93">
                    <include>Defs_OptionButton2</include>
                    <label>587</label>
                    <onclick>Filter</onclick>
                    <selected>Container.Filtered</selected>
                    <visible>Container.CanFilterAdvanced</visible>
                </control>
                <!-- Update -->
                <control type="button" id="20">
                    <label>653</label>
                    <include>Defs_OptionButton2</include>
                    <onclick>SetFocus(50)</onclick>
                </control>
            </control>

        </control>

        <include>Furniture_OverlayInfo</include>
    </controls>

</window>