<?xml version="1.0" encoding="utf-8"?>
<window>
    <defaultcontrol always="true">500</defaultcontrol>
    <views>500</views>
    <controls>

        <!-- Background -->
        <include>Furniture_Background</include>
        <include>Furniture_RSS</include>

        <control type="group">
            <visible>Control.IsVisible(500)</visible>
            <include>Defs_InfoBackground</include>
            <include content="Object_Headline">
                <param name="label" value="$INFO[Window.Property(Sort_Label),$ADDON[script.extendedinfo 32104]: , ]$INFO[Window.Property(Order_Label),[COLOR=PosterBorder]-[/COLOR] , ]" />
            </include>
            <control type="group">
                <left>bigpad</left>
                <right>bigpad</right>
                <top>bigpad</top>
                <bottom>bigpad</bottom>
                <control type="group">
                    <width>listinfow</width>
                    <include>Object_Background</include>
                </control>
                <include content="View_Icon">
                    <param name="id" value="500" />
                    <param name="name" value="31141" />
                    <param name="width" value="listinfow" />
                    <param name="iconitemw" value="iconextraitemw" />
                    <param name="iconpadw" value="iconextrapadw" />
                    <param name="iconpanelpadw" value="iconextrapanelpadw" />
                    <param name="condition" value="true" />
                    <param name="updownid" value="false" />
                    <param name="onup" value="700" />
                    <param name="ondown" value="600" />
                </include>
                <include>Object_ExtraInfo</include>
            </control>
        </control>

        <include>Furniture_TopBar</include>

        <!-- Menu -->
        <control type="group">
            <visible allowhiddenfocus="true">ControlGroup(9000).HasFocus()</visible>
            <include>Dialog_Top</include>
            <include>Dialog_Background</include>
            <include content="Dialog_Top_IconHeader">
                <param name="label" value="$LOCALIZE[31068]" />
                <param name="icon" value="special://skin/extras/icons/settings.png" />
            </include>
            <include content="Dialog_Top_Arrows">
                <param name="id" value="9000" />
            </include>

            <control type="grouplist" id="9000">
                <ondown>500</ondown>
                <include>Dialog_Top_GroupList</include>
                <defaultcontrol always="true">3</defaultcontrol>
                <control type="button" id="6000">
                    <include>Defs_OptionButton2</include>
                    <label>19140</label>
                </control>
                <control type="button" id="7000">
                    <include>Defs_OptionButton2</include>
                    <label>$ADDON[script.extendedinfo 32024]</label>
                </control>
                <control type="button" id="5007">
                    <include>Defs_OptionButton2</include>
                    <label>$LOCALIZE[467]:</label>
                    <label2>$INFO[Window.Property(Type)]</label2>
                </control>
                <control type="button" id="5001">
                    <include>Defs_OptionButton2</include>
                    <label>$ADDON[script.extendedinfo 32104]</label>
                    <label2>$INFO[Window.Property(Sort_Label)]</label2>
                </control>
                <control type="button" id="5004">
                    <include>Defs_OptionButton2</include>
                    <label>$ADDON[script.extendedinfo 32128]</label>
                    <label2>$INFO[Window.Property(Order_Label)]</label2>
                </control>
                <control type="label" id="5333">
                    <textoffsetx>30</textoffsetx>
                    <font>Font-ListInfo-Small-Bold</font>
                    <include>Defs_OptionButton2</include>
                    <label>$ADDON[script.extendedinfo 32023]</label>
                    <visible>false</visible>
                </control>
                <control type="button" id="5002">
                    <include>Defs_OptionButton2</include>
                    <label>$LOCALIZE[515]</label>
                </control>
                <control type="button" id="5003">
                    <label>$LOCALIZE[172]</label>
                    <include>Defs_OptionButton2</include>
                </control>
                <control type="button" id="5006">
                    <label>$ADDON[script.extendedinfo 32127]</label>
                    <include>Defs_OptionButton2</include>
                </control>
                <control type="button" id="5008">
                    <label>$ADDON[script.extendedinfo 32126]</label>
                    <include>Defs_OptionButton2</include>
                </control>
                <control type="button" id="5009">
                    <label>$ADDON[script.extendedinfo 32114]</label>
                    <include>Defs_OptionButton2</include>
                </control>
                <control type="button" id="5010">
                    <label>$LOCALIZE[572]</label>
                    <include>Defs_OptionButton2</include>
                </control>
                <control type="button" id="5012">
                    <label>$ADDON[script.extendedinfo 32111]</label>
                    <include>Defs_OptionButton2</include>
                </control>
                <control type="button" id="5005">
                    <label>$ADDON[script.extendedinfo 32022]</label>
                    <include>Defs_OptionButton2</include>
                </control>
            </control>

        </control>

        <!-- NEXT PREVIOUS PAGE CONTROLS -->
        <control type="button" id="600">
            <onfocus>SetFocus(500)</onfocus>
            <width>1</width>
            <height>1</height>
            <posx>-1000</posx>
        </control>
        <control type="button" id="700">
            <onfocus>SetFocus(500)</onfocus>
            <width>1</width>
            <height>1</height>
            <posx>-1000</posx>
        </control>
       
    </controls>
</window>
