<?xml version="1.0" encoding="UTF-8"?>
<includes>

    <!-- ICON -->
    <include name="Viewtype_Icon">
        <control type="group">
            <visible>Control.IsVisible(500)</visible>
            <include>Animation_FadeIn</include>
            <include>Animation_FadeOut</include>

            <control type="group">
                <left>bigpad</left>
                <right>bigpad</right>
                <top>bigpad</top>
                <height>posterh</height>
                <include>Object_Background</include>
                <include>Object_Scrollbar</include>
                <include content="View_Icon">
                    <param name="id" value="500" />
                    <param name="name" value="536" />
                    <param name="condition" value="Container.Content(genres) | Container.Content(years) | Container.Content(tags) | Container.Content(studios) | Container.Content(countries) | Container.Content(directors) | Container.Content(actors) | Container.Content(files) | Container.Content(addons) | Container.Content(pictures) | Container.Content(artists) | Container.Content(albums) | Container.Content(sets) | Container.Content(movies) | Container.Content(tvshows) | Container.Content(seasons)" />
                </include>
                <include>Object_Arrows_Vertical</include>
            </control>
        </control>
    </include>

    <include name="Viewtype_IconExtra">
        <control type="group">
            <visible>Control.IsVisible(59)</visible>
            <include>Animation_FadeIn</include>
            <include>Animation_FadeOut</include>

            <control type="group">
                <left>bigpad</left>
                <right>bigpad</right>
                <top>bigpad</top>
                <height>posterh</height>
                <control type="group">
                    <include>Object_Background</include>
                    <include>Object_Scrollbar</include>
                    <width>listinfow</width>
                    <include content="View_Icon">
                        <param name="id" value="59" />
                        <param name="name" value="31141" />
                        <param name="width" value="listinfow" />
                        <param name="iconitemw" value="iconextraitemw" />
                        <param name="iconpadw" value="iconextrapadw" />
                        <param name="iconpanelpadw" value="iconextrapanelpadw" />
                        <param name="condition" value="Container.Content(seasons) | Container.Content(sets) | Container.Content(tvshows) | Container.Content(movies)" />
                    </include>
                </control>
                <include>Object_ExtraInfo</include>
                <include>Object_Arrows_Vertical</include>
            </control>
        </control>
    </include>

    <!-- BANNER -->
    <include name="Viewtype_IconWide">
        <control type="group">
            <visible>Control.IsVisible(55)</visible>
            <include>Animation_FadeIn</include>
            <include>Animation_FadeOut</include>

            <control type="group">
                <left>bigpad</left>
                <right>bigpad</right>
                <top>bigpad</top>
                <height>posterh</height>
                <include>Object_Background</include>
                <include>Object_Scrollbar</include>
                <include content="View_IconWide">
                    <param name="id" value="55" />
                    <param name="name" value="539" />
                    <param name="condition" value="Container.Content(seasons) | Container.Content(sets) | Container.Content(tvshows) | Container.Content(movies)" />
                </include>
                <include>Object_Arrows_Vertical</include>
            </control>
        </control>
    </include>

    <!-- FANART THUMBS -->
    <include name="Viewtype_IconFanart">
        <control type="group">
            <visible>Control.IsVisible(56)</visible>
            <include>Animation_FadeIn</include>
            <include>Animation_FadeOut</include>

            <control type="group">
                <left>bigpad</left>
                <right>bigpad</right>
                <top>bigpad</top>
                <height>posterh</height>
                <include>Object_Background</include>
                <include>Object_Scrollbar</include>
                <include content="View_IconFanart">
                    <param name="id" value="56" />
                    <param name="name" value="20445" />
                    <param name="condition" value="Container.Content(sets) | Container.Content(tvshows) | Container.Content(movies) | Container.Content(episodes) | Container.Content(artists)" />
                </include>
                <include>Object_Arrows_Vertical</include>
            </control>
        </control>
    </include>

    <!-- BIG WIDE FANART -->
    <include name="Viewtype_Lovefilm">
        <control type="group">
            <visible>Control.IsVisible(58)</visible>
            <include>Animation_FadeIn</include>
            <include>Animation_FadeOut</include>

            <control type="group">
                <left>bigpad</left>
                <right>bigpad</right>
                <top>bigpad</top>
                <height>posterh</height>
                <include>Object_Background</include>
                <include>Object_Scrollbar_Horizontal</include>
                <control type="group">
                    <right>0</right>
                    <width>1280</width>
                    <height>100%</height>
                    
                    <control type="wraplist" id="58">
                        <width>100%</width>
                        <height>100%</height>
                        <pagecontrol>61</pagecontrol>
                        <preloaditems>2</preloaditems>
                        <onleft>58</onleft>
                        <onright>58</onright>
                        <viewtype label="31163">bigwide</viewtype>
                        <orientation>horizontal</orientation>
                        <onup condition="!Skin.HasSetting(KioskMode)">9000</onup>
                        <scrolltime tween="quadratic">400</scrolltime>
                        <visible>Container.Content(movies) | Container.Content(episodes) | Container.Content(tvshows) | Container.Content(seasons) | Container.Content(sets) | Container.Content(artists)</visible>
                        <itemlayout width="1280" height="720">
                            <control type="image">
                                <width>100%</width>
                                <height>100%</height>
                                <aspectratio>scale</aspectratio>
                                <texture background="true" fallback="special://skin/extras/backgrounds/home.jpg">$VAR[Image_Thumb]</texture>
                            </control>
                        </itemlayout>
                        <focusedlayout width="1280" height="720">
                            <control type="image">
                                <width>100%</width>
                                <height>100%</height>
                                <aspectratio>scale</aspectratio>
                                <texture background="true" fallback="special://skin/extras/backgrounds/home.jpg">$VAR[Image_Thumb]</texture>
                            </control>
                        </focusedlayout>
                    </control>
                </control>
                <control type="group">
                    <right>1280</right>
                    <left>0</left>
                    <height>100%</height>
                    <control type="grouplist">
                        <usecontrolcoords>true</usecontrolcoords>
                        <itemgap>pad</itemgap>
                        <orientation>vertical</orientation>
                        <left>pad</left>
                        <right>pad</right>
                        <top>pad</top>
                        <bottom>60</bottom>
                        <control type="textbox">
                            <top>pad</top>
                            <left>pad</left>
                            <right>pad</right>
                            <height>auto</height>
                            <align>right</align>
                            <font>Font-InfoBox-Title</font>
                            <label>$INFO[ListItem.Label]</label>
                        </control>
                        
                        <control type="textbox">
                            <left>pad</left>
                            <right>pad</right>
                            <height>auto</height>
                            <align>right</align>
                            <textcolor>$VAR[HighlightColor2]</textcolor>
                            <font>Font-ListInfo-Small-Bold</font>
                            <label>$INFO[ListItem.Genre,[UPPERCASE],[/UPPERCASE]]</label>
                            <visible>!IsEmpty(ListItem.Genre)</visible>
                        </control>
                        <control type="textbox">
                            <left>pad</left>
                            <right>pad</right>
                            <height max="450">auto</height>
                            <font>Font-ListInfo</font>
                            <align>right</align>
                            <label>$VAR[Label_Plot]</label>
                        </control>
                        
                        
                    </control>
                    <control type="label">
                        <bottom>bigpad</bottom>
                        <left>bigpad</left>
                        <right>bigpad</right>
                        <height>20</height>
                        <align>right</align>
                        <font>Font-ListInfo-Small-Bold</font>
                        <label>$VAR[Label_Label3]$INFO[ListItem.Rating,  •  ,]</label>
                    </control>
                </control>
            </control>
        </control>
    </include>

    <include name="View_Icon">
        <param name="updownid" default="true" />
        <param name="width" default="headlinew" />
        <param name="iconitemw" default="iconitemw" />
        <param name="icongenreitemw" default="icongenreitemw" />
        <param name="iconpadw" default="iconpadw" />
        <param name="iconpanelpadw" default="iconpanelpadw" />
        <definition>
            <control type="panel" id="$PARAM[id]">
                <top>15</top>
                <left>$PARAM[iconpanelpadw]</left>
                <width>$PARAM[width]</width>
                <height>690</height>
                <onup condition="$PARAM[updownid]">$PARAM[id]</onup>
                <ondown condition="$PARAM[updownid]">$PARAM[id]</ondown>
                <onup condition="!$PARAM[updownid]">$PARAM[onup]</onup>
                <ondown condition="!$PARAM[updownid]">$PARAM[ondown]</ondown>
                <onright condition="!Skin.HasSetting(KioskMode)">9000</onright>
                <onleft>60</onleft>
                <pagecontrol>60</pagecontrol>
                <preloaditems>2</preloaditems>
                <orientation>vertical</orientation>
                <viewtype label="$PARAM[name]">icons</viewtype>
                <scrolltime tween="quadratic">400</scrolltime>
                <visible>$PARAM[condition]</visible>
                <itemlayout height="345" width="$PARAM[iconitemw]" condition="![Container.Content(genres) | Container.Content(years) | Container.Content(tags) | Container.Content(studios) | Container.Content(countries) | Container.Content(directors)]">
                    <control type="group">
                        <left>$PARAM[iconpadw]</left>
                        <right>$PARAM[iconpadw]</right>
                        <bottom>5</bottom>
                        <top>5</top>
                        <control type="group">
                            <left>pad</left>
                            <right>pad</right>
                            <top>pad</top>
                            <bottom>100</bottom>
                            <control type="textbox">
                                <label>$INFO[ListItem.Label]</label>
                                <font>Font-OSD</font>
                                <align>center</align>
                                <height>64</height>
                                <bottom>-80</bottom>
                                <visible>IsEmpty(ListItem.Art(tvshow.poster)) + IsEmpty(ListItem.Art(poster))</visible>
                            </control>
                            <control type="image">
                                <include condition="!Skin.HasSetting(global.hideobjectshadows) + !stringcompare(Skin.CurrentColourTheme,Light)">Object_Background_Shadows</include>
                                <aspectratio aligny="center">keep</aspectratio>
                                <texture background="true" fallback="DefaultFile.png">$VAR[Image_Poster]</texture>
                                <visible>IsEmpty(ListItem.Art(tvshow.poster)) + IsEmpty(ListItem.Art(poster))</visible>
                            </control>
                        </control>
                        <control type="group">
                            <left>pad</left>
                            <right>pad</right>
                            <top>pad</top>
                            <bottom>pad</bottom>
                            <control type="image">
                                
                                <include condition="!Skin.HasSetting(global.hideobjectshadows) + !stringcompare(Skin.CurrentColourTheme,Light)">Object_Background_Shadows</include>
                                <aspectratio>scale</aspectratio>
                                <texture background="true">$VAR[Image_Poster]</texture>
                                <visible>![IsEmpty(ListItem.Art(tvshow.poster)) + IsEmpty(ListItem.Art(poster))]</visible>
                            </control>
                        </control>
                        <control type="image">
                            <right>15</right>
                            <top>15</top>
                            <height>32</height>
                            <width>32</width>
                            <texture>$VAR[Image_Indicator]</texture>
                            <visible>!IsEmpty(ListItem.Overlay)</visible>
                        </control>
                    </control>
                </itemlayout>
                <itemlayout height="115" width="$PARAM[icongenreitemw]" condition="[Container.Content(genres) | Container.Content(years) | Container.Content(tags) | Container.Content(studios) | Container.Content(countries) | Container.Content(directors)]">
                    <control type="group">
                        <left>$PARAM[iconpadw]</left>
                        <right>$PARAM[iconpadw]</right>
                        <bottom>5</bottom>
                        <top>5</top>
                        <control type="group">
                            <left>pad</left>
                            <right>pad</right>
                            <top>pad</top>
                            <bottom>pad</bottom>
                            <control type="image">
                                <!-- <include condition="!Skin.HasSetting(global.hideobjectshadows) + !stringcompare(Skin.CurrentColourTheme,Light)">Object_Background_Shadows</include> -->
                                <aspectratio aligny="center">scale</aspectratio>
                                <texture background="true" colordiffuse="PosterBorder">common/white.png</texture>
                            </control>
                            <control type="label">
                                <label>$INFO[ListItem.Label]</label>
                                <align>center</align>
                                <left>pad</left>
                                <right>pad</right>
                            </control>
                        </control>
                    </control>
                </itemlayout>
                <focusedlayout height="345" width="$PARAM[iconitemw]" condition="![Container.Content(genres) | Container.Content(years) | Container.Content(tags) | Container.Content(studios) | Container.Content(countries) | Container.Content(directors)]">
                    <control type="group">
                        <left>$PARAM[iconpadw]</left>
                        <right>$PARAM[iconpadw]</right>
                        <bottom>5</bottom>
                        <top>5</top>
                        <control type="group">
                            <left>pad</left>
                            <right>pad</right>
                            <top>pad</top>
                            <bottom>100</bottom>
                            <control type="textbox">
                                <label>$INFO[ListItem.Label]</label>
                                <font>Font-OSD</font>
                                <align>center</align>
                                <height>64</height>
                                <bottom>-80</bottom>
                                <visible>IsEmpty(ListItem.Art(tvshow.poster)) + IsEmpty(ListItem.Art(poster))</visible>
                            </control>
                            <control type="image">
                                <left>-10</left>
                                <right>-10</right>
                                <top>-10</top>
                                <bottom>-10</bottom>
                                <bordersize>10</bordersize>
                                <bordertexture colordiffuse="$VAR[HighlightColor]">common/white.png</bordertexture>
                                <aspectratio aligny="center">keep</aspectratio>
                                <texture background="true" fallback="DefaultFile.png">$VAR[Image_Poster]</texture>
                                <visible>IsEmpty(ListItem.Art(tvshow.poster)) + IsEmpty(ListItem.Art(poster))</visible>
                            </control>
                            
                        </control>
                        <control type="image">
                            <bordersize>10</bordersize>
                            <bordertexture colordiffuse="$VAR[HighlightColor]">common/white.png</bordertexture>
                            <aspectratio>scale</aspectratio>
                            <texture background="true">$VAR[Image_Poster]</texture>
                            <visible>![IsEmpty(ListItem.Art(tvshow.poster)) + IsEmpty(ListItem.Art(poster))]</visible>
                        </control>
                        <control type="image">
                            <right>15</right>
                            <top>15</top>
                            <height>32</height>
                            <width>32</width>
                            <texture>$VAR[Image_Indicator]</texture>
                            <visible>!IsEmpty(ListItem.Overlay)</visible>
                        </control>
                    </control>
                </focusedlayout>
                <focusedlayout height="115" width="$PARAM[icongenreitemw]" condition="[Container.Content(genres) | Container.Content(years) | Container.Content(tags) | Container.Content(studios) | Container.Content(countries) | Container.Content(directors)]">
                    <control type="group">
                        <left>$PARAM[iconpadw]</left>
                        <right>$PARAM[iconpadw]</right>
                        <bottom>5</bottom>
                        <top>5</top>
                        <control type="group">
                            <left>pad</left>
                            <right>pad</right>
                            <top>pad</top>
                            <bottom>pad</bottom>
                            <control type="image">
                                <left>-10</left>
                                <right>-10</right>
                                <top>-10</top>
                                <bottom>-10</bottom>
                                <bordersize>10</bordersize>
                                <bordertexture colordiffuse="$VAR[HighlightColor]">common/white.png</bordertexture>
                                <aspectratio aligny="center">scale</aspectratio>
                                <texture background="true" colordiffuse="ListBG">common/white.png</texture>
                            </control>
                            <control type="label">
                                <label>$INFO[ListItem.Label]</label>
                                <align>center</align>
                                <left>pad</left>
                                <right>pad</right>
                                <textcolor>Selected</textcolor>
                            </control>
                        </control>
                    </control>
                </focusedlayout>
            </control>
        </definition>
    </include>

    <include name="View_IconWide">
        <param name="updownid" default="true" />
        <param name="width" default="headlinew" />
        <definition>
            <control type="group">
                <width>$PARAM[width]</width>
                <control type="panel" id="$PARAM[id]">
                    <top>15</top>
                    <left>iconwidepanelpadw</left>
                    <width>$PARAM[width]</width>
                    <height>690</height>
                    <onup condition="$PARAM[updownid]">$PARAM[id]</onup>
                    <ondown condition="$PARAM[updownid]">$PARAM[id]</ondown>
                    <onup condition="!$PARAM[updownid]">$PARAM[onup]</onup>
                    <ondown condition="!$PARAM[updownid]">$PARAM[ondown]</ondown>
                    <onright condition="!Skin.HasSetting(KioskMode)">9000</onright>
                    <onleft>60</onleft>
                    <pagecontrol>60</pagecontrol>
                    <preloaditems>2</preloaditems>
                    <orientation>vertical</orientation>
                    <viewtype label="$PARAM[name]">wide</viewtype>
                    <scrolltime tween="quadratic">400</scrolltime>
                    <visible>$PARAM[condition]</visible>
                    <itemlayout height="138" width="iconwideitemw">
                        <control type="group">
                            <left>iconwidepadw</left>
                            <right>iconwidepadw</right>
                            <bottom>9</bottom>
                            <top>9</top>
                            <control type="group">
                                <left>pad</left>
                                <right>pad</right>
                                <top>pad</top>
                                <bottom>pad</bottom>
                                <include>Object_Background</include>
                                <control type="image">
                                    <aspectratio>scale</aspectratio>
                                    <texture background="true">$VAR[Image_Banner]</texture>
                                </control>
                            </control>
                            <control type="image">
                                <right>15</right>
                                <top>15</top>
                                <height>32</height>
                                <width>32</width>
                                <texture>$VAR[Image_Indicator]</texture>
                                <visible>!IsEmpty(ListItem.Overlay)</visible>
                            </control>
                        </control>
                    </itemlayout>
                    <focusedlayout height="138" width="iconwideitemw">
                        <control type="group">
                            <left>iconwidepadw</left>
                            <right>iconwidepadw</right>
                            <bottom>9</bottom>
                            <top>9</top>
                            <control type="image">
                                <texture colordiffuse="$VAR[HighlightColor]">common/white.png</texture>
                            </control>
                            <control type="image">
                                <left>pad</left>
                                <right>pad</right>
                                <top>pad</top>
                                <bottom>pad</bottom>
                                <aspectratio>scale</aspectratio>
                                <texture background="true">$VAR[Image_Banner]</texture>
                            </control>
                            <control type="image">
                                <right>15</right>
                                <top>15</top>
                                <height>32</height>
                                <width>32</width>
                                <texture>$VAR[Image_Indicator]</texture>
                                <visible>!IsEmpty(ListItem.Overlay)</visible>
                            </control>
                        </control>
                    </focusedlayout>
                </control>
            </control>
        </definition>
    </include>

    <include name="View_IconFanart">
        <param name="updownid" default="true" />
        <param name="width" default="headlinew" />
        <definition>
            <control type="group">
                <width>$PARAM[width]</width>
                <control type="panel" id="$PARAM[id]">
                    <top>15</top>
                    <left>iconwidepanelpadw</left>
                    <width>$PARAM[width]</width>
                    <height>690</height>
                    <onup condition="$PARAM[updownid]">$PARAM[id]</onup>
                    <ondown condition="$PARAM[updownid]">$PARAM[id]</ondown>
                    <onup condition="!$PARAM[updownid]">$PARAM[onup]</onup>
                    <ondown condition="!$PARAM[updownid]">$PARAM[ondown]</ondown>
                    <onright condition="!Skin.HasSetting(KioskMode)">9000</onright>
                    <onleft>60</onleft>
                    <pagecontrol>60</pagecontrol>
                    <preloaditems>2</preloaditems>
                    <orientation>vertical</orientation>
                    <viewtype label="$PARAM[name]">wide</viewtype>
                    <scrolltime tween="quadratic">400</scrolltime>
                    <visible>$PARAM[condition]</visible>
                    <itemlayout height="345" width="iconwideitemw">
                        <control type="group">
                            <left>iconwidepadw</left>
                            <right>iconwidepadw</right>
                            <bottom>5</bottom>
                            <top>5</top>
                            <control type="group">
                                <left>pad</left>
                                <right>pad</right>
                                <top>pad</top>
                                <bottom>pad</bottom>
                                <include>Object_Background</include>
                                <control type="image">
                                    <aspectratio>scale</aspectratio>
                                    <texture background="true">$VAR[Image_Thumb]</texture>
                                </control>
                            </control>
                            <control type="image">
                                <right>15</right>
                                <top>15</top>
                                <height>32</height>
                                <width>32</width>
                                <texture>$VAR[Image_Indicator]</texture>
                                <visible>!IsEmpty(ListItem.Overlay)</visible>
                            </control>
                            <control type="image">
                                <left>pad</left>
                                <right>pad</right>
                                <bottom>pad</bottom>
                                <height>48</height>
                                <texture flipy="true" colordiffuse="ListBG">common/white.png</texture>
                            </control>
                            <control type="label">
                                <left>25</left>
                                <right>25</right>
                                <bottom>pad</bottom>
                                <height>48</height>
                                <font>Font-ListInfo-Small-Bold</font>
                                <label>$INFO[ListItem.Label]</label>
                            </control>
                            <control type="label">
                                <left>25</left>
                                <right>25</right>
                                <bottom>pad</bottom>
                                <height>48</height>
                                <align>right</align>
                                <font>Font-ListInfo-Small</font>
                                <label>$INFO[ListItem.Label2]</label>
                            </control>
                        </control>
                    </itemlayout>
                    <focusedlayout height="345" width="iconwideitemw">
                        <control type="group">
                            <left>iconwidepadw</left>
                            <right>iconwidepadw</right>
                            <bottom>5</bottom>
                            <top>5</top>
                            <control type="image">
                                <texture colordiffuse="$VAR[HighlightColor]">common/white.png</texture>
                            </control>
                            <control type="image">
                                <left>pad</left>
                                <right>pad</right>
                                <top>pad</top>
                                <bottom>pad</bottom>
                                <aspectratio>scale</aspectratio>
                                <texture background="true">$VAR[Image_Thumb]</texture>
                            </control>
                            <control type="image">
                                <right>15</right>
                                <top>15</top>
                                <height>32</height>
                                <width>32</width>
                                <texture>$VAR[Image_Indicator]</texture>
                                <visible>!IsEmpty(ListItem.Overlay)</visible>
                            </control>
                            <control type="image">
                                <left>pad</left>
                                <right>pad</right>
                                <bottom>pad</bottom>
                                <height>48</height>
                                <texture flipy="true" colordiffuse="ListBG">common/white.png</texture>
                            </control>
                            <control type="label">
                                <left>25</left>
                                <right>25</right>
                                <bottom>pad</bottom>
                                <height>48</height>
                                <textcolor>Selected</textcolor>
                                <font>Font-ListInfo-Small-Bold</font>
                                <label>$INFO[ListItem.Label]</label>
                            </control>
                            <control type="label">
                                <left>25</left>
                                <right>25</right>
                                <bottom>pad</bottom>
                                <height>48</height>
                                <align>right</align>
                                <textcolor>Selected</textcolor>
                                <font>Font-ListInfo-Small</font>
                                <label>$INFO[ListItem.Label2]</label>
                            </control>
                        </control>
                    </focusedlayout>
                </control>
            </control>
        </definition>
    </include>

</includes>
