<?xml version="1.0" encoding="UTF-8"?>
<includes>
    <include name="Viewtype_ShowCase">
        <control type="group">
            <visible>Control.IsVisible(535)</visible>
            <include>Animation_FadeIn</include>
            <include>Animation_FadeOut</include>
            <left>bigpad</left>
            <right>bigpad</right>
            <top>bigpad</top>
            <height>posterh</height>
            <include>Object_Background</include>
            <include>Object_Scrollbar_Horizontal</include>
            <control type="group">
                <centerleft>50%</centerleft>
                <width>1752</width>
                <control type="group">
                    <visible>Control.IsVisible(535) + IntegerGreaterThan(Container.NumItems,1)</visible>
                    <top>-545</top>
                    <left>-92.5</left>
                    <control type="group">
                        <camera x="960" y="810" />
                        <control type="group" id="6001">
                            <left>55</left>
                            <top>570</top>
                            <visible>Container.OnNext</visible>
                            <animation effect="slide" end="-135,0" time="200" reversible="false">Hidden</animation>
                            <control type="group">
                                <left>15</left>
                                <visible>!IsEmpty(Container(535).ListItemNoWrap(-7).FolderPath) | !Skin.HasSetting(HorizontalListNav)</visible>
                                <visible>Container.OnNext</visible>
                                <scale>true</scale>
                                <animation effect="fade" start="100" end="0" time="70" reversible="false">Hidden</animation>
                                <animation effect="rotatey" center="-135" start="-55" end="-55" time="0" condition="true">Conditional</animation>
                                <include>MovieShowCaseItem-7</include>
                            </control>
                            <control type="group">
                                <left>150</left>
                                <visible>!IsEmpty(Container(535).ListItemNoWrap(-6).FolderPath) | !Skin.HasSetting(HorizontalListNav)</visible>
                                <animation effect="rotatey" center="0" start="-55" end="-55" time="0" condition="true">Conditional</animation>
                                <include>MovieShowCaseItem-6</include>
                            </control>
                            <control type="group">
                                <left>285</left>
                                <visible>!IsEmpty(Container(535).ListItemNoWrap(-5).FolderPath) | !Skin.HasSetting(HorizontalListNav)</visible>
                                <animation effect="rotatey" center="135" start="-55" end="-55" time="0" condition="true">Conditional</animation>
                                <include>MovieShowCaseItem-5</include>
                            </control>
                            <control type="group">
                                <left>420</left>
                                <visible>!IsEmpty(Container(53).ListItemNoWrap(-4).FolderPath) | !Skin.HasSetting(HorizontalListNav)</visible>
                                <animation effect="rotatey" center="270" start="-55" end="-55" time="0" condition="true">Conditional</animation>
                                <include>MovieShowCaseItem-4</include>
                            </control>
                            <control type="group">
                                <left>555</left>
                                <visible>!IsEmpty(Container(535).ListItemNoWrap(-3).FolderPath) | !Skin.HasSetting(HorizontalListNav)</visible>
                                <animation effect="rotatey" center="405" start="-55" end="-55" time="0" condition="true">Conditional</animation>
                                <include>MovieShowCaseItem-3</include>
                            </control>
                            <control type="group">
                                <left>690</left>
                                <visible>!IsEmpty(Container(535).ListItemNoWrap(-2).FolderPath) | !Skin.HasSetting(HorizontalListNav)</visible>
                                <animation effect="rotatey" center="540" start="-55" end="-55" time="0" condition="true">Conditional</animation>
                                <include>MovieShowCaseItem-2</include>
                            </control>
                            <control type="group">
                                <left>1635</left>
                                <visible>!IsEmpty(Container(535).ListItemNoWrap(6).FolderPath) | !Skin.HasSetting(HorizontalListNav)</visible>
                                <visible>!Container.OnNext</visible>
                                <animation effect="fade" end="100" delay="100" time="200" reversible="false">Visible</animation>
                                <animation effect="rotatey" center="2100" start="55" end="55" time="0" condition="true">Conditional</animation>
                                <include>MovieShowCaseItem6</include>
                            </control>
                            <control type="group">
                                <left>1500</left>
                                <visible>!IsEmpty(Container(535).ListItemNoWrap(5).FolderPath) | !Skin.HasSetting(HorizontalListNav)</visible>
                                <animation effect="rotatey" center="1965" start="55" end="55" time="0" condition="true">Conditional</animation>
                                <include>MovieShowCaseItem5</include>
                            </control>
                            <control type="group">
                                <left>1365</left>
                                <visible>!IsEmpty(Container(535).ListItemNoWrap(4).FolderPath) | !Skin.HasSetting(HorizontalListNav)</visible>
                                <animation effect="rotatey" center="1830" start="55" end="55" time="0" condition="true">Conditional</animation>
                                <include>MovieShowCaseItem4</include>
                            </control>
                            <control type="group">
                                <left>1230</left>
                                <visible>!IsEmpty(Container(535).ListItemNoWrap(3).FolderPath) | !Skin.HasSetting(HorizontalListNav)</visible>
                                <animation effect="rotatey" center="1695" start="55" end="55" time="0" condition="true">Conditional</animation>
                                <include>MovieShowCaseItem3</include>
                            </control>
                            <control type="group">
                                <left>1095</left>
                                <visible>!IsEmpty(Container(535).ListItemNoWrap(2).FolderPath) | !Skin.HasSetting(HorizontalListNav)</visible>
                                <animation effect="rotatey" center="1560" start="55" end="55" time="0" condition="true">Conditional</animation>
                                <include>MovieShowCaseItem2</include>
                            </control>
                            <control type="group">
                                <left>960</left>
                                <visible>!IsEmpty(Container(535).ListItemNoWrap(1).FolderPath) | !Skin.HasSetting(HorizontalListNav)</visible>
                                <animation effect="rotatey" center="1425" start="55" end="55" time="0" condition="true">Conditional</animation>
                                <include>MovieShowCaseItem1</include>
                            </control>
                            <control type="group">
                                <visible>Container.OnNext</visible>
                                <animation effect="slide" end="75,0" time="200" reversible="false">Hidden</animation>
                                <control type="group">
                                    <left>825</left>
                                    <visible>Container.OnNext</visible>
                                    <visible>!IsEmpty(Container(535).ListItemNoWrap(0).FolderPath) | !Skin.HasSetting(HorizontalListNav)</visible>
                                    <animation effect="rotatey" center="1290" end="-55" time="200" reversible="false" tween="quadratic" easing="in">Hidden</animation>
                                    <animation effect="rotatey" center="1290" start="55" end="55" time="0" condition="true">Conditional</animation>
                                    <include>MovieShowCaseItem0</include>
                                </control>
                                <control type="group">
                                    <left>758</left>
                                    <visible>!IsEmpty(Container(535).ListItemNoWrap(-1).FolderPath) | !Skin.HasSetting(HorizontalListNav)</visible>
                                    <visible>Container.OnNext</visible>
                                    <animation effect="rotatey" center="608" end="-55" time="200" reversible="false" tween="quadratic">Hidden</animation>
                                    <control type="image">
                                        <texture background="true" diffuse="thumbs/thumb_mask.png" fallback="DefaultVideo.png">$VAR[ShowcaseItem-1Var]</texture>
                                        <include>MovieShowcaseThumb</include>
                                    </control>
                                    <control type="image">
                                        <include>WatchedOverlayShowCase</include>
                                        <texture>$VAR[IconOverlay-1Var]</texture>
                                    </control>
                                </control>
                            </control>
                        </control>
                        <control type="group" id="6002">
                            <left>55</left>
                            <top>570</top>
                            <visible>Control.IsVisible(535) + IntegerGreaterThan(Container.NumItems,0)</visible>

                            <visible>Container.OnPrevious</visible>
                            <animation effect="slide" end="135,0" time="200" reversible="false">Hidden</animation>
                            <control type="group">
                                <left>1500</left>
                                <visible>!IsEmpty(Container(535).ListItemNoWrap(7).FolderPath) | !Skin.HasSetting(HorizontalListNav)</visible>
                                <visible>Container.OnPrevious</visible>
                                <animation effect="fade" start="100" end="0" time="70" reversible="false">Hidden</animation>
                                <animation effect="rotatey" center="1965" start="55" end="55" time="0" condition="true">Conditional</animation>
                                <include>MovieShowCaseItem7</include>
                            </control>
                            <control type="group">
                                <left>1365</left>
                                <visible>!IsEmpty(Container(535).ListItemNoWrap(6).FolderPath) | !Skin.HasSetting(HorizontalListNav)</visible>
                                <animation effect="rotatey" center="1830" start="55" end="55" time="0" condition="true">Conditional</animation>
                                <include>MovieShowCaseItem6</include>
                            </control>
                            <control type="group">
                                <left>1230</left>
                                <visible>!IsEmpty(Container(535).ListItemNoWrap(5).FolderPath) | !Skin.HasSetting(HorizontalListNav)</visible>
                                <animation effect="rotatey" center="1695" start="55" end="55" time="0" condition="true">Conditional</animation>
                                <include>MovieShowCaseItem5</include>
                            </control>
                            <control type="group">
                                <left>1095</left>
                                <visible>!IsEmpty(Container(535).ListItemNoWrap(4).FolderPath) | !Skin.HasSetting(HorizontalListNav)</visible>
                                <animation effect="rotatey" center="1560" start="55" end="55" time="0" condition="true">Conditional</animation>
                                <include>MovieShowCaseItem4</include>
                            </control>
                            <control type="group">
                                <left>960</left>
                                <visible>!IsEmpty(Container(535).ListItemNoWrap(3).FolderPath) | !Skin.HasSetting(HorizontalListNav)</visible>
                                <animation effect="rotatey" center="1425" start="55" end="55" time="0" condition="true">Conditional</animation>
                                <include>MovieShowCaseItem3</include>
                            </control>
                            <control type="group">
                                <left>825</left>
                                <visible>!IsEmpty(Container(535).ListItemNoWrap(2).FolderPath) | !Skin.HasSetting(HorizontalListNav)</visible>
                                <animation effect="rotatey" center="1290" start="55" end="55" time="0" condition="true">Conditional</animation>
                                <include>MovieShowCaseItem2</include>
                            </control>
                            <control type="group">
                                <left>-120</left>
                                <visible>!IsEmpty(Container(535).ListItemNoWrap(-6).FolderPath) | !Skin.HasSetting(HorizontalListNav)</visible>
                                <visible>!Container.OnPrevious</visible>
                                <animation effect="fade" end="100" delay="100" time="200" reversible="false">Visible</animation>
                                <animation effect="rotatey" center="-270" start="-55" end="-55" time="0" condition="true">Conditional</animation>
                                <include>MovieShowCaseItem-6</include>
                            </control>
                            <control type="group">
                                <left>15</left>
                                <visible>!IsEmpty(Container(535).ListItemNoWrap(-5).FolderPath) | !Skin.HasSetting(HorizontalListNav)</visible>
                                <animation effect="rotatey" center="-135" start="-55" end="-55" time="0" condition="true">Conditional</animation>
                                <include>MovieShowCaseItem-5</include>
                            </control>
                            <control type="group">
                                <left>150</left>
                                <visible>!IsEmpty(Container(535).ListItemNoWrap(-4).FolderPath) | !Skin.HasSetting(HorizontalListNav)</visible>
                                <animation effect="rotatey" center="0" start="-55" end="-55" time="0" condition="true">Conditional</animation>
                                <include>MovieShowCaseItem-4</include>
                            </control>
                            <control type="group">
                                <left>285</left>
                                <visible>!IsEmpty(Container(535).ListItemNoWrap(-3).FolderPath) | !Skin.HasSetting(HorizontalListNav)</visible>
                                <animation effect="rotatey" center="135" start="-55" end="-55" time="0" condition="true">Conditional</animation>
                                <include>MovieShowCaseItem-3</include>
                            </control>
                            <control type="group">
                                <left>420</left>
                                <visible>!IsEmpty(Container(535).ListItemNoWrap(-2).FolderPath) | !Skin.HasSetting(HorizontalListNav)</visible>
                                <animation effect="rotatey" center="270" start="-55" end="-55" time="0" condition="true">Conditional</animation>
                                <include>MovieShowCaseItem-2</include>
                            </control>
                            <control type="group">
                                <left>555</left>
                                <visible>!IsEmpty(Container(535).ListItemNoWrap(-1).FolderPath) | !Skin.HasSetting(HorizontalListNav)</visible>
                                <animation effect="rotatey" center="405" start="-55" end="-55" time="0" condition="true">Conditional</animation>
                                <include>MovieShowCaseItem-1</include>
                            </control>
                            <control type="group">
                                <visible>Container.OnPrevious</visible>
                                <animation effect="slide" end="-75,0" time="200" reversible="false">Hidden</animation>
                                <control type="group">
                                    <left>690</left>
                                    <visible>Container.OnPrevious</visible>
                                    <visible>!IsEmpty(Container(535).ListItemNoWrap(0).FolderPath) | !Skin.HasSetting(HorizontalListNav)</visible>
                                    <animation effect="rotatey" center="540" end="55" time="200" reversible="false" tween="quadratic" easing="in">Hidden</animation>
                                    <animation effect="rotatey" center="540" start="-55" end="-55" time="0" condition="true">Conditional</animation>
                                    <include>MovieShowCaseItem0</include>
                                </control>
                                <control type="group">
                                    <left>758</left>
                                    <visible>!IsEmpty(Container(535).ListItemNoWrap(1).FolderPath) | !Skin.HasSetting(HorizontalListNav)</visible>
                                    <visible>Container.OnPrevious</visible>
                                    <animation effect="rotatey" center="1223" end="55" time="200" reversible="false" tween="quadratic">Hidden</animation>
                                    <control type="image">
                                        <texture background="true" diffuse="thumbs/thumb_mask.png" fallback="DefaultVideo.png">$VAR[ShowcaseItem1Var]</texture>
                                        <include>MovieShowcaseThumb</include>
                                    </control>
                                    <control type="image">
                                        <include>WatchedOverlayShowCase</include>
                                        <texture>$VAR[IconOverlay1Var]</texture>
                                    </control>
                                </control>
                            </control>
                        </control>
                        <control type="group" id="6000">
                            <left>55</left>
                            <top>570</top>
                            <visible>Control.IsVisible(535) + IntegerGreaterThan(Container.NumItems,1)</visible>
                            <visible>!Control.IsVisible(6001) + !Control.IsVisible(6002)</visible>
                            <control type="group">
                                <left>15</left>
                                <visible>!IsEmpty(Container(535).ListItemNoWrap(-6).FolderPath) | !Skin.HasSetting(HorizontalListNav)</visible>
                                <animation effect="rotatey" center="-135" start="-55" end="-55" time="0" condition="true">Conditional</animation>
                                <include>MovieShowCaseItem-6</include>
                            </control>
                            <control type="group">
                                <left>150</left>
                                <visible>!IsEmpty(Container(535).ListItemNoWrap(-5).FolderPath) | !Skin.HasSetting(HorizontalListNav)</visible>
                                <animation effect="rotatey" center="0" start="-55" end="-55" time="0" condition="true">Conditional</animation>
                                <include>MovieShowCaseItem-5</include>
                            </control>
                            <control type="group">
                                <left>285</left>
                                <visible>!IsEmpty(Container(535).ListItemNoWrap(-4).FolderPath) | !Skin.HasSetting(HorizontalListNav)</visible>
                                <animation effect="rotatey" center="135" start="-55" end="-55" time="0" condition="true">Conditional</animation>
                                <include>MovieShowCaseItem-4</include>
                            </control>
                            <control type="group">
                                <left>420</left>
                                <visible>!IsEmpty(Container(535).ListItemNoWrap(-3).FolderPath) | !Skin.HasSetting(HorizontalListNav)</visible>
                                <animation effect="rotatey" center="270" start="-55" end="-55" time="0" condition="true">Conditional</animation>
                                <include>MovieShowCaseItem-3</include>
                            </control>
                            <control type="group">
                                <left>555</left>
                                <visible>!IsEmpty(Container(535).ListItemNoWrap(-2).FolderPath) | !Skin.HasSetting(HorizontalListNav)</visible>
                                <animation effect="rotatey" center="405" start="-55" end="-55" time="0" condition="true">Conditional</animation>
                                <include>MovieShowCaseItem-2</include>
                            </control>
                            <control type="group">
                                <left>690</left>
                                <visible>!IsEmpty(Container(535).ListItemNoWrap(-1).FolderPath) | !Skin.HasSetting(HorizontalListNav)</visible>
                                <animation effect="rotatey" center="540" start="-55" end="-55" time="0" condition="true">Conditional</animation>
                                <include>MovieShowCaseItem-1</include>
                            </control>
                            <control type="group">
                                <left>1500</left>
                                <visible>!IsEmpty(Container(535).ListItemNoWrap(6).FolderPath) | !Skin.HasSetting(HorizontalListNav)</visible>
                                <animation effect="rotatey" center="1965" start="55" end="55" time="0" condition="true">Conditional</animation>
                                <include>MovieShowCaseItem6</include>
                            </control>
                            <control type="group">
                                <left>1365</left>
                                <visible>!IsEmpty(Container(535).ListItemNoWrap(5).FolderPath) | !Skin.HasSetting(HorizontalListNav)</visible>
                                <animation effect="rotatey" center="1830" start="55" end="55" time="0" condition="true">Conditional</animation>
                                <include>MovieShowCaseItem5</include>
                            </control>
                            <control type="group">
                                <left>1230</left>
                                <visible>!IsEmpty(Container(535).ListItemNoWrap(4).FolderPath) | !Skin.HasSetting(HorizontalListNav)</visible>
                                <animation effect="rotatey" center="1695" start="55" end="55" time="0" condition="true">Conditional</animation>
                                <include>MovieShowCaseItem4</include>
                            </control>
                            <control type="group">
                                <left>1095</left>
                                <visible>!IsEmpty(Container(535).ListItemNoWrap(3).FolderPath) | !Skin.HasSetting(HorizontalListNav)</visible>
                                <animation effect="rotatey" center="1560" start="55" end="55" time="0" condition="true">Conditional</animation>
                                <include>MovieShowCaseItem3</include>
                            </control>
                            <control type="group">
                                <left>960</left>
                                <visible>!IsEmpty(Container(535).ListItemNoWrap(2).FolderPath) | !Skin.HasSetting(HorizontalListNav)</visible>
                                <animation effect="rotatey" center="1425" start="55" end="55" time="0" condition="true">Conditional</animation>
                                <include>MovieShowCaseItem2</include>
                            </control>
                            <control type="group">
                                <left>825</left>
                                <visible>!IsEmpty(Container(535).ListItemNoWrap(1).FolderPath) | !Skin.HasSetting(HorizontalListNav)</visible>
                                <animation effect="rotatey" center="1290" start="55" end="55" time="0" condition="true">Conditional</animation>
                                <include>MovieShowCaseItem1</include>
                            </control>
                            <control type="group">
                                <left>758</left>
                                <!-- Workaround for camera bug. As soon as the camera tag is applied to the group, label will be invisible -->
                                <animation effect="rotatey" center="0" start="1" end="1" time="0" condition="true">Conditional</animation>
                                <visible>!IsEmpty(Container(535).ListItemNoWrap(0).FolderPath) | !Skin.HasSetting(HorizontalListNav)</visible>
                                <include>MovieShowCaseItem0</include>
                            </control>
                        </control>
                    </control>
                    <control type="wraplist" id="535">
                        <left>0</left>
                        <top>540</top>
                        <width>2058</width>
                        <height>525</height>
                        <onup condition="!Skin.HasSetting(global.kioskmode)">9000</onup>
                        <ondown>61</ondown>
                        <onleft>535</onleft>
                        <onright>535</onright>
                        <visible>Container.Content(movies) | Container.Content(tvshows) | Container.Content(musicvideos) | Container.Content(seasons) | Container.Content(sets)</visible>
                        <viewtype label="31199">bigwrap</viewtype>
                        <pagecontrol>61</pagecontrol>
                        <scrolltime tween="quadratic">300</scrolltime>
                        <focusposition>3</focusposition>
                        <orientation>horizontal</orientation>
                        <preloaditems>2</preloaditems>
                        <itemlayout height="525" width="260" />
                        <focusedlayout height="525" width="260" />
                    </control>
                </control>
            </control>
            <!-- Info Box -->
            <control type="group">
                <right>pad</right>
                <left>pad</left>
                <top>425</top>
                <bottom>0</bottom>
                <control type="grouplist">
                    <usecontrolcoords>true</usecontrolcoords>
                    <itemgap>6</itemgap>
                    <orientation>vertical</orientation>
                    <left>pad</left>
                    <right>pad</right>
                    <top>20</top>
                    <bottom>0</bottom>
                    <control type="label">
                        <top>pad</top>
                        <left>pad</left>
                        <right>pad</right>
                        <height>44</height>
                        <align>center</align>
                        <font>Font-InfoBox-Title</font>
                        <label>$INFO[ListItem.Label]</label>
                    </control>   
                    <control type="label">
                        <left>pad</left>
                        <right>pad</right>
                        <height>32</height>
                        <align>center</align>
                        <textcolor>$VAR[HighlightColor2]</textcolor>
                        <font>Font-ListInfo-Small-Bold</font>
                        <label>$INFO[ListItem.Genre,[UPPERCASE],[/UPPERCASE]]</label>
                    </control>
                    <control type="label">
                        <left>pad</left>
                        <right>pad</right>
                        <height>32</height>
                        <align>center</align>
                        <font>Font-ListInfo-Small-Bold</font>
                        <label>$VAR[Label_ExtraInfo_Icons]</label>
                    </control>
                    <control type="textbox">
                        <left>pad</left>
                        <right>pad</right>
                        <height>120</height>
                        <font>Font-ListInfo</font>
                        <align>center</align>
                        <label>$VAR[Label_Plot]</label>
                    </control>
                </control>
            </control>
        </control>
    </include>
    <include name="MovieShowcaseThumb">
        <left>-4</left>
        <top>-16</top>
        <width>320</width>
        <height>440</height>
        <align>center</align>
        <aspectratio scalediffuse="false">scale</aspectratio>
        <fadetime>100</fadetime>
        <aspectratio align="center" aligny="center" scalediffuse="false">scale</aspectratio>
        <bordersize>20</bordersize>
        <visible>IntegerGreaterThan(Container.NumItems,0)</visible>
    </include>
    <include name="WatchedOverlayShowCase">
        <left>230</left>
        <top>-10</top>
        <width>80</width>
        <height>80</height>
        <fadetime>0</fadetime>
        <bordersize>20</bordersize>
    </include>
    <include name="MovieShowCaseItem-7">
        <visible>Control.IsVisible(535) + IntegerGreaterThan(Container.NumItems,0)</visible>
        <control type="image">
            <texture background="true" diffuse="thumbs/thumb_mask.png" fallback="DefaultVideo.png">$VAR[ShowcaseItem-7Var]</texture>
            <include>MovieShowcaseThumb</include>
            <visible>IntegerGreaterThan(Container.NumItems,0)</visible>
        </control>
    </include>
    <include name="MovieShowCaseItem-6">
        <control type="image">
            <texture background="true" diffuse="diffuse/thumb_mask.png" fallback="DefaultVideo.png">$VAR[ShowcaseItem-6Var]</texture>
            <include>MovieShowcaseThumb</include>
            <visible>IntegerGreaterThan(Container.NumItems,0)</visible>
        </control>
    </include>
    <include name="MovieShowCaseItem-5">
        <control type="image">
            <texture background="true" diffuse="thumbs/thumb_mask.png" fallback="DefaultVideo.png">$VAR[ShowcaseItem-5Var]</texture>
            <include>MovieShowcaseThumb</include>
            <visible>IntegerGreaterThan(Container.NumItems,0)</visible>
        </control>
    </include>
    <include name="MovieShowCaseItem-4">
        <control type="image">
            <texture background="true" diffuse="thumbs/thumb_mask.png" fallback="DefaultVideo.png">$VAR[ShowcaseItem-4Var]</texture>
            <include>MovieShowcaseThumb</include>
            <visible>IntegerGreaterThan(Container.NumItems,0)</visible>
        </control>
    </include>
    <include name="MovieShowCaseItem-3">
        <control type="image">
            <texture background="true" diffuse="thumbs/thumb_mask.png" fallback="DefaultVideo.png">$VAR[ShowcaseItem-3Var]</texture>
            <include>MovieShowcaseThumb</include>
            <visible>IntegerGreaterThan(Container.NumItems,0)</visible>
        </control>
    </include>
    <include name="MovieShowCaseItem-2">
        <control type="image">
            <texture background="true" diffuse="thumbs/thumb_mask.png" fallback="DefaultVideo.png">$VAR[ShowcaseItem-2Var]</texture>
            <include>MovieShowcaseThumb</include>
            <visible>IntegerGreaterThan(Container.NumItems,0)</visible>
        </control>
    </include>
    <include name="MovieShowCaseItem-1">
        <control type="image">
            <texture background="true" diffuse="thumbs/thumb_mask.png" fallback="DefaultVideo.png">$VAR[ShowcaseItem-1Var]</texture>
            <include>MovieShowcaseThumb</include>
            <visible>IntegerGreaterThan(Container.NumItems,0)</visible>
        </control>
        <control type="image">
            <include>WatchedOverlayShowCase</include>
            <texture>$VAR[IconOverlay-1Var]</texture>
        </control>
    </include>
    <include name="MovieShowCaseItem0">
        <control type="image">
            <texture background="true" diffuse="thumbs/thumb_mask.png" fallback="DefaultVideo.png">$VAR[ShowcaseItem0Var]</texture>
            <include>MovieShowcaseThumb</include>
            <visible>IntegerGreaterThan(Container.NumItems,0)</visible>
        </control>
        <control type="image">
            <include>WatchedOverlayShowCase</include>
            <texture>$VAR[IconOverlay0Var]</texture>
            <visible>IntegerGreaterThan(Container.NumItems,0)</visible>
        </control>
    </include>
    <include name="MovieShowCaseItem1">
        <control type="image">
            <texture background="true" diffuse="thumbs/thumb_mask.png" fallback="DefaultVideo.png">$VAR[ShowcaseItem1Var]</texture>
            <include>MovieShowcaseThumb</include>
            <visible>IntegerGreaterThan(Container.NumItems,0)</visible>
        </control>
        <control type="image">
            <include>WatchedOverlayShowCase</include>
            <texture>$VAR[IconOverlay1Var]</texture>
            <visible>IntegerGreaterThan(Container.NumItems,0)</visible>
        </control>
    </include>
    <include name="MovieShowCaseItem2">
        <control type="image">
            <texture background="true" diffuse="thumbs/thumb_mask.png" fallback="DefaultVideo.png">$VAR[ShowcaseItem2Var]</texture>
            <include>MovieShowcaseThumb</include>
            <visible>IntegerGreaterThan(Container.NumItems,0)</visible>
        </control>
        <control type="image">
            <include>WatchedOverlayShowCase</include>
            <texture>$VAR[IconOverlay2Var]</texture>
            <visible>IntegerGreaterThan(Container.NumItems,0)</visible>
        </control>
    </include>
    <include name="MovieShowCaseItem3">
        <control type="image">
            <texture background="true" diffuse="thumbs/thumb_mask.png" fallback="DefaultVideo.png">$VAR[ShowcaseItem3Var]</texture>
            <include>MovieShowcaseThumb</include>
            <visible>IntegerGreaterThan(Container.NumItems,0)</visible>
        </control>
        <control type="image">
            <include>WatchedOverlayShowCase</include>
            <texture>$VAR[IconOverlay3Var]</texture>
            <visible>IntegerGreaterThan(Container.NumItems,0)</visible>
        </control>
    </include>
    <include name="MovieShowCaseItem4">
        <control type="image">
            <texture background="true" diffuse="thumbs/thumb_mask.png" fallback="DefaultVideo.png">$VAR[ShowcaseItem4Var]</texture>
            <include>MovieShowcaseThumb</include>
            <visible>IntegerGreaterThan(Container.NumItems,0)</visible>
        </control>
        <control type="image">
            <include>WatchedOverlayShowCase</include>
            <texture>$VAR[IconOverlay4Var]</texture>
            <visible>IntegerGreaterThan(Container.NumItems,0)</visible>
        </control>
    </include>
    <include name="MovieShowCaseItem5">
        <control type="image">
            <texture background="true" diffuse="thumbs/thumb_mask.png" fallback="DefaultVideo.png">$VAR[ShowcaseItem5Var]</texture>
            <include>MovieShowcaseThumb</include>
            <visible>IntegerGreaterThan(Container.NumItems,0)</visible>
        </control>
        <control type="image">
            <include>WatchedOverlayShowCase</include>
            <texture>$VAR[IconOverlay5Var]</texture>
            <visible>IntegerGreaterThan(Container.NumItems,0)</visible>
        </control>
    </include>
    <include name="MovieShowCaseItem6">
        <control type="image">
            <texture background="true" diffuse="thumbs/thumb_mask.png" fallback="DefaultVideo.png">$VAR[ShowcaseItem6Var]</texture>
            <include>MovieShowcaseThumb</include>
            <visible>IntegerGreaterThan(Container.NumItems,0)</visible>
        </control>
        <control type="image">
            <include>WatchedOverlayShowCase</include>
            <texture>$VAR[IconOverlay6Var]</texture>
            <visible>IntegerGreaterThan(Container.NumItems,0)</visible>
        </control>
    </include>
    <include name="MovieShowCaseItem7">
        <control type="image">
            <texture background="true" diffuse="thumbs/thumb_mask.png" fallback="DefaultVideo.png">$VAR[ShowcaseItem7Var]</texture>
            <include>MovieShowcaseThumb</include>
            <visible>IntegerGreaterThan(Container.NumItems,0)</visible>
        </control>
        <control type="image">
            <include>WatchedOverlayShowCase</include>
            <texture>$VAR[IconOverlay7Var]</texture>
            <visible>IntegerGreaterThan(Container.NumItems,0)</visible>
        </control>
    </include>
    <variable name="ShowcaseItem-7Var">
        <value condition="!IsEmpty(ListItem(-7).Art(poster))">$INFO[ListItem(-7).Art(poster)]</value>
        <value condition="Container.Content(genres)">$INFO[ListItem(-7).Label,special://skin/extras/moviegenres/,.jpg]</value>
        <value>$INFO[ListItem(-7).Icon]</value>
    </variable>
    <variable name="ShowcaseItem-6Var">
        <value condition="!IsEmpty(ListItem(-6).Art(poster))">$INFO[ListItem(-6).Art(poster)]</value>
        <value condition="Container.Content(genres)">$INFO[ListItem(-6).Label,special://skin/extras/moviegenres/,.jpg]</value>
        <value>$INFO[ListItem(-6).Icon]</value>
    </variable>
    <variable name="ShowcaseItem-5Var">
        <value condition="!IsEmpty(ListItem(-5).Art(poster))">$INFO[ListItem(-5).Art(poster)]</value>
        <value condition="Container.Content(genres)">$INFO[ListItem(-5).Label,special://skin/extras/moviegenres/,.jpg]</value>
        <value>$INFO[ListItem(-5).Icon]</value>
    </variable>
    <variable name="ShowcaseItem-4Var">
        <value condition="!IsEmpty(ListItem(-4).Art(poster))">$INFO[ListItem(-4).Art(poster)]</value>
        <value condition="Container.Content(genres)">$INFO[ListItem(-4).Label,special://skin/extras/moviegenres/,.jpg]</value>
        <value>$INFO[ListItem(-4).Icon]</value>
    </variable>
    <variable name="ShowcaseItem-3Var">
        <value condition="!IsEmpty(ListItem(-3).Art(poster))">$INFO[ListItem(-3).Art(poster)]</value>
        <value condition="Container.Content(genres)">$INFO[ListItem(-3).Label,special://skin/extras/moviegenres/,.jpg]</value>
        <value>$INFO[ListItem(-3).Icon]</value>
    </variable>
    <variable name="ShowcaseItem-2Var">
        <value condition="!IsEmpty(ListItem(-2).Art(poster))">$INFO[ListItem(-2).Art(poster)]</value>
        <value condition="Container.Content(genres)">$INFO[ListItem(-2).Label,special://skin/extras/moviegenres/,.jpg]</value>
        <value>$INFO[ListItem(-2).Icon]</value>
    </variable>
    <variable name="ShowcaseItem-1Var">
        <value condition="!IsEmpty(ListItem(-1).Art(poster))">$INFO[ListItem(-1).Art(poster)]</value>
        <value condition="Container.Content(genres)">$INFO[ListItem(-1).Label,special://skin/extras/moviegenres/,.jpg]</value>
        <value>$INFO[ListItem(-1).Icon]</value>
    </variable>
    <variable name="ShowcaseItem0Var">
        <value condition="!IsEmpty(Window(Home).Property(SkinHelper.AnimatedPoster)) + !Skin.HasSetting(showanimate.poster)">$INFO[Window(Home).Property(SkinHelper.AnimatedPoster)]</value>
        <value condition="!IsEmpty(ListItem.Art(poster))">$INFO[ListItem.Art(poster)]</value>
        <value condition="Container.Content(genres)">$INFO[ListItem.Label,special://skin/extras/moviegenres/,.jpg]</value>
        <value>$INFO[ListItem.Icon]</value>
    </variable>
    <variable name="ShowcaseItem1Var">
        <value condition="!IsEmpty(ListItem(1).Art(poster))">$INFO[ListItem(1).Art(poster)]</value>
        <value condition="Container.Content(genres)">$INFO[ListItem(1).Label,special://skin/extras/moviegenres/,.jpg]</value>
        <value>$INFO[ListItem(1).Icon]</value>
    </variable>
    <variable name="ShowcaseItem2Var">
        <value condition="!IsEmpty(ListItem(2).Art(poster))">$INFO[ListItem(2).Art(poster)]</value>
        <value condition="Container.Content(genres)">$INFO[ListItem(2).Label,special://skin/extras/moviegenres/,.jpg]</value>
        <value>$INFO[ListItem(2).Icon]</value>
    </variable>
    <variable name="ShowcaseItem3Var">
        <value condition="!IsEmpty(ListItem(3).Art(poster))">$INFO[ListItem(3).Art(poster)]</value>
        <value condition="Container.Content(genres)">$INFO[ListItem(3).Label,special://skin/extras/moviegenres/,.jpg]</value>
        <value>$INFO[ListItem(3).Icon]</value>
    </variable>
    <variable name="ShowcaseItem4Var">
        <value condition="!IsEmpty(ListItem(4).Art(poster))">$INFO[ListItem(4).Art(poster)]</value>
        <value condition="Container.Content(genres)">$INFO[ListItem(4).Label,special://skin/extras/moviegenres/,.jpg]</value>
        <value>$INFO[ListItem(4).Icon]</value>
    </variable>
    <variable name="ShowcaseItem5Var">
        <value condition="!IsEmpty(ListItem(5).Art(poster))">$INFO[ListItem(5).Art(poster)]</value>
        <value condition="Container.Content(genres)">$INFO[ListItem(5).Label,special://skin/extras/moviegenres/,.jpg]</value>
        <value>$INFO[ListItem(5).Icon]</value>
    </variable>
    <variable name="ShowcaseItem6Var">
        <value condition="!IsEmpty(ListItem(6).Art(poster))">$INFO[ListItem(6).Art(poster)]</value>
        <value condition="Container.Content(genres)">$INFO[ListItem(6).Label,special://skin/extras/moviegenres/,.jpg]</value>
        <value>$INFO[ListItem(6).Icon]</value>
    </variable>
    <variable name="ShowcaseItem7Var">
        <value condition="!IsEmpty(ListItem(7).Art(poster))">$INFO[ListItem(7).Art(poster)]</value>
        <value condition="Container.Content(genres)">$INFO[ListItem(7).Label,special://skin/extras/moviegenres/,.jpg]</value>
        <value>$INFO[ListItem(7).Icon]</value>
    </variable>
    <variable name="ShowcaseItem8Var">
        <value condition="!IsEmpty(ListItem(8).Art(poster))">$INFO[ListItem(8).Art(poster)]</value>
        <value condition="Container.Content(genres)">$INFO[ListItem(8).Label,special://skin/extras/moviegenres/,.jpg]</value>
        <value>$INFO[ListItem(8).Icon]</value>
    </variable>
    <variable name="ShowcaseItem9Var">
        <value condition="!IsEmpty(ListItem(9).Art(poster))">$INFO[ListItem(9).Art(poster)]</value>
        <value condition="Container.Content(genres)">$INFO[ListItem(9).Label,special://skin/extras/moviegenres/,.jpg]</value>
        <value>$INFO[ListItem(9).Icon]</value>
    </variable>
    <variable name="IconOverlay-1Var">
        <value condition="ListItem(-1).IsResumable + IsEmpty(Window(Home).Property(Overlay.Resumable))">indicator/inprogress.png</value>
        <value condition="stringcompare(ListItem(-1).Overlay,OverlayWatched.png)">indicator/checkmark.png</value>
    </variable>
    <variable name="IconOverlay0Var">
        <value condition="ListItem.IsResumable + IsEmpty(Window(Home).Property(Overlay.Resumable))">indicator/inprogress.png</value>
        <value condition="stringcompare(ListItem.Overlay,OverlayWatched.png)">indicator/checkmark.png</value>
    </variable>
    <variable name="IconOverlay1Var">
        <value condition="ListItem(1).IsResumable + IsEmpty(Window(Home).Property(Overlay.Resumable))">indicator/inprogress.png</value>
        <value condition="stringcompare(ListItem(1).Overlay,OverlayWatched.png)">indicator/checkmark.png</value>
    </variable>
    <variable name="IconOverlay2Var">
        <value condition="ListItem(2).IsResumable + IsEmpty(Window(Home).Property(Overlay.Resumable))">indicator/inprogress.png</value>
        <value condition="stringcompare(ListItem(2).Overlay,OverlayWatched.png)">indicator/checkmark.png</value>
    </variable>
    <variable name="IconOverlay3Var">
        <value condition="ListItem(3).IsResumable + IsEmpty(Window(Home).Property(Overlay.Resumable))">indicator/inprogress.png</value>
        <value condition="stringcompare(ListItem(3).Overlay,OverlayWatched.png)">indicator/checkmark.png</value>
    </variable>
    <variable name="IconOverlay4Var">
        <value condition="ListItem(4).IsResumable + IsEmpty(Window(Home).Property(Overlay.Resumable))">indicator/inprogress.png</value>
        <value condition="stringcompare(ListItem(4).Overlay,OverlayWatched.png)">indicator/checkmark.png</value>
    </variable>
    <variable name="IconOverlay5Var">
        <value condition="ListItem(5).IsResumable + IsEmpty(Window(Home).Property(Overlay.Resumable))">indicator/inprogress.png</value>
        <value condition="stringcompare(ListItem(5).Overlay,OverlayWatched.png)">indicator/checkmark.png</value>
    </variable>
    <variable name="IconOverlay6Var">
        <value condition="ListItem(6).IsResumable + IsEmpty(Window(Home).Property(Overlay.Resumable))">indicator/inprogress.png</value>
        <value condition="stringcompare(ListItem(6).Overlay,OverlayWatched.png)">indicator/checkmark.png</value>
    </variable>
    <variable name="IconOverlay7Var">
        <value condition="ListItem(7).IsResumable + IsEmpty(Window(Home).Property(Overlay.Resumable))">indicator/inprogress.png</value>
        <value condition="stringcompare(ListItem(7).Overlay,OverlayWatched.png)">indicator/checkmark.png</value>
    </variable>
    <variable name="IconOverlay8Var">
        <value condition="ListItem(8).IsResumable + IsEmpty(Window(Home).Property(Overlay.Resumable))">indicator/inprogress.png</value>
        <value condition="stringcompare(ListItem(8).Overlay,OverlayWatched.png)">indicator/checkmark.png</value>
    </variable>
    <variable name="IconOverlay9Var">
        <value condition="ListItem(9).IsResumable + IsEmpty(Window(Home).Property(Overlay.Resumable))">indicator/inprogress.png</value>
        <value condition="stringcompare(ListItem(9).Overlay,OverlayWatched.png)">indicator/checkmark.png</value>
    </variable>
</includes>