﻿<?xml version="1.0" encoding="UTF-8" standalone="yes"?>
<addon id="plugin.audio.internetradio" name="israel radio" version="1.0.0" provider-name="ilancoll">
    <requires>
      <import addon="xbmc.python" version="2.1.0"/>
    </requires>
    <extension point="xbmc.python.pluginsource" library="Default.py">
        <provides>audio</provides>
    </extension>
    <extension point="xbmc.addon.metadata">
        <summary lang="en">israel  radio from  Internet</summary>
        <summary lang="he">רדיו מישראל שמשודר באינטרנט</summary>
        <description lang="en">israel  radio from  Internet</description>
        <description lang="he">רדיו מישראל שמשודר באינטרנט</description>
    </extension>
</addon>
