<?xml version="1.0" encoding="UTF-8"?>
<window>
    <!-- videolibrary -->
    <backgroundcolor>Background</backgroundcolor>
    <menucontrol>9000</menucontrol>
    <defaultcontrol always="true">50</defaultcontrol>
<!-- Modification Views -->    
    <views>50,54,502,503,504,508,509,506,51,52,59,55,56,505,53,600,57,501,58,500,156,157,158,159,160,161,162,535</views>
    <onload condition="System.HasAddon(script.tv.show.next.aired)">RunScript(script.tv.show.next.aired,backend=True)</onload>
	<onload condition="System.HasAddon(script.duration_axbmcuser)">RunScript(script.duration_axbmcuser,backend=True)</onload>
    <onunload>SetProperty(NodeReturn,videos,home)</onunload>
    <onunload>SetProperty(HubReturn,$INFO[Container.FolderPath],home)</onunload>
    <controls>

        <!-- Background -->
        <include>Furniture_Background</include>
        <include>Furniture_RSS</include>
        <include>Furniture_TopBar</include>
<!-- Ajout Include -->        
         <include>ClearLogo</include>
        

        <!-- Main group -->
        <control type="group">
            <include>Animation_Common</include>
            <include>Viewtype_List</include>
            <include>Viewtype_BigIcon</include>
            <include>Viewtype_Icon</include>
            <include>Viewtype_IconExtra</include>
            <include>Viewtype_BigWide</include>
<!-- Add Include -->               
            <include>Viewtype_BigWideLogo</include>
            <include>Viewtype_Gallery</include>
            <include>Viewtype_FanartList</include>
            <include>Viewtype_InfoList</include>
            <include>Viewtype_InfoList2</include>
            <include>Viewtype_MediaInfo</include>
            <include>Viewtype_MediaInfo2</include>
            <include>Viewtype_MediaInfo3</include>
            <include>Viewtype_Wide</include>
            <include>Viewtype_Fanart</include>
            <include>Viewtype_BigList</include>
            <include>Viewtype_BigListInfo</include>
            <include>Viewtype_PanelList</include>
            <include>Viewtype_Thumbs</include>
<!-- Add Include -->               
            <include>Viewtype_Posters_List1</include>
            <include>Viewtype_Cycle</include>
            <include>Viewtype_BigWide_Classic</include>
            <include>Viewtype_Banner</include>
            <include>Viewtype_FanartLogo</include>
            <include>Viewtype_BigWideClearArt</include>
            <include>Viewtype_ClearArts_List</include>
            <include>Viewtype_Logos_List</include>
			<include>Viewtype_ShowCase</include>
        </control>


        <!-- Menu -->
        <control type="group">
            <visible allowhiddenfocus="true">ControlGroup(9000).HasFocus()</visible>
            <include>Dialog_Top</include>
            <include>Dialog_Background</include>
            <include content="Dialog_Top_IconHeader">
                <param name="label" value="$LOCALIZE[31068]" />
                <param name="icon" value="special://skin/extras/icons/settings.png" />
            </include>
            <include content="Dialog_Top_Arrows">
                <param name="id" value="9000" />
            </include>

            <control type="grouplist" id="9000">
                <include>Dialog_Top_GroupList</include>
                <defaultcontrol always="true">3</defaultcontrol>
<!-- Ajout Control -->                
                <control type="button" id="9096">
                    <description>Back to fullscreen</description>
                    <include>Defs_OptionButton</include>
                    <label>31526</label>
                    <onclick>fullscreen</onclick>
                    <visible>Player.HasVideo</visible>
                </control>
<!-- Ajout Control -->                
                <control type="button" id="9097">
                    <description>Back to Music Viz</description>
                    <include>Defs_OptionButton</include>
                    <label>31639</label>
                    <onclick>fullscreen</onclick>
                    <visible>Player.HasAudio</visible>
                </control>                       
                <include>Object_BasicViewList</include>              
                
                <!-- Watched toggle -->
                <control type="radiobutton" id="14">
                    <include>Defs_OptionButton</include>
                    <label>20367</label>
                    <visible>Control.IsEnabled(14)</visible>
                </control>
                
                <!-- Hide Next Aired Infos -->
                <control type="radiobutton" id="44">
                    <include>Defs_OptionRadioButton</include>
                    <label>31733</label>
                    <selected>Skin.HasSetting(hidenextairedinfos)</selected>
                    <onclick>Skin.ToggleSetting(hidenextairedinfos)</onclick>
                    <visible>Container.Content(tvshows) | Container.Content(seasons) | Container.Content(episodes)</visible>
                </control>
                
                <!-- Hide/Show Indicators -->
                <control type="button" id="45">
                    <include>Defs_OptionRadioButton</include>
                    <label>$LOCALIZE[31734] : $VAR[Label_Indicators]</label>
                    <onclick condition="String.IsEmpty(Skin.String(indicators))">Skin.SetString(indicators,$LOCALIZE[31735])</onclick>
                    <onclick condition="String.IsEqual(Skin.String(indicators),$LOCALIZE[31189])">Skin.SetString(indicators,$LOCALIZE[31735])</onclick>
                    <onclick condition="String.IsEqual(Skin.String(indicators),$LOCALIZE[31735])">Skin.SetString(indicators,$LOCALIZE[31736])</onclick>
                    <onclick condition="String.IsEqual(Skin.String(indicators),$LOCALIZE[31736])">Skin.SetString(indicators,$LOCALIZE[31189])</onclick>
                </control>
                
                <!-- Filter -->
                <control type="edit" id="19">
                    <include>Defs_OptionButton</include>
                    <label>587</label>
                    <visible>Container.CanFilter + !Container.CanFilterAdvanced</visible>
                </control>
                <!-- Filter -->
                <control type="radiobutton" id="93">
                    <include>Defs_OptionButton</include>
                    <label>587</label>
                    <onclick>Filter</onclick>
                    <selected>Container.Filtered</selected>
                    <visible>Container.CanFilterAdvanced</visible>
                </control>
<!-- Ajout Control -->
                <control type="button" id="9003">
                    <include>Defs_OptionButton</include>
                    <label>13350</label>
                    <onclick>ActivateWindow(videoplaylist)</onclick>
                    <visible>Integer.IsGreater(Playlist.Length(video),1)</visible>
                    <visible>Player.HasVideo</visible>
                </control>
<!-- Ajout Control -->
                <control type="button" id="9004">
                    <include>Defs_OptionButton</include>
                    <label>13350</label>
                    <onclick>ActivateWindow(musicplaylist)</onclick>
                    <visible>Integer.IsGreater(Playlist.Length(music),1)</visible>
                    <visible>Player.HasAudio</visible>
                </control>                                    
                <!-- Update -->
                <control type="button" id="20">
                    <label>653</label>
                    <include>Defs_OptionButton</include>
                    <onclick>SetFocus(50)</onclick>
                </control>
            </control>

        </control>

        <include>Furniture_OverlayInfo</include>
    </controls>

</window>