<window type="dialog">
    <controls>
        <control type="group" id="100">
            <control type="group">
                <top>210</top>
                <bottom>64</bottom>
                <left>0</left>
                <right>0</right>
                <include>Animation_SlideIn</include>
                <include>Animation_FadeOut</include>
                <animation effect="slide" tween="quadratic" easing="out" time="300" start="0,1920" end="0">WindowOpen</animation>
                <animation effect="slide" tween="quadratic" easing="in" time="300" end="0,1920" start="0">WindowClose</animation>
                <include>Dialog_Background</include>
                <control type="group">
                    <animation effect="slide" tween="quadratic" easing="out" time="200" start="-1920" end="0" delay="300">Visible</animation>
                    <animation effect="slide" tween="quadratic" easing="in" time="200" end="-1920" start="0">Hidden</animation>
                    <visible>!Window.IsVisible(script-ExtendedInfo Script-DialogVideoInfo.xml) + !Window.IsVisible(script-ExtendedInfo Script-DialogInfo.xml)</visible>
                    <top>70</top>
                    <left>side</left>
                    <right>side</right>
                    <height>621</height>
                    <control type="group">
                        <width>460</width>
                        <height>621</height>
                        <include content="Object_Line">
                            <param name="width" value="460" />
                            <param name="label" value="$INFO[Control.GetLabel(190)]$INFO[Control.GetLabel(191)]$INFO[Control.GetLabel(199)]" />
                        </include>
                        <control type="list" id="8000">
                            <ondown>8000</ondown>
                            <onup>8000</onup>
                            <onright condition="Container(8000).HasFocus(1)">111</onright>
                            <onright condition="Container(8000).HasFocus(2)">121</onright>
                            <onright condition="Container(8000).HasFocus(3)">131</onright>
                            <onright condition="Container(8000).HasFocus(4)">141</onright>
                            <onright condition="Container(8000).HasFocus(5)">211</onright>
                            <onright condition="Container(8000).HasFocus(6)">151</onright>
                            <onright condition="Container(8000).HasFocus(7)">161</onright>
                            <onright condition="Container(8000).HasFocus(8)">171</onright>
                            <onright condition="Container(8000).HasFocus(9)">181</onright>
                            <onright condition="Container(8000).HasFocus(10)">221</onright>
                            <width>100%</width>
                            <height>690</height>
                            <orientation>vertical</orientation>
                            <itemlayout width="460" height="69">
                                <control type="image">
                                    <width>100%</width>
                                    <height>100%</height>
                                    <texture colordiffuse="PosterBorder">common/white.png</texture>
                                </control>
                                <control type="label">
                                    <font>Font-ListInfo-Small-Bold</font>
                                    <label>$INFO[ListItem.Label]</label>
                                    <left>30</left>
                                    <right>30</right>
                                    <height>100%</height>
                                </control>
                                <control type="label">
                                    <font>Font-ListInfo-Small-Bold</font>
                                    <label>$INFO[ListItem.Label2]</label>
                                    <left>30</left>
                                    <right>30</right>
                                    <align>right</align>
                                    <height>100%</height>
                                </control>
                            </itemlayout>
                            <focusedlayout width="460" height="69">
                                <control type="image">
                                    <width>100%</width>
                                    <height>100%</height>
                                    <texture colordiffuse="$VAR[HighlightColor]">common/white.png</texture>
                                </control>
                                <control type="label">
                                    <font>Font-ListInfo-Small-Bold</font>
                                    <label>$INFO[ListItem.Label]</label>
                                    <left>30</left>
                                    <right>30</right>
                                    <height>100%</height>
                                    <textcolor>Selected</textcolor>
                                </control>
                                <control type="label">
                                    <font>Font-ListInfo-Small-Bold</font>
                                    <label>$INFO[ListItem.Label2]</label>
                                    <left>30</left>
                                    <right>30</right>
                                    <align>right</align>
                                    <height>100%</height>
                                    <textcolor>Selected</textcolor>
                                </control>
                            </focusedlayout>
                            <content>
                                <!--movies-->
                                <item id="1">
                                    <label>$LOCALIZE[20342]</label>
                                    <label2>$INFO[Control.GetLabel(110)]</label2>
                                    <onclick>noop</onclick>
                                    <visible>Control.IsVisible(119)</visible>
                                </item>
                                <!--tv shows-->
                                <item id="2">
                                    <label>$LOCALIZE[20343]</label>
                                    <label2>$INFO[Control.GetLabel(120)]</label2>
                                    <onclick>noop</onclick>
                                    <visible>Control.IsVisible(129)</visible>
                                </item>
                                <!--seasons-->
                                <item id="3">
                                    <label>$LOCALIZE[33054]</label>
                                    <label2>$INFO[Control.GetLabel(130)]</label2>
                                    <onclick>noop</onclick>
                                    <visible>Control.IsVisible(139)</visible>
                                </item>
                                <!--episodes-->
                                <item id="4">
                                    <label>$LOCALIZE[20360]</label>
                                    <label2>$INFO[Control.GetLabel(140)]</label2>
                                    <onclick>noop</onclick>
                                    <visible>Control.IsVisible(149)</visible>
                                </item>
                                <!--actors-->
                                <item id="5">
                                    <label>$LOCALIZE[344]</label>
                                    <label2>$INFO[Control.GetLabel(210)]</label2>
                                    <onclick>noop</onclick>
                                    <visible>Control.IsVisible(219)</visible>
                                </item>
                                <!--music videos-->
                                <item id="6">
                                    <label>$LOCALIZE[20389]</label>
                                    <label2>$INFO[Control.GetLabel(150)]</label2>
                                    <onclick>noop</onclick>
                                    <visible>Control.IsVisible(159)</visible>
                                </item>
                                <!--artists-->
                                <item id="7">
                                    <label>$LOCALIZE[133]</label>
                                    <label2>$INFO[Control.GetLabel(160)]</label2>
                                    <onclick>noop</onclick>
                                    <visible>Control.IsVisible(169)</visible>
                                </item>
                                <!--albums-->
                                <item id="8">
                                    <label>$LOCALIZE[132]</label>
                                    <label2>$INFO[Control.GetLabel(170)]</label2>
                                    <onclick>noop</onclick>
                                    <visible>Control.IsVisible(179)</visible>
                                </item>
                                <!--songs-->
                                <item id="9">
                                    <label>$LOCALIZE[134]</label>
                                    <label2>$INFO[Control.GetLabel(180)]</label2>
                                    <onclick>noop</onclick>
                                    <visible>Control.IsVisible(189)</visible>
                                </item>
                                <!--new search-->
                                <item id="20">
                                    <label>[CAPITALIZE]$INFO[Control.GetLabel(198),[LOWERCASE],[/LOWERCASE]][/CAPITALIZE]</label>
                                    <onclick>Control.SetFocus(8000,0)</onclick>
                                    <onclick>SendClick(198)</onclick>
                                    <visible>Control.IsVisible(198)</visible>
                                </item>
                            </content>
                        </control>
                        
                    </control> 

                    <control type="group" id="9000">
                        <left>480</left>
                        <width>1420</width>
                        <height>690</height>
                        <include content="Object_Line">
                            <param name="width" value="1400" />
                            <param name="label" value="$INFO[Container(8000).ListItem.Label2,, $LOCALIZE[31130]]" />
                        </include>
                        <control type="group" id="119">
                            <include content="Dialog_ImageList">
                                <param name="pad" value="pad" />
                                <param name="left" value="0" />
                                <param name="width" value="1420" />
                                <param name="top" value="0" />
                                <param name="bottom" value="0" />
                                <param name="id" value="111" />
                                <param name="moveid" value="8000" />
                                <param name="visible" value="Container(8000).HasFocus(1)" />
                            </include>
                        </control>
                        <control type="group" id="129">
                            <include content="Dialog_ImageList">
                                <param name="pad" value="pad" />
                                <param name="left" value="0" />
                                <param name="width" value="1420" />
                                <param name="top" value="0" />
                                <param name="bottom" value="0" />
                                <param name="id" value="121" />
                                <param name="moveid" value="8000" />
                                <param name="visible" value="Container(8000).HasFocus(2)" />
                            </include>
                        </control>
                        <control type="group" id="139">
                            <include content="Dialog_ImageList">
                                <param name="pad" value="pad" />
                                <param name="left" value="0" />
                                <param name="width" value="1420" />
                                <param name="top" value="0" />
                                <param name="bottom" value="0" />
                                <param name="id" value="131" />
                                <param name="moveid" value="8000" />
                                <param name="visible" value="Container(8000).HasFocus(3)" />
                            </include>
                        </control>
                        <control type="group" id="149">
                            <include content="Dialog_ImageList">
                                <param name="pad" value="pad" />
                                <param name="left" value="0" />
                                <param name="width" value="1420" />
                                <param name="top" value="0" />
                                <param name="bottom" value="0" />
                                <param name="id" value="141" />
                                <param name="moveid" value="8000" />
                                <param name="visible" value="Container(8000).HasFocus(4)" />
                            </include>
                        </control>
                        <control type="group" id="219">
                            <include content="Dialog_ImageList">
                                <param name="pad" value="pad" />
                                <param name="left" value="0" />
                                <param name="width" value="1420" />
                                <param name="top" value="0" />
                                <param name="bottom" value="0" />
                                <param name="id" value="211" />
                                <param name="moveid" value="8000" />
                                <param name="visible" value="Container(8000).HasFocus(5)" />
                            </include>
                        </control>
                        <control type="group" id="159">
                            <include content="Dialog_ImageList">
                                <param name="pad" value="pad" />
                                <param name="left" value="0" />
                                <param name="width" value="1420" />
                                <param name="top" value="0" />
                                <param name="bottom" value="0" />
                                <param name="id" value="151" />
                                <param name="moveid" value="8000" />
                                <param name="visible" value="Container(8000).HasFocus(6)" />
                            </include>
                        </control>
                        <control type="group" id="169">
                            <include content="Dialog_ImageList">
                                <param name="pad" value="pad" />
                                <param name="left" value="0" />
                                <param name="width" value="1420" />
                                <param name="top" value="0" />
                                <param name="bottom" value="0" />
                                <param name="id" value="161" />
                                <param name="moveid" value="8000" />
                                <param name="visible" value="Container(8000).HasFocus(7)" />
                            </include>
                        </control>
                        <control type="group" id="179">
                            <include content="Dialog_ImageList">
                                <param name="pad" value="pad" />
                                <param name="left" value="0" />
                                <param name="width" value="1420" />
                                <param name="top" value="0" />
                                <param name="bottom" value="0" />
                                <param name="id" value="171" />
                                <param name="moveid" value="8000" />
                                <param name="visible" value="Container(8000).HasFocus(8)" />
                            </include>
                        </control>
                        <control type="group" id="189">
                            <include content="Dialog_ImageList">
                                <param name="pad" value="pad" />
                                <param name="left" value="0" />
                                <param name="width" value="1420" />
                                <param name="top" value="0" />
                                <param name="bottom" value="0" />
                                <param name="id" value="181" />
                                <param name="moveid" value="8000" />
                                <param name="visible" value="Container(8000).HasFocus(9)" />
                            </include>
                        </control>
                        <control type="group" id="229">
                            <include content="Dialog_ImageList">
                                <param name="pad" value="pad" />
                                <param name="left" value="0" />
                                <param name="width" value="1420" />
                                <param name="top" value="0" />
                                <param name="bottom" value="0" />
                                <param name="id" value="221" />
                                <param name="moveid" value="8000" />
                                <param name="visible" value="Container(8000).HasFocus(10)" />
                            </include>
                        </control>



                    </control> 
                    
                </control>
            </control>
        </control>
        <control type="label" id="190"><visible>false</visible></control>
        <control type="label" id="191"><visible>false</visible></control>
        <control type="label" id="199"><visible>false</visible></control>
        <control type="button" id="198"><left>-2000</left><height>1</height><width>1</width></control>

        <control type="label" id="110"><visible>false</visible></control>
        <control type="label" id="120"><visible>false</visible></control>
        <control type="label" id="130"><visible>false</visible></control>
        <control type="label" id="140"><visible>false</visible></control>
        <control type="label" id="150"><visible>false</visible></control>
        <control type="label" id="160"><visible>false</visible></control>
        <control type="label" id="170"><visible>false</visible></control>
        <control type="label" id="180"><visible>false</visible></control>
        <control type="label" id="210"><visible>false</visible></control>
        <control type="label" id="220"><visible>false</visible></control>
    </controls>
</window>
