<?xml version="1.0" encoding="UTF-8"?>
<window>
    <!-- seekbar -->
    <defaultcontrol always="true">901</defaultcontrol>
    <visible>[VideoPlayer.IsFullscreen | Window.IsVisible(visualisation)]</visible>

    <controls>

       <!-- <control type="group">
            <visible>Window.IsVisible(script-ExtendedInfo Script-DialogInfo.xml) | Window.IsVisible(script-ExtendedInfo Script-DialogVideoInfo.xml)</visible>
            <top>210</top>
            <height>780</height>
            <centerleft>50%</centerleft>
            <width>1920</width>
            <include>Dialog_Background</include>
            <include>Animation_FadeIn</include>
            <include>Animation_FadeOut_Delay</include>
            </control> -->

        <control type="image">
            <visible>Window.IsVisible(script-ExtendedInfo Script-DialogInfo.xml) | Window.IsVisible(script-ExtendedInfo Script-DialogVideoInfo.xml)</visible>
            <width>1920</width>
            <height>1080</height>
            <texture colordiffuse="FanartFade">common/white.png</texture>
            <include>Animation_FadeIn</include>
            <include>Animation_FadeOut_Delay</include>
        </control>

        <include>Furniture_TopBar</include>

        <control type="group">
            <visible>Player.Seeking | Player.DisplayAfterSeek | Player.Paused | Player.Forwarding | Player.Rewinding | Player.ShowInfo | Window.IsVisible(DialogFullScreenInfo.xml) | Window.IsActive(musicosd) | Window.IsActive(videoosd)</visible>
            <animation effect="slide" start="0" end="0,-64" time="200" condition="Window.IsVisible(musicosd) | Window.IsActive(videoosd)">Conditional</animation>
            <animation effect="slide" start="0" end="0,-260" time="200" tween="quadratic" condition="[Window.IsVisible(DialogFullScreenInfo.xml) + Skin.HasSetting(videoosd.showinfo)] | [!IsEmpty(Window(home).Property(osdinfo)) + !Window.IsVisible(visualisation)] | [Skin.HasSetting(videoosd.showinfoonpause) + Player.Paused]">Conditional</animation>
            <include>Animation_FadeIn</include>
            <include>Animation_FadeOut</include>

            <control type="group">
           <visible>!Window.IsVisible(MusicVisualisation.xml) + !Window.IsVisible(script-ExtendedInfo Script-DialogVideoInfo.xml) + !Window.IsVisible(script-ExtendedInfo Script-DialogInfo.xml)</visible>
<!-- Ajout Control --> 
            <control type="image">
                    <left>-8</left>
                    <bottom>16</bottom>
                    <width>627</width>
                    <height>50</height>  
                    <texture colordiffuse="HomeBarBG">osd/top_left.png</texture>
                </control>
<!-- Ajout Control -->                
                <control type="image">
                    <left>15</left>
                    <bottom>17</bottom>
                    <width>48</width>
                    <height>48</height>  
                    <texture colordiffuse="LineLabel">osd/clock.png</texture>
                </control>
<!-- Ajout Control -->                
                <control type="label">
                    <left>73</left>
                    <bottom>19</bottom>
                    <height>48</height> 
                    <aligny>center</aligny>
                    <textcolor>LineLabel</textcolor> 
                    <label>$INFO[Player.Time] / $INFO[Player.Duration]</label>
                </control>
<!-- Ajout Control -->                
                <control type="image">
                    <left>397</left>
                    <bottom>17</bottom>
                    <width>48</width>
                    <height>48</height>  
                    <texture colordiffuse="LineLabel">osd/finishtime.png</texture>
                </control>
<!-- Ajout Control -->                
                <control type="label">
                    <left>455</left>
                    <bottom>19</bottom>
                    <height>48</height> 
                    <aligny>center</aligny>
                    <textcolor>LineLabel</textcolor> 
                    <label>$INFO[Player.FinishTime(hh:mm)]</label>
                </control>
                
                <control type="label">
                    <left>545</left>
                    <bottom>16</bottom>
                    <height>48</height> 
                    <aligny>center</aligny>
                    <font>Font-RSS</font>
                    <textcolor>LineLabel</textcolor> 
                    <label>$INFO[Player.FinishTime(xx)]</label>
                    <visible>!IsEmpty(Player.FinishTime(xx))</visible> 
                </control>
                
<!-- Ajout Control --> 
            <control type="image">
                    <right>-8</right>
                    <bottom>16</bottom>
                    <width>627</width>
                    <height>50</height>  
                    <texture colordiffuse="HomeBarBG" flippy="true">osd/top_right.png</texture>
                    <visible>!Window.IsVisible(script-ExtendedInfo Script-DialogVideoInfo.xml) + !Window.IsVisible(script-ExtendedInfo Script-DialogInfo.xml)</visible>
                </control> 

<!-- Ajout Control Grouplist -->                
                <control type="grouplist">
                    <usecontrolcoords>true</usecontrolcoords>
                    <right>55</right>                   
                    <bottom>23</bottom>
                    <height>35</height>
                    <align>right</align>
                    <orientation>horizontal</orientation>
                    <itemgap>pad</itemgap>   
                    <visible>!Window.IsVisible(script-ExtendedInfo Script-DialogVideoInfo.xml) + !Window.IsVisible(script-ExtendedInfo Script-DialogInfo.xml)</visible>               
                    <control type="image">
                        <width>91</width>
              	     <height>35</height>
              	     <texture colordiffuse="LineLabel" fallback="indicator/fallback.png">$INFO[VideoPlayer.VideoAspect,indicator/aspectratio/,.png]</texture>
                        <visible>!IsEmpty(VideoPlayer.VideoAspect)</visible>
                    </control>
                    <control type="image">
                        <width>51</width>
                        <height>35</height>
                        <texture colordiffuse="LineLabel" fallback="indicator/fallback.png">$INFO[VideoPlayer.VideoResolution,indicator/resolution/,.png]</texture>
                        <visible>!IsEmpty(VideoPlayer.VideoResolution)</visible>
                    </control>               
                    <control type="image">
                        <width>91</width>
              	     <height>35</height>
              	     <texture colordiffuse="LineLabel" fallback="indicator/fallback.png">$INFO[VideoPlayer.VideoCodec,indicator/video/,.png]</texture>
                        <visible>!IsEmpty(VideoPlayer.VideoCodec)</visible>
                    </control>                      
                    <control type="image">
                        <width>91</width>
              	     <height>35</height>
              	     <texture colordiffuse="LineLabel" fallback="indicator/fallback.png">$INFO[VideoPlayer.AudioCodec,indicator/audio/,.png]</texture>
                        <visible>!IsEmpty(VideoPlayer.AudioCodec)</visible>
                    </control>                                  
                    <control type="image">
                        <width>91</width>
                        <height>35</height>
                        <visible>!IsEmpty(VideoPlayer.AudioChannels)</visible>
                        <texture colordiffuse="LineLabel" fallback="indicator/fallback.png">$INFO[VideoPlayer.AudioChannels,indicator/channels/,.png]</texture>
                    </control>  
                 </control>          
             </control>         
                            
            
<!-- Ajout Control -->            
            <control type="image">
                    <centerleft>50%</centerleft>
                    <bottom>16</bottom>
                    <width>500</width>
                    <height>281</height>
                    <texture>$VAR[PlayerClearArt]</texture>
                    <aspectratio align="center" aligny="bottom">keep</aspectratio>
                    <visible>Skin.HasSetting(videoosd.showclearart)</visible>
                    <visible>!Window.IsVisible(script-ExtendedInfo Script-DialogVideoInfo.xml) + !Window.IsVisible(script-ExtendedInfo Script-DialogInfo.xml)</visible>
                </control>
            <control type="image">
                <bottom>-500</bottom>
                <height>500</height>
                <width>100%</width>
                <texture colordiffuse="DialogBG">common/white.png</texture>
            </control>
       
            <control type="group">
                <visible>[Window.IsVisible(DialogFullScreenInfo.xml) + Skin.HasSetting(videoosd.showinfo)] | [!IsEmpty(Window(home).Property(osdinfo)) + !Window.IsVisible(visualisation)] | [Skin.HasSetting(videoosd.showinfoonpause) + Player.Paused]</visible>
                <animation effect="fade" start="0" end="100" time="200" delay="200" reversible="false">Visible</animation>
                <bottom>-310</bottom>
                <left>side</left>
                <right>side</right>
                <height>300</height>

<!-- Ajout Control Grouplist -->                    
                 <control type="grouplist">
                    <usecontrolcoords>true</usecontrolcoords>
                    <itemgap>pad</itemgap>
                    <right>0</right>
                    <top>pad</top>
                    <height>64</height>
                    <align>right</align>
                    <orientation>horizontal</orientation>
                    <itemgap>side</itemgap>                                   
                    <control type="label">
                        <width>auto</width>
                        <height>64</height>
                        <align>right</align>
                        <font>Font-ListInfo-Small</font>
                        <label>$INFO[VideoPlayer.MPAA, ,]$INFO[VideoPlayer.RatingAndVotes,  •  ,]</label>                       
                        <visible>[!Skin.HasSetting(disable.rating) + !Skin.HasSetting(disable.mpaa)]</visible>
                    </control>                  
                    <control type="label">
                        <width>auto</width>
                        <height>64</height>
                        <align>right</align>
                        <font>Font-ListInfo-Small</font>
                        <label>$INFO[VideoPlayer.MPAA]</label>                      
                        <visible>[Skin.HasSetting(disable.rating) + !Skin.HasSetting(disable.mpaa)]</visible>
                    </control>                    
                    <control type="label">
                        <width>auto</width>
                        <height>64</height>
                        <align>right</align>
                        <font>Font-ListInfo-Small</font>
                        <label>$INFO[VideoPlayer.RatingAndVotes]</label>                     
                        <visible>[Skin.HasSetting(disable.mpaa) + !Skin.HasSetting(disable.rating)]</visible>
                    </control>
                </control>
                

<!-- Ajout Control -->                
                <control type="image">
                        <width>168</width>
                        <height>240</height>
                        <texture fallback="DefaultVideoPlayer.png">$VAR[PlayerPoster]</texture>
                        <visible>!VideoPlayer.Content(LiveTV)</visible>
                </control>
<!-- Ajout Control -->                   
                <control type="image">
                	     <top>37</top>
                        <width>168</width>
                        <height>168</height>
                        <aspectratio>keep</aspectratio>
                        <texture fallback="DefaultVideoPlayer.png">$INFO[Player.Art(thumb)]</texture>
                        <visible>VideoPlayer.Content(LiveTV)</visible>
                </control> 
                
                <control type="grouplist">
                    <usecontrolcoords>true</usecontrolcoords>
                    <itemgap>pad</itemgap>
                    <orientation>vertical</orientation>
<!-- Modification Left -->                    
                    <left>180</left>
<!-- Modification Left -->                     
                    <right>0</right>
                    <top>pad</top>
                    <bottom>pad</bottom>     
                    
                    <control type="label">
                        <top>pad</top>
                        <left>pad</left>
                        <right>pad</right>
                        <height>36</height>
                        <font>Font-InfoBox-Title</font>
                        <label>$INFO[VideoPlayer.Title]</label>
                    </control>
                    <control type="label">
                        <left>pad</left>
                        <right>580</right>
                        <height>32</height>
                        <font>Font-ListInfo-Small-Bold</font>
                        <label>[UPPERCASE][COLOR=$VAR[HighlightColor2]]$INFO[VideoPlayer.Genre][/COLOR][/UPPERCASE]</label>
                        <visible>IsEmpty(VideoPlayer.Season)</visible>
                    </control>
                    <control type="label">
                        <left>pad</left>
                        <right>580</right>
                        <height>32</height>
                        <font>Font-ListInfo-Small-Bold</font>
                        <label>[UPPERCASE][COLOR=$VAR[HighlightColor2]]$INFO[VideoPlayer.Genre,,  -  ]$INFO[VideoPlayer.Season,$LOCALIZE[20373] , ]$INFO[VideoPlayer.Episode,$LOCALIZE[20359] , ][/COLOR][/UPPERCASE]</label>
                        <visible>!IsEmpty(VideoPlayer.Season)</visible>
                    </control>
                    
                    <control type="textbox">
                        <left>pad</left>
                        <right>pad</right>
                        <height>114</height>
                        <font>Font-ListInfo</font>
                        <align>left</align>
                        <label>$INFO[VideoPlayer.Plot]</label>
                    </control>
                </control>
            </control>
            <control type="progress" description="cache">
                <width>100%</width>
                <bottom>0</bottom>
                <height>16</height>
                <info>Player.ProgressCache</info>
                <visible>true</visible>
<!-- Modification Texturebg -->                
                <texturebg colordiffuse="HomeBarBG">osd/progress-bg.png</texturebg>
                <lefttexture colordiffuse="$VAR[HighlightColor2]">osd/progress-end.png</lefttexture>
                <midtexture colordiffuse="$VAR[HighlightColor2]">osd/progress-end.png</midtexture>
                <righttexture colordiffuse="$VAR[HighlightColor2]">osd/progress-end.png</righttexture>
            </control>
            <control type="progress" id="23">
                <width>100%</width>
                <bottom>0</bottom>
                <height>16</height>
                <info>Player.Progress</info>
                <visible>!Player.Seeking</visible>
            </control>
            <control type="progress" id="401">
                <width>100%</width>
                <bottom>0</bottom>
                <height>16</height>
                <visible>Player.Seeking</visible>
            </control>    
            
            
            <control type="group">
                <animation effect="slide" end="19" condition="IntegerGreaterThan(Control.GetLabel(401),1)">Conditional</animation>
                <animation effect="slide" end="19" condition="IntegerGreaterThan(Control.GetLabel(401),2)">Conditional</animation>
                <animation effect="slide" end="19" condition="IntegerGreaterThan(Control.GetLabel(401),3)">Conditional</animation>
                <animation effect="slide" end="19" condition="IntegerGreaterThan(Control.GetLabel(401),4)">Conditional</animation>
                <animation effect="slide" end="19" condition="IntegerGreaterThan(Control.GetLabel(401),5)">Conditional</animation>
                <animation effect="slide" end="19" condition="IntegerGreaterThan(Control.GetLabel(401),6)">Conditional</animation>
                <animation effect="slide" end="19" condition="IntegerGreaterThan(Control.GetLabel(401),7)">Conditional</animation>
                <animation effect="slide" end="19" condition="IntegerGreaterThan(Control.GetLabel(401),8)">Conditional</animation>
                <animation effect="slide" end="19" condition="IntegerGreaterThan(Control.GetLabel(401),9)">Conditional</animation>
                <animation effect="slide" end="19" condition="IntegerGreaterThan(Control.GetLabel(401),10)">Conditional</animation>
                <animation effect="slide" end="19" condition="IntegerGreaterThan(Control.GetLabel(401),11)">Conditional</animation>
                <animation effect="slide" end="19" condition="IntegerGreaterThan(Control.GetLabel(401),12)">Conditional</animation>
                <animation effect="slide" end="19" condition="IntegerGreaterThan(Control.GetLabel(401),13)">Conditional</animation>
                <animation effect="slide" end="19" condition="IntegerGreaterThan(Control.GetLabel(401),14)">Conditional</animation>
                <animation effect="slide" end="19" condition="IntegerGreaterThan(Control.GetLabel(401),15)">Conditional</animation>
                <animation effect="slide" end="19" condition="IntegerGreaterThan(Control.GetLabel(401),16)">Conditional</animation>
                <animation effect="slide" end="19" condition="IntegerGreaterThan(Control.GetLabel(401),17)">Conditional</animation>
                <animation effect="slide" end="19" condition="IntegerGreaterThan(Control.GetLabel(401),18)">Conditional</animation>
                <animation effect="slide" end="19" condition="IntegerGreaterThan(Control.GetLabel(401),19)">Conditional</animation>
                <animation effect="slide" end="19" condition="IntegerGreaterThan(Control.GetLabel(401),20)">Conditional</animation>
                <animation effect="slide" end="19" condition="IntegerGreaterThan(Control.GetLabel(401),21)">Conditional</animation>
                <animation effect="slide" end="19" condition="IntegerGreaterThan(Control.GetLabel(401),22)">Conditional</animation>
                <animation effect="slide" end="19" condition="IntegerGreaterThan(Control.GetLabel(401),23)">Conditional</animation>
                <animation effect="slide" end="19" condition="IntegerGreaterThan(Control.GetLabel(401),24)">Conditional</animation>
                <animation effect="slide" end="19" condition="IntegerGreaterThan(Control.GetLabel(401),25)">Conditional</animation>
                <animation effect="slide" end="19" condition="IntegerGreaterThan(Control.GetLabel(401),26)">Conditional</animation>
                <animation effect="slide" end="19" condition="IntegerGreaterThan(Control.GetLabel(401),27)">Conditional</animation>
                <animation effect="slide" end="19" condition="IntegerGreaterThan(Control.GetLabel(401),28)">Conditional</animation>
                <animation effect="slide" end="19" condition="IntegerGreaterThan(Control.GetLabel(401),29)">Conditional</animation>
                <animation effect="slide" end="19" condition="IntegerGreaterThan(Control.GetLabel(401),30)">Conditional</animation>
                <animation effect="slide" end="19" condition="IntegerGreaterThan(Control.GetLabel(401),31)">Conditional</animation>
                <animation effect="slide" end="19" condition="IntegerGreaterThan(Control.GetLabel(401),32)">Conditional</animation>
                <animation effect="slide" end="19" condition="IntegerGreaterThan(Control.GetLabel(401),33)">Conditional</animation>
                <animation effect="slide" end="19" condition="IntegerGreaterThan(Control.GetLabel(401),34)">Conditional</animation>
                <animation effect="slide" end="19" condition="IntegerGreaterThan(Control.GetLabel(401),35)">Conditional</animation>
                <animation effect="slide" end="19" condition="IntegerGreaterThan(Control.GetLabel(401),36)">Conditional</animation>
                <animation effect="slide" end="19" condition="IntegerGreaterThan(Control.GetLabel(401),37)">Conditional</animation>
                <animation effect="slide" end="19" condition="IntegerGreaterThan(Control.GetLabel(401),38)">Conditional</animation>
                <animation effect="slide" end="19" condition="IntegerGreaterThan(Control.GetLabel(401),39)">Conditional</animation>
                <animation effect="slide" end="19" condition="IntegerGreaterThan(Control.GetLabel(401),40)">Conditional</animation>
                <animation effect="slide" end="19" condition="IntegerGreaterThan(Control.GetLabel(401),41)">Conditional</animation>
                <animation effect="slide" end="19" condition="IntegerGreaterThan(Control.GetLabel(401),42)">Conditional</animation>
                <animation effect="slide" end="19" condition="IntegerGreaterThan(Control.GetLabel(401),43)">Conditional</animation>
                <animation effect="slide" end="19" condition="IntegerGreaterThan(Control.GetLabel(401),44)">Conditional</animation>
                <animation effect="slide" end="19" condition="IntegerGreaterThan(Control.GetLabel(401),45)">Conditional</animation>
                <animation effect="slide" end="19" condition="IntegerGreaterThan(Control.GetLabel(401),46)">Conditional</animation>
                <animation effect="slide" end="19" condition="IntegerGreaterThan(Control.GetLabel(401),47)">Conditional</animation>
                <animation effect="slide" end="19" condition="IntegerGreaterThan(Control.GetLabel(401),48)">Conditional</animation>
                <animation effect="slide" end="19" condition="IntegerGreaterThan(Control.GetLabel(401),49)">Conditional</animation>
                <animation effect="slide" end="19" condition="IntegerGreaterThan(Control.GetLabel(401),50)">Conditional</animation>
                <animation effect="slide" end="19" condition="IntegerGreaterThan(Control.GetLabel(401),51)">Conditional</animation>
                <animation effect="slide" end="19" condition="IntegerGreaterThan(Control.GetLabel(401),52)">Conditional</animation>
                <animation effect="slide" end="19" condition="IntegerGreaterThan(Control.GetLabel(401),53)">Conditional</animation>
                <animation effect="slide" end="19" condition="IntegerGreaterThan(Control.GetLabel(401),54)">Conditional</animation>
                <animation effect="slide" end="19" condition="IntegerGreaterThan(Control.GetLabel(401),55)">Conditional</animation>
                <animation effect="slide" end="19" condition="IntegerGreaterThan(Control.GetLabel(401),56)">Conditional</animation>
                <animation effect="slide" end="19" condition="IntegerGreaterThan(Control.GetLabel(401),57)">Conditional</animation>
                <animation effect="slide" end="19" condition="IntegerGreaterThan(Control.GetLabel(401),58)">Conditional</animation>
                <animation effect="slide" end="19" condition="IntegerGreaterThan(Control.GetLabel(401),59)">Conditional</animation>
                <animation effect="slide" end="19" condition="IntegerGreaterThan(Control.GetLabel(401),60)">Conditional</animation>
                <animation effect="slide" end="19" condition="IntegerGreaterThan(Control.GetLabel(401),61)">Conditional</animation>
                <animation effect="slide" end="19" condition="IntegerGreaterThan(Control.GetLabel(401),62)">Conditional</animation>
                <animation effect="slide" end="19" condition="IntegerGreaterThan(Control.GetLabel(401),63)">Conditional</animation>
                <animation effect="slide" end="19" condition="IntegerGreaterThan(Control.GetLabel(401),64)">Conditional</animation>
                <animation effect="slide" end="19" condition="IntegerGreaterThan(Control.GetLabel(401),65)">Conditional</animation>
                <animation effect="slide" end="19" condition="IntegerGreaterThan(Control.GetLabel(401),66)">Conditional</animation>
                <animation effect="slide" end="19" condition="IntegerGreaterThan(Control.GetLabel(401),67)">Conditional</animation>
                <animation effect="slide" end="19" condition="IntegerGreaterThan(Control.GetLabel(401),68)">Conditional</animation>
                <animation effect="slide" end="19" condition="IntegerGreaterThan(Control.GetLabel(401),69)">Conditional</animation>
                <animation effect="slide" end="19" condition="IntegerGreaterThan(Control.GetLabel(401),70)">Conditional</animation>
                <animation effect="slide" end="19" condition="IntegerGreaterThan(Control.GetLabel(401),71)">Conditional</animation>
                <animation effect="slide" end="19" condition="IntegerGreaterThan(Control.GetLabel(401),72)">Conditional</animation>
                <animation effect="slide" end="19" condition="IntegerGreaterThan(Control.GetLabel(401),73)">Conditional</animation>
                <animation effect="slide" end="19" condition="IntegerGreaterThan(Control.GetLabel(401),74)">Conditional</animation>
                <animation effect="slide" end="19" condition="IntegerGreaterThan(Control.GetLabel(401),75)">Conditional</animation>
                <animation effect="slide" end="19" condition="IntegerGreaterThan(Control.GetLabel(401),76)">Conditional</animation>
                <animation effect="slide" end="19" condition="IntegerGreaterThan(Control.GetLabel(401),77)">Conditional</animation>
                <animation effect="slide" end="19" condition="IntegerGreaterThan(Control.GetLabel(401),78)">Conditional</animation>
                <animation effect="slide" end="19" condition="IntegerGreaterThan(Control.GetLabel(401),79)">Conditional</animation>
                <animation effect="slide" end="19" condition="IntegerGreaterThan(Control.GetLabel(401),80)">Conditional</animation>
                <animation effect="slide" end="19" condition="IntegerGreaterThan(Control.GetLabel(401),81)">Conditional</animation>
                <animation effect="slide" end="19" condition="IntegerGreaterThan(Control.GetLabel(401),82)">Conditional</animation>
                <animation effect="slide" end="19" condition="IntegerGreaterThan(Control.GetLabel(401),83)">Conditional</animation>
                <animation effect="slide" end="19" condition="IntegerGreaterThan(Control.GetLabel(401),84)">Conditional</animation>
                <animation effect="slide" end="19" condition="IntegerGreaterThan(Control.GetLabel(401),85)">Conditional</animation>
                <animation effect="slide" end="19" condition="IntegerGreaterThan(Control.GetLabel(401),86)">Conditional</animation>
                <animation effect="slide" end="19" condition="IntegerGreaterThan(Control.GetLabel(401),87)">Conditional</animation>
                <animation effect="slide" end="19" condition="IntegerGreaterThan(Control.GetLabel(401),88)">Conditional</animation>
                <animation effect="slide" end="19" condition="IntegerGreaterThan(Control.GetLabel(401),89)">Conditional</animation>
                <animation effect="slide" end="19" condition="IntegerGreaterThan(Control.GetLabel(401),90)">Conditional</animation>
                <animation effect="slide" end="19" condition="IntegerGreaterThan(Control.GetLabel(401),91)">Conditional</animation>
                <animation effect="slide" end="19" condition="IntegerGreaterThan(Control.GetLabel(401),92)">Conditional</animation>
                <left>20</left>
                <bottom>16</bottom>
                <height>64</height>
                <width>140</width>
                <control type="image">
                    <width>100%</width>
                    <height>100%</height>
<!-- Modification Texture -->                    
                    <texture colordiffuse="$VAR[HighlightColor]">common/bubble.png</texture>
                </control>
                <control type="label">
                    <left>0</left>
                    <right>0</right>
                    <label>$VAR[Label_SeekStep]</label>
                    <height>30</height>
                    <top>8</top>
                    <align>center</align>
                    <font>Font-ListInfo-Small-Bold</font>
<!-- Modification Textcolor -->                    
                    <textcolor>Selected</textcolor>
                </control>
                <visible>Player.Seeking | Player.DisplayAfterSeek | Player.Forwarding | Player.Rewinding</visible>
                <include>Animation_FadeIn</include>
                <animation effect="fade" start="100" end="0" time="200" delay="0">Hidden</animation>
            </control>
               
        </control>
    </controls>

</window>