<?xml version="1.0" encoding="UTF-8"?>
<includes>

    <variable name="DefEpisodesFlags">
                <value condition="IsEmpty(Skin.String(episodesflags))">$INFO[ListItem.Property(TotalEpisodes)] [UPPERCASE]$LOCALIZE[31723][/UPPERCASE]</value>
		 <value condition="StringCompare(Skin.String(episodesflags),$LOCALIZE[31720])">$INFO[ListItem.Property(TotalEpisodes)] [UPPERCASE]$LOCALIZE[31723][/UPPERCASE]</value>
		 <value condition="StringCompare(Skin.String(episodesflags),$LOCALIZE[31721])">$INFO[ListItem.Property(UnwatchedEpisodes)] [UPPERCASE]$LOCALIZE[31724][/UPPERCASE]</value>
		 <value condition="StringCompare(Skin.String(episodesflags),$LOCALIZE[31722])">$INFO[ListItem.Property(WatchedEpisodes)] [UPPERCASE]$LOCALIZE[31725][/UPPERCASE]</value>
    </variable>

    <!-- Time Limit -->
    <include name="TimeLimit1"><visible>[System.IdleTime(1) + Skin.HasSetting(furniture.overlayinfo)] | Control.HasFocus(9601)</visible></include>
    <include name="TimeLimit2"><visible>[System.IdleTime(2) + Skin.HasSetting(furniture.overlayinfo)] | Control.HasFocus(9601)</visible></include>
    <include name="TimeLimit3"><visible>[System.IdleTime(3) + Skin.HasSetting(furniture.overlayinfo)] | Control.HasFocus(9601)</visible></include> 
    <include name="TimeLimit4"><visible>[System.IdleTime(4) + Skin.HasSetting(furniture.overlayinfo)] | Control.HasFocus(9601)</visible></include> 
    <include name="TimeLimit5"><visible>[System.IdleTime(5) + Skin.HasSetting(furniture.overlayinfo)] | Control.HasFocus(9601)</visible></include> 
    <include name="TimeLimit6"><visible>[System.IdleTime(6) + Skin.HasSetting(furniture.overlayinfo)] | Control.HasFocus(9601)</visible></include> 
    <include name="TimeLimit7"><visible>[System.IdleTime(7) + Skin.HasSetting(furniture.overlayinfo)] | Control.HasFocus(9601)</visible></include> 
    <include name="TimeLimit8"><visible>[System.IdleTime(8) + Skin.HasSetting(furniture.overlayinfo)] | Control.HasFocus(9601)</visible></include> 
    <include name="TimeLimit9"><visible>[System.IdleTime(9) + Skin.HasSetting(furniture.overlayinfo)] | Control.HasFocus(9601)</visible></include> 
    <include name="TimeLimit10"><visible>[System.IdleTime(10) + Skin.HasSetting(furniture.overlayinfo)] | Control.HasFocus(9601)</visible></include>

<!-- Ajout Variable -->
    <!-- Password Protection -->
	<variable name="passcode">
		<value condition="[IsEmpty(Container(211).ListItem.Property(ParentalControl)) | SubString(Container(211).ListItem.Property(ParentalControl),no)]">$LOCALIZE[106]</value>
		<value>$LOCALIZE[107]</value>
	</variable>
	<variable name="temp_passcode">
		<value condition="!IsEmpty(Skin.String(temp))">$INFO[Skin.String(temp)]</value>
		<value>$INFO[Skin.String(passcode)]</value>
	</variable>
	<variable name="password_time">
		<value condition="!IsEmpty(Skin.String(password_time))">$INFO[Skin.String(password_time)]</value>
		<value>5</value>
	</variable>
	<variable name="password_notification">
		<value condition="StringCompare(Skin.String(mypassword),Skin.String(passcode))">$LOCALIZE[31697] $VAR[password_time] $LOCALIZE[31698]</value>
		<value>$LOCALIZE[31696]</value>
	</variable>

<!-- Ajout Include -->	
	<include name="DefSubMenu">                 
                <left>150</left>                        
                <right>0</right>
                <top>48</top>
                <height>149</height>
                <onleft>noop</onleft>
                <onright>noop</onright>
                <scrolltime>200</scrolltime>
                <orientation>horizontal</orientation>
                <itemlayout width="354" height="149">
                    <control type="label">
                        <left>side</left>
                        <right>30</right>
                        <height>149</height>
                        <width>240</width>
                        <scroll>yes</scroll>
                        <font>Font-ListInfo-Small</font>
                        <fontcolor>HomeBarFG</fontcolor>
                        <aligny>center</aligny>
                        <label>$INFO[ListItem.Label]</label>
                        <visible>!Skin.HasSetting(home.hidesubmenusicons)</visible>
                    </control>
                    <control type="label">
                        <left>side</left>
                        <right>side</right>
                        <height>149</height>
                        <scroll>yes</scroll>
                        <font>Font-ListInfo-Small</font>
                        <fontcolor>HomeBarFG</fontcolor>
                        <align>center</align>
                        <aligny>center</aligny>
                        <label>$INFO[ListItem.Label]</label>
                        <visible>Skin.HasSetting(home.hidesubmenusicons)</visible>
                    </control>
                    <control type="image"> 
                        <height>100</height>
                        <width>100</width>
                        <right>0</right>
                        <centertop>50%</centertop>
                        <texture colordiffuse="ListLabel">$PARAM[icon]</texture>
                        <visible>!Skin.HasSetting(home.hidesubmenusicons)</visible>
                    </control>
                </itemlayout>
                <focusedlayout width="354" height="149">
                    <control type="image">
                        <width>354</width> 
                        <height>149</height>
                        <texture colordiffuse="$VAR[HighlightColor]">common/white.png</texture>
                    </control>
                    <control type="label">
                        <left>side</left>
                        <right>30</right>
                        <height>149</height>
                        <width>240</width>
                        <scroll>yes</scroll>
                        <textcolor>Selected</textcolor>
                        <font>Font-ListInfo-Small</font>
                        <aligny>center</aligny>
                        <label>$INFO[ListItem.Label]</label>
                        <visible>!Skin.HasSetting(home.hidesubmenusicons)</visible>
                    </control>
                    <control type="label">
                        <left>side</left>
                        <right>side</right>
                        <height>149</height>
                        <scroll>yes</scroll>
                        <textcolor>Selected</textcolor>
                        <font>Font-ListInfo-Small</font>
                        <aligny>center</aligny>
                        <align>center</align>
                        <label>$INFO[ListItem.Label]</label>
                        <visible>Skin.HasSetting(home.hidesubmenusicons)</visible>
                    </control>
                    <control type="image"> 
                        <height>100</height>
                        <width>100</width>
                        <right>0</right>
                        <centertop>50%</centertop>
                        <texture colordiffuse="Selected">$PARAM[icon]</texture>
                        <visible>!Skin.HasSetting(home.hidesubmenusicons)</visible>
                    </control>
                </focusedlayout>
    </include>
    
    <include name="DefSubMenu_Small">                 
                <left>110</left>                        
                <right>50</right>
                <top>0</top>
                <height>60</height>
                <onleft>noop</onleft>
                <onright>noop</onright>
                <scrolltime>200</scrolltime>
                <orientation>horizontal</orientation>
                <itemlayout width="352" height="60">
                    <control type="label">
                        <left>side</left>
                        <right>30</right>
                        <height>60</height>
                        <width>240</width>
                        <scroll>yes</scroll>
                        <font>Font-ListInfo-Small</font>
                        <fontcolor>HomeBarFG</fontcolor>
                        <aligny>center</aligny>
                        <label>$INFO[ListItem.Label]</label>
                        <visible>!Skin.HasSetting(home.hidesubmenusicons)</visible>
                    </control>
                    <control type="label">
                        <left>side</left>
                        <right>side</right>
                        <height>60</height>
                        <scroll>yes</scroll>
                        <font>Font-ListInfo-Small</font>
                        <fontcolor>HomeBarFG</fontcolor>
                        <align>center</align>
                        <aligny>center</aligny>
                        <label>$INFO[ListItem.Label]</label>
                        <visible>Skin.HasSetting(home.hidesubmenusicons)</visible>
                    </control>
                    <control type="image"> 
                        <height>60</height>
                        <width>60</width>
                        <right>0</right>
                        <centertop>50%</centertop>
                        <texture colordiffuse="ListLabel">$PARAM[icon]</texture>
                        <visible>!Skin.HasSetting(home.hidesubmenusicons)</visible>
                    </control>
                </itemlayout>
                <focusedlayout width="352" height="60">
                    <control type="image">
                        <width>352</width> 
                        <height>60</height>
                        <texture colordiffuse="$VAR[HighlightColor]">common/white.png</texture>
                    </control>
                    <control type="label">
                        <left>side</left>
                        <right>30</right>
                        <height>60</height>
                        <width>240</width>
                        <scroll>yes</scroll>
                        <textcolor>Selected</textcolor>
                        <font>Font-ListInfo-Small</font>
                        <aligny>center</aligny>
                        <label>$INFO[ListItem.Label]</label>
                        <visible>!Skin.HasSetting(home.hidesubmenusicons)</visible>
                    </control>
                    <control type="label">
                        <left>side</left>
                        <right>side</right>
                        <height>60</height>
                        <scroll>yes</scroll>
                        <textcolor>Selected</textcolor>
                        <font>Font-ListInfo-Small</font>
                        <aligny>center</aligny>
                        <align>center</align>
                        <label>$INFO[ListItem.Label]</label>
                        <visible>Skin.HasSetting(home.hidesubmenusicons)</visible>
                    </control>
                    <control type="image"> 
                        <height>60</height>
                        <width>60</width>
                        <right>0</right>
                        <centertop>50%</centertop>
                        <texture colordiffuse="Selected">$PARAM[icon]</texture>
                        <visible>!Skin.HasSetting(home.hidesubmenusicons)</visible>
                    </control>
                </focusedlayout>
    </include>

<!-- Ajout Include -->
    <include name="DefCdArtContainer">
        <top>45</top>
        <left>150</left>
        <width>1184</width>
        <height>990</height>
        <preloaditems>2</preloaditems>
        <pagecontrol>60</pagecontrol>
        <orientation>vertical</orientation>
        <scrolltime tween="quadratic">400</scrolltime>
        <itemlayout height="330" width="296">
            <control type="image">
                <left>10</left>
                <top>10</top>
                <right>10</right>
                <bottom>10</bottom>
                <texture border="5" colordiffuse="PosterBorder">common/white.png</texture>
            </control>
            <control type="label">
                <left>20</left>
                <right>20</right>
                <bottom>10</bottom>
                <height>50</height>
                <aligny>center</aligny>
                <align>center</align>
                <font>Tiny</font>
                <label>$INFO[ListItem.Label]</label>
                <textcolor>ListLabel</textcolor>
                <visible>!IsEmpty(ListItem.Label)</visible>
            </control>
            <control type="image">
                <left>20</left>
                <top>20</top>
                <right>20</right>
                <height>256</height>
                <aspectratio scalediffuse="false">scale</aspectratio>
                <texture colordiffuse="PosterBorder">common/white.png</texture>
            </control>
            <control type="image">
                <left>20</left>
                <top>20</top>
                <right>20</right>
                <height>256</height>
                <aspectratio scalediffuse="false" align="center" aligny="center">keep</aspectratio>
                <texture background="true">$INFO[ListItem.Art(thumb)]</texture>
            </control>
        </itemlayout>
        <focusedlayout height="330" width="296">
            <control type="image">
                <left>10</left>
                <top>10</top>
                <right>10</right>
                <bottom>10</bottom>
                <texture border="5" colordiffuse="$VAR[HighlightColor]">common/white.png</texture>
            </control>
            <control type="label">
                <left>20</left>
                <right>20</right>
                <bottom>10</bottom>
                <height>50</height>
                <aligny>center</aligny>
                <align>center</align>
                <font>Tiny</font>
                <label>$INFO[ListItem.Label]</label>
                <selectedcolor>Selected</selectedcolor>
                <textcolor>Selected</textcolor>
                <visible>!IsEmpty(ListItem.Label)</visible>
            </control>
            <control type="image">
                <left>20</left>
                <top>20</top>
                <right>20</right>
                <height>256</height>
                <aspectratio scalediffuse="false">scale</aspectratio>
                <texture colordiffuse="PosterBorder">common/white.png</texture>
            </control>
            <control type="image">
                <left>20</left>
                <top>20</top>
                <right>20</right>
                <height>256</height>
                <aspectratio scalediffuse="false" align="center" aligny="center">keep</aspectratio>
                <texture background="true">$INFO[ListItem.Art(thumb)]</texture>
            </control>
        </focusedlayout>
    </include>

<!-- Ajout Include -->  
<include name="DefExtendedInfoItemContent">
        <control type="image">
            <left>5</left>
            <top>5</top>
            <right>5</right>
            <bottom>105</bottom>
            <texture colordiffuse="PosterBorder">common/white.png</texture>
        </control>
        <control type="image">
            <left>10</left>
            <top>10</top>
            <right>10</right>
            <bottom>110</bottom>
            <aspectratio scalediffuse="false">scale</aspectratio>  
            <texture diffuse="common/white.png" background="true" fallback="DefaultPicture.png">$INFO[ListItem.Icon]</texture>
        </control>     
        <control type="image">
            <left>5</left>
            <right>5</right>
            <bottom>0</bottom>
            <height>86</height>
            <texture colordiffuse="PosterBorder">common/white.png</texture>
        </control>
        <control type="textbox">
            <left>20</left>
            <right>20</right>
            <centerbottom>44</centerbottom>
            <height>86</height>
            <autoscroll>false</autoscroll>
            <font>Font-ListInfo</font>
            <textcolor>ListLabel</textcolor>
            <label>$INFO[ListItem.Label]</label>
            <aligny>center</aligny>
            <align>center</align>
        </control>
    </include>

<!-- Ajout Include -->    
    <include name="DefExtendedInfoFocusContent">
        <control type="image">
            <left>5</left>
            <top>5</top>
            <right>5</right>
            <bottom>105</bottom>
            <texture colordiffuse="PosterBorder">common/white.png</texture>
        </control>
        <control type="image">
            <left>10</left>
            <top>10</top>
            <right>10</right>
            <bottom>110</bottom>
            <aspectratio scalediffuse="false">scale</aspectratio>        
            <texture diffuse="common/white.png" background="true" fallback="DefaultPicture.png">$INFO[ListItem.Icon]</texture>
        </control>
        <control type="group">
            <control type="image">
                <left>5</left>
                <right>5</right>
                <bottom>0</bottom>
                <height>86</height>
                <texture colordiffuse="$VAR[HighlightColor]">common/white.png</texture>
            </control>
            <control type="textbox">
                <left>20</left>
                <right>20</right>
                <centerbottom>44</centerbottom>
                <height>86</height>
                <autoscroll>false</autoscroll>
                <font>Font-ListInfo</font>
                <textcolor>Selected</textcolor>
                <label>$INFO[ListItem.Label]</label>
                <aligny>center</aligny>
                <align>center</align>
            </control>
        </control>
    </include>

    <variable name="Defs_SpinnerTexture">
        <value condition="!IsEmpty(Skin.String(SkinHelper.SpinnerTexturePath)) + !IsEmpty(Skin.String(SkinHelper.SpinnerTexture)) + !StringCompare(Skin.String(SkinHelper.SpinnerTexturePath),None)">$INFO[Skin.String(SkinHelper.SpinnerTexturePath)]</value>
        <value>special://skin/extras/busy_spinners/Default</value>
    </variable>
    <include name="Defs_OptionButton">
        <width>364</width>
        <height>69</height>
        <textcolor>ListLabel</textcolor>
        <alttextcolor>Selected</alttextcolor>
        <selectedcolor>Selected</selectedcolor>
        <focusedcolor>Selected</focusedcolor>
        <font>Font-ListInfo-Small</font>
        <aligny>center</aligny>
        <textoffsetx>side</textoffsetx>
        <radioposx>320</radioposx>
        <texturenofocus colordiffuse="PosterBorder">common/white.png</texturenofocus>
        <texturefocus colordiffuse="$VAR[HighlightColor]">common/white.png</texturefocus>
        <alttexturenofocus colordiffuse="PosterBorder">common/white.png</alttexturenofocus>
        <alttexturefocus colordiffuse="$VAR[HighlightColor]">common/white.png</alttexturefocus>
    </include>
        <include name="Defs_OptionRadioButton">
        <width>364</width>
        <height>69</height>
        <textcolor>ListLabel</textcolor>
        <alttextcolor>Selected</alttextcolor>
        <selectedcolor>Selected</selectedcolor>
        <focusedcolor>Selected</focusedcolor>
        <font>Font-ListInfo-Small</font>
        <aligny>center</aligny>
        <textwidth>310</textwidth>
        <scroll>yes</scroll>
        <textoffsetx>side</textoffsetx>
        <radioposx>332</radioposx>
        <texturenofocus colordiffuse="PosterBorder">common/white.png</texturenofocus>
        <texturefocus colordiffuse="$VAR[HighlightColor]">common/white.png</texturefocus>
        <alttexturenofocus colordiffuse="PosterBorder">common/white.png</alttexturenofocus>
        <alttexturefocus colordiffuse="$VAR[HighlightColor]">common/white.png</alttexturefocus>
    </include>
    <include name="Defs_OSDButton">
        <width>230</width>
        <height>48</height>
        <textcolor>ListLabel</textcolor>
        <selectedcolor>$VAR[HighlightColor]</selectedcolor>
        <focusedcolor>$VAR[HighlightColor]</focusedcolor>
        <font>Font-OSD</font>
        <aligny>center</aligny>
        <align>center</align>
        <textoffsetx>side</textoffsetx>
        <texturenofocus>noop</texturenofocus>
        <texturefocus>noop</texturefocus>
        <alttexturenofocus>noop</alttexturenofocus>
        <alttexturefocus>noop</alttexturefocus>
    </include>
    <include name="Defs_KeyboardButton">
        <width>120</width>
        <height>70</height>
        <textcolor>ListLabel</textcolor>
        <selectedcolor>Selected</selectedcolor>
        <focusedcolor>Selected</focusedcolor>
        <font>Font-ListInfo-Small</font>
        <aligny>center</aligny>
        <textoffsetx>side</textoffsetx>
        <radioposx>320</radioposx>
        <texturenofocus colordiffuse="PosterBorder">common/white.png</texturenofocus>
        <texturefocus colordiffuse="$VAR[HighlightColor]">common/white.png</texturefocus>
        <alttexturenofocus colordiffuse="PosterBorder">common/white.png</alttexturenofocus>
        <alttexturefocus colordiffuse="$VAR[HighlightColor]">common/white.png</alttexturefocus>
    </include>
    <variable name="Defs_Hub_Widget">
        <value condition="!IsEmpty(Container(9501).ListItem.Property(widgetPath))">$INFO[Container(9501).ListItem.Property(widgetPath)]</value>
        <value condition="!IsEmpty(Container(9501).ListItem.Property(hubImage))">$INFO[Container(9501).ListItem.Property(hubImage)]</value>
        <value condition="Window.IsVisible(1101) + !IsEmpty(Skin.String(Widget.1101))">$INFO[Skin.String(Widget.1101)]</value>
        <value condition="Window.IsVisible(1102) + !IsEmpty(Skin.String(Widget.1102))">$INFO[Skin.String(Widget.1102)]</value>
        <value condition="Window.IsVisible(1103) + !IsEmpty(Skin.String(Widget.1103))">$INFO[Skin.String(Widget.1103)]</value>
        <value condition="Window.IsVisible(1104) + !IsEmpty(Skin.String(Widget.1104))">$INFO[Skin.String(Widget.1104)]</value>
        <value condition="Window.IsVisible(1105) + !IsEmpty(Skin.String(Widget.1105))">$INFO[Skin.String(Widget.1105)]</value>
        <value condition="Window.IsVisible(1106) + !IsEmpty(Skin.String(Widget.1106))">$INFO[Skin.String(Widget.1106)]</value>
        <value condition="Window.IsVisible(1107) + !IsEmpty(Skin.String(Widget.1107))">$INFO[Skin.String(Widget.1107)]</value>
        <value condition="Window.IsVisible(1108) + !IsEmpty(Skin.String(Widget.1108))">$INFO[Skin.String(Widget.1108)]</value>
        <value condition="Window.IsVisible(1109) + !IsEmpty(Skin.String(Widget.1109))">$INFO[Skin.String(Widget.1109)]</value>
        <value condition="Window.IsVisible(1110) + !IsEmpty(Skin.String(Widget.1110))">$INFO[Skin.String(Widget.1110)]</value>
        <value condition="Window.IsVisible(1111) + !IsEmpty(Skin.String(Widget.1111))">$INFO[Skin.String(Widget.1111)]</value>
        <value condition="Window.IsVisible(1112) + !IsEmpty(Skin.String(Widget.1112))">$INFO[Skin.String(Widget.1112)]</value>
        <value condition="Window.IsVisible(1113) + !IsEmpty(Skin.String(Widget.1113))">$INFO[Skin.String(Widget.1113)]</value>
        <value condition="Window.IsVisible(1114) + !IsEmpty(Skin.String(Widget.1114))">$INFO[Skin.String(Widget.1114)]</value>
        <value condition="Window.IsVisible(1115) + !IsEmpty(Skin.String(Widget.1115))">$INFO[Skin.String(Widget.1115)]</value>
        <value condition="Window.IsVisible(1102)">special://skin/extras/playlists/RandomEpisodes.xsp</value>
        <value>special://skin/extras/playlists/RandomMovies.xsp</value>
    </variable>
    <variable name="Defs_HomeTileColor">
        <value condition="Skin.HasSetting(home.tilecolor) + !IsEmpty(Container(9000).ListItem.Property(tilecolor))">$INFO[Container(9000).ListItem.Property(tilecolor)]</value>
        <value condition="Skin.HasSetting(home.tilecolor) + !IsEmpty(Container(211).ListItem.Property(tilecolor))">$INFO[Container(211).ListItem.Property(tilecolor)]</value>
        <value>$VAR[HighlightColor]</value>
    </variable>
<!-- Ajout Variable -->    
    <variable name="Defs_HomeTextColor">
        <value condition="!IsEmpty(Container(9000).ListItem.Property(textcolor)) + Skin.HasSetting(home.textcolor)">$INFO[Container(9000).ListItem.Property(textcolor)]</value>
        <value condition="IsEmpty(Skin.String(TextColor))">HomeBarFG</value>
        <value>$INFO[Skin.String(TextColor)]</value>
    </variable>

    <include name="Defs_Shortcuts_SetHub">
        <control type="button" id="$PARAM[buttonid2]" description="Set HUB WIDGET">
            <width>100%</width>
            <label>31097</label>
            <label2>$INFO[Skin.String(Widget.$PARAM[hubid].Label)]</label2>
            <visible>stringcompare(Window.Property(groupname),mainmenu)</visible>
            <visible>stringcompare(Container(211).ListItem.Label2,Hub $PARAM[hubid]) | stringcompare(Container(211).ListItem.Property(Path),ActivateWindow($PARAM[hubid]))</visible>
            <include>Defs_OptionButton</include>
            <onclick>RunScript(script.skinshortcuts,type=shortcuts&amp;grouping=widget&amp;skinList=Widget.$PARAM[hubid]&amp;skinLabel=Widget.$PARAM[hubid].Label)</onclick>
        </control>
        <control type="button" id="$PARAM[buttonid1]" description="Set HUB">
            <width>100%</width>
            <label>31096</label>
            <visible>stringcompare(Window.Property(groupname),mainmenu)</visible>
            <include>Defs_OptionButton</include>
            <visible>stringcompare(Container(211).ListItem.Label2,Hub $PARAM[hubid]) | stringcompare(Container(211).ListItem.Property(Path),ActivateWindow($PARAM[hubid]))</visible>
            <onclick>RunScript(script.skinshortcuts,type=manage&amp;group=x$PARAM[hubid])</onclick>
        </control>
    </include>
    <variable name="Defs_HomeWidget_Content">
        <value condition="Player.HasVideo + Skin.HasSetting(background.showvideo)">noop</value>
        <value condition="StringCompare(Container(9000).ListItem.Property(widget),Weather) + !IsEmpty(Skin.String(weather.fanart.path))">$INFO[Skin.String(weather.fanart.path)]$INFO[Window(Weather).Property(Current.FanartCode)]/</value>
        <value condition="!IsEmpty(Container(9000).ListItem.Property(widgetPath)) + !Skin.HasSetting(widgets.persistent)">$INFO[Container(9000).ListItem.Property(widgetPath)]</value>
        <value condition="!IsEmpty(Container(9000).ListItem.Property(Background))">noop</value>
        <value condition="StringCompare(Skin.String(home.fallbackwidget),Weather) + !IsEmpty(Skin.String(weather.fanart.path))">$INFO[Skin.String(weather.fanart.path)]$INFO[Window(Weather).Property(Current.FanartCode)]/</value>
        <value condition="!IsEmpty(Skin.String(home.fallbackwidget))">$INFO[Skin.String(home.fallbackwidget)]</value>
        <value>special://skin/extras/playlists/RandomMovies.xsp</value>
    </variable>
    <variable name="Defs_Widget_Label">
        <value condition="StringCompare(Window.Property(groupname),mainmenu)">Widget</value>
        <value condition="SubString(Window.Property(groupname),x11,Left)">$LOCALIZE[31097]</value>    
    </variable>
    <variable name="Defs_Widget_Label2">
        <value condition="StringCompare(Window.Property(groupname),mainmenu)">$VAR[Label_ShortcutsWidget]</value>
        <value condition="SubString(Window.Property(groupname),x11,Left)">$INFO[Container(211).ListItem.Property(widgetName)]</value>
    </variable>
</includes>