<?xml version="1.0" encoding="UTF-8"?>
<window>
    <backgroundcolor>Background</backgroundcolor>
    <menucontrol>9000</menucontrol>
    <onload>SetFocus(50)</onload>
    <onload>SetFocus(6)</onload>
    <controls>

        <!-- Background -->
        <include>Furniture_Background</include>
        <include>Furniture_RSS</include
        <include>Furniture_TopBar</include>
            
        <!-- Main group -->
        <control type="group">

            <!-- Left group -->
            <control type="group">
                <left>side</left>
                <width>930</width>
                <top>top</top>
                <include>Animation_Hub</include>

                <include content="Dialog_FileManager_List">
                    <param name="width" value="930" />
                    <param name="labelwidth" value="930" />
                    <param name="id" value="50" />
                    <param name="onleft" value="9000" />
                    <param name="onright" value="100" />
                    <param name="pathid" value="12" />
                    <param name="numitemsvisible" value="false" />
                </include>

            </control>

            <!-- Right group -->
            <control type="group">
                <right>side</right>
                <width>930</width>
                <top>top</top>
                <include>Animation_Common</include>

                <include content="Dialog_FileManager_List">
                    <param name="width" value="930" />
                    <param name="labelwidth" value="930" />
                    <param name="id" value="100" />
                    <param name="onleft" value="50" />
                    <param name="onright" value="9000" />
                    <param name="pathid" value="101" />
                    <param name="numitemsvisible" value="false" />
                </include>
            </control>

        </control>

        

        <!-- Menu -->
        <control type="group">
            <visible allowhiddenfocus="true">ControlGroup(9000).HasFocus()</visible>
            <include>Dialog_Top</include>
            <include>Dialog_Background</include>
            <include content="Dialog_Top_IconHeader">
                <param name="label" value="$LOCALIZE[31068]" />
                <param name="icon" value="special://skin/extras/icons/settings.png" />
            </include>
            <include content="Dialog_Top_Arrows">
                <param name="id" value="9000" />
            </include>

            <control type="grouplist" id="9000">
                <include>Dialog_Top_GroupList</include>
                <!-- Open -->
                <control type="button" id="6">
                    <include>Defs_OptionButton</include>
                    <label>502</label>
                    <visible>Control.IsEnabled(6)</visible>
                </control>
                <!-- Save -->
                <control type="button" id="7">
                    <include>Defs_OptionButton</include>
                    <label>190</label>
                    <visible>Control.IsEnabled(7)</visible>
                </control>
                <!-- Clear -->
                <control type="button" id="8">
                    <include>Defs_OptionButton</include>
                    <label>192</label>
                    <visible>Control.IsEnabled(8)</visible>
                </control>
            </control>
        </control>


    </controls>

</window>
