<?xml version="1.0" encoding="UTF-8"?>
<window>
    <backgroundcolor>Background</backgroundcolor>
    <menucontrol>9000</menucontrol>
    <defaultcontrol always="true">50</defaultcontrol>
    <views>50,57,58</views>
    <onunload>SetProperty(NodeReturn,videos,home)</onunload>
    <onunload>SetProperty(NodeReturn,music,home)</onunload>
    <onunload>SetProperty(HubReturn,$INFO[Container.FolderPath],home)</onunload>
    <controls>
        <!-- Background -->
        <include>Furniture_Background</include>
        <include>Furniture_RSS</include>
        <include>Furniture_TopBar</include>

        <!-- Main group -->
        <control type="group">
            <include>Animation_Common</include>
            <include condition="Window.IsActive(videoplaylist)">Viewtype_List</include>
            <include condition="Window.IsActive(musicplaylist)">Viewtype_SquareList</include>
            <include>Viewtype_BigList</include>
            <include>Viewtype_PanelList</include>
        </control>

        

        <!-- Menu -->
        <control type="group">
            <visible allowhiddenfocus="true">ControlGroup(9000).HasFocus()</visible>
            <include>Dialog_Top</include>
            <include>Dialog_Background</include>
            <include content="Dialog_Top_IconHeader">
                <param name="label" value="$LOCALIZE[31068]" />
                <param name="icon" value="special://skin/extras/icons/settings.png" />
            </include>
            <include content="Dialog_Top_Arrows">
                <param name="id" value="9000" />
            </include>

            <control type="grouplist" id="9000">
                <include>Dialog_Top_GroupList</include>
                <defaultcontrol always="true">3</defaultcontrol>
                <include>Object_BasicViewList</include>
                <!-- Shuffle -->
                <control type="radiobutton" id="20">
                    <include>Defs_OptionButton</include>
                    <label>191</label>
                    <visible>Control.IsEnabled(20)</visible>
                </control>
                <!-- Repeat -->
                <control type="button" id="26">
                    <include>Defs_OptionButton</include>
                    <visible>Control.IsEnabled(26)</visible>
                </control>
                <!-- Save -->
                <control type="button" id="21">
                    <include>Defs_OptionButton</include>
                    <label>190</label>
                    <visible>Control.IsEnabled(21)</visible>
                </control>
                <!-- Clear -->
                <control type="button" id="22">
                    <include>Defs_OptionButton</include>
                    <label>192</label>
                    <onclick condition="Window.IsActive(musicplaylist)">ReplaceWindow(music)</onclick>
		    <onclick condition="Window.IsActive(videoplaylist)">ReplaceWindow(Videos)</onclick>
                    <visible>Control.IsEnabled(22)</visible>
                </control>
            </control>
        </control>
    </controls>

</window>